timestamp,date,source,airline,origin,destination,route,route_weight,departure_date,booking_window,fare_class,base_fare,taxes,airport_charges,convenience_fee,total_fare,currency,availability_status,is_spike
2026-08-03T10:30:00,2026-08-03,Airline Direct,IndiGo,DEL,BOM,DEL-BOM,0.182,2026-08-04,T+1,Economy,9350.0,1690.0,810.0,300.0,12150.0,INR,Available,False
2026-08-03T10:30:00,2026-08-03,Airline Direct,IndiGo,DEL,BOM,DEL-BOM,0.182,2026-08-10,T+7,Economy,7050.0,1250.0,620.0,300.0,9220.0,INR,Available,False
2026-08-03T10:30:00,2026-08-03,Airline Direct,IndiGo,DEL,BOM,DEL-BOM,0.182,2026-08-18,T+15,Economy,6100.0,1180.0,540.0,300.0,8120.0,INR,Available,False
2026-08-03T10:30:00,2026-08-03,Airline Direct,IndiGo,DEL,BOM,DEL-BOM,0.182,2026-09-02,T+30,Economy,5440.0,1120.0,570.0,300.0,7430.0,INR,Available,False
2026-08-03T10:30:00,2026-08-03,Airline Direct,IndiGo,DEL,BOM,DEL-BOM,0.182,2026-09-17,T+45,Economy,4730.0,880.0,460.0,300.0,6370.0,INR,Available,False
2026-08-03T10:30:00,2026-08-03,Airline Direct,Air India,DEL,BOM,DEL-BOM,0.182,2026-08-04,T+1,Economy,9740.0,1720.0,860.0,250.0,12570.0,INR,Available,False
2026-08-03T10:30:00,2026-08-03,Airline Direct,Air India,DEL,BOM,DEL-BOM,0.182,2026-08-10,T+7,Economy,7380.0,1320.0,680.0,250.0,9630.0,INR,Available,False
2026-08-03T10:30:00,2026-08-03,Airline Direct,Air India,DEL,BOM,DEL-BOM,0.182,2026-08-18,T+15,Economy,6590.0,1220.0,660.0,250.0,8720.0,INR,Available,False
2026-08-03T10:30:00,2026-08-03,Airline Direct,Air India,DEL,BOM,DEL-BOM,0.182,2026-09-02,T+30,Economy,5680.0,1100.0,510.0,250.0,7540.0,INR,Available,False
2026-08-03T10:30:00,2026-08-03,Airline Direct,Air India,DEL,BOM,DEL-BOM,0.182,2026-09-17,T+45,Economy,4960.0,980.0,460.0,250.0,6650.0,INR,Available,False
2026-08-03T10:30:00,2026-08-03,OTA Aggregator,Air India Express,DEL,BOM,DEL-BOM,0.182,2026-08-04,T+1,Economy,8270.0,1490.0,720.0,250.0,10730.0,INR,Available,False
2026-08-03T10:30:00,2026-08-03,OTA Aggregator,Air India Express,DEL,BOM,DEL-BOM,0.182,2026-08-10,T+7,Economy,6450.0,1210.0,570.0,250.0,8480.0,INR,Available,False
2026-08-03T10:30:00,2026-08-03,OTA Aggregator,Air India Express,DEL,BOM,DEL-BOM,0.182,2026-08-18,T+15,Economy,5510.0,1080.0,520.0,250.0,7360.0,INR,Available,False
2026-08-03T10:30:00,2026-08-03,OTA Aggregator,Air India Express,DEL,BOM,DEL-BOM,0.182,2026-09-02,T+30,Economy,4900.0,960.0,500.0,250.0,6610.0,INR,Available,False
2026-08-03T10:30:00,2026-08-03,OTA Aggregator,Air India Express,DEL,BOM,DEL-BOM,0.182,2026-09-17,T+45,Economy,4480.0,960.0,420.0,250.0,6110.0,INR,Available,False
2026-08-03T10:30:00,2026-08-03,OTA Aggregator,Akasa Air,DEL,BOM,DEL-BOM,0.182,2026-08-04,T+1,Economy,8900.0,1530.0,790.0,250.0,11470.0,INR,Available,False
2026-08-03T10:30:00,2026-08-03,OTA Aggregator,Akasa Air,DEL,BOM,DEL-BOM,0.182,2026-08-10,T+7,Economy,6320.0,1240.0,590.0,250.0,8400.0,INR,Available,False
2026-08-03T10:30:00,2026-08-03,OTA Aggregator,Akasa Air,DEL,BOM,DEL-BOM,0.182,2026-08-18,T+15,Economy,5530.0,1030.0,550.0,250.0,7360.0,INR,Available,False
2026-08-03T10:30:00,2026-08-03,OTA Aggregator,Akasa Air,DEL,BOM,DEL-BOM,0.182,2026-09-02,T+30,Economy,4990.0,910.0,550.0,250.0,6700.0,INR,Available,False
2026-08-03T10:30:00,2026-08-03,OTA Aggregator,Akasa Air,DEL,BOM,DEL-BOM,0.182,2026-09-17,T+45,Economy,4480.0,930.0,430.0,250.0,6090.0,INR,Available,False
2026-08-03T10:30:00,2026-08-03,OTA Aggregator,SpiceJet,DEL,BOM,DEL-BOM,0.182,2026-08-04,T+1,Economy,9140.0,1570.0,820.0,300.0,11830.0,INR,Available,False
2026-08-03T10:30:00,2026-08-03,OTA Aggregator,SpiceJet,DEL,BOM,DEL-BOM,0.182,2026-08-10,T+7,Economy,7030.0,1240.0,700.0,300.0,9270.0,INR,Available,False
2026-08-03T10:30:00,2026-08-03,OTA Aggregator,SpiceJet,DEL,BOM,DEL-BOM,0.182,2026-08-18,T+15,Economy,5490.0,990.0,520.0,300.0,7300.0,INR,Available,False
2026-08-03T10:30:00,2026-08-03,OTA Aggregator,SpiceJet,DEL,BOM,DEL-BOM,0.182,2026-09-02,T+30,Economy,5230.0,990.0,540.0,300.0,7060.0,INR,Available,False
2026-08-03T10:30:00,2026-08-03,OTA Aggregator,SpiceJet,DEL,BOM,DEL-BOM,0.182,2026-09-17,T+45,Economy,4770.0,930.0,440.0,300.0,6440.0,INR,Available,False
2026-08-03T10:30:00,2026-08-03,Airline Direct,IndiGo,DEL,BLR,DEL-BLR,0.154,2026-08-04,T+1,Economy,8760.0,1620.0,810.0,300.0,11490.0,INR,Available,False
2026-08-03T10:30:00,2026-08-03,Airline Direct,IndiGo,DEL,BLR,DEL-BLR,0.154,2026-08-10,T+7,Economy,6680.0,1250.0,630.0,300.0,8860.0,INR,Available,False
2026-08-03T10:30:00,2026-08-03,Airline Direct,IndiGo,DEL,BLR,DEL-BLR,0.154,2026-08-18,T+15,Economy,6010.0,1070.0,540.0,300.0,7920.0,INR,Available,False
2026-08-03T10:30:00,2026-08-03,Airline Direct,IndiGo,DEL,BLR,DEL-BLR,0.154,2026-09-02,T+30,Economy,4970.0,940.0,500.0,300.0,6710.0,INR,Available,False
2026-08-03T10:30:00,2026-08-03,Airline Direct,IndiGo,DEL,BLR,DEL-BLR,0.154,2026-09-17,T+45,Economy,4510.0,960.0,440.0,300.0,6210.0,INR,Available,False
2026-08-03T10:30:00,2026-08-03,Airline Direct,Air India,DEL,BLR,DEL-BLR,0.154,2026-08-04,T+1,Economy,9850.0,1690.0,870.0,250.0,12660.0,INR,Available,False
2026-08-03T10:30:00,2026-08-03,Airline Direct,Air India,DEL,BLR,DEL-BLR,0.154,2026-08-10,T+7,Economy,7090.0,1260.0,710.0,250.0,9310.0,INR,Available,False
2026-08-03T10:30:00,2026-08-03,Airline Direct,Air India,DEL,BLR,DEL-BLR,0.154,2026-08-18,T+15,Economy,6260.0,1230.0,630.0,250.0,8370.0,INR,Available,False
2026-08-03T10:30:00,2026-08-03,Airline Direct,Air India,DEL,BLR,DEL-BLR,0.154,2026-09-02,T+30,Economy,5570.0,1020.0,580.0,250.0,7420.0,INR,Available,False
2026-08-03T10:30:00,2026-08-03,Airline Direct,Air India,DEL,BLR,DEL-BLR,0.154,2026-09-17,T+45,Economy,5160.0,1060.0,490.0,250.0,6960.0,INR,Available,False
2026-08-03T10:30:00,2026-08-03,OTA Aggregator,Air India Express,DEL,BLR,DEL-BLR,0.154,2026-08-04,T+1,Economy,8030.0,1420.0,740.0,250.0,10440.0,INR,Available,False
2026-08-03T10:30:00,2026-08-03,OTA Aggregator,Air India Express,DEL,BLR,DEL-BLR,0.154,2026-08-10,T+7,Economy,6220.0,1100.0,600.0,250.0,8170.0,INR,Available,False
2026-08-03T10:30:00,2026-08-03,OTA Aggregator,Air India Express,DEL,BLR,DEL-BLR,0.154,2026-08-18,T+15,Economy,5290.0,1010.0,500.0,250.0,7050.0,INR,Available,False
2026-08-03T10:30:00,2026-08-03,OTA Aggregator,Air India Express,DEL,BLR,DEL-BLR,0.154,2026-09-02,T+30,Economy,4500.0,960.0,440.0,250.0,6150.0,INR,Available,False
2026-08-03T10:30:00,2026-08-03,OTA Aggregator,Air India Express,DEL,BLR,DEL-BLR,0.154,2026-09-17,T+45,Economy,4080.0,830.0,450.0,250.0,5610.0,INR,Available,False
2026-08-03T10:30:00,2026-08-03,OTA Aggregator,Akasa Air,DEL,BLR,DEL-BLR,0.154,2026-08-04,T+1,Economy,8230.0,1450.0,760.0,250.0,10690.0,INR,Available,False
2026-08-03T10:30:00,2026-08-03,OTA Aggregator,Akasa Air,DEL,BLR,DEL-BLR,0.154,2026-08-10,T+7,Economy,6270.0,1150.0,580.0,250.0,8250.0,INR,Available,False
2026-08-03T10:30:00,2026-08-03,OTA Aggregator,Akasa Air,DEL,BLR,DEL-BLR,0.154,2026-08-18,T+15,Economy,5380.0,1040.0,490.0,250.0,7160.0,INR,Available,False
2026-08-03T10:30:00,2026-08-03,OTA Aggregator,Akasa Air,DEL,BLR,DEL-BLR,0.154,2026-09-02,T+30,Economy,4590.0,880.0,510.0,250.0,6230.0,INR,Available,False
2026-08-03T10:30:00,2026-08-03,OTA Aggregator,Akasa Air,DEL,BLR,DEL-BLR,0.154,2026-09-17,T+45,Economy,4200.0,850.0,480.0,250.0,5780.0,INR,Available,False
2026-08-03T10:30:00,2026-08-03,OTA Aggregator,SpiceJet,DEL,BLR,DEL-BLR,0.154,2026-08-04,T+1,Economy,8200.0,1510.0,780.0,300.0,10790.0,INR,Available,False
2026-08-03T10:30:00,2026-08-03,OTA Aggregator,SpiceJet,DEL,BLR,DEL-BLR,0.154,2026-08-10,T+7,Economy,6600.0,1210.0,640.0,300.0,8750.0,INR,Available,False
2026-08-03T10:30:00,2026-08-03,OTA Aggregator,SpiceJet,DEL,BLR,DEL-BLR,0.154,2026-08-18,T+15,Economy,5300.0,1040.0,530.0,300.0,7170.0,INR,Available,False
2026-08-03T10:30:00,2026-08-03,OTA Aggregator,SpiceJet,DEL,BLR,DEL-BLR,0.154,2026-09-02,T+30,Economy,4590.0,840.0,480.0,300.0,6210.0,INR,Available,False
2026-08-03T10:30:00,2026-08-03,OTA Aggregator,SpiceJet,DEL,BLR,DEL-BLR,0.154,2026-09-17,T+45,Economy,4290.0,890.0,390.0,300.0,5870.0,INR,Available,False
2026-08-03T10:30:00,2026-08-03,Airline Direct,IndiGo,BOM,BLR,BOM-BLR,0.127,2026-08-04,T+1,Economy,6950.0,1240.0,680.0,300.0,9170.0,INR,Available,False
2026-08-03T10:30:00,2026-08-03,Airline Direct,IndiGo,BOM,BLR,BOM-BLR,0.127,2026-08-10,T+7,Economy,5680.0,1070.0,600.0,300.0,7650.0,INR,Available,False
2026-08-03T10:30:00,2026-08-03,Airline Direct,IndiGo,BOM,BLR,BOM-BLR,0.127,2026-08-18,T+15,Economy,4760.0,880.0,520.0,300.0,6460.0,INR,Available,False
2026-08-03T10:30:00,2026-08-03,Airline Direct,IndiGo,BOM,BLR,BOM-BLR,0.127,2026-09-02,T+30,Economy,4070.0,880.0,400.0,300.0,5650.0,INR,Available,False
2026-08-03T10:30:00,2026-08-03,Airline Direct,IndiGo,BOM,BLR,BOM-BLR,0.127,2026-09-17,T+45,Economy,4010.0,820.0,420.0,300.0,5550.0,INR,Available,False
2026-08-03T10:30:00,2026-08-03,Airline Direct,Air India,BOM,BLR,BOM-BLR,0.127,2026-08-04,T+1,Economy,8080.0,1410.0,790.0,250.0,10530.0,INR,Available,False
2026-08-03T10:30:00,2026-08-03,Airline Direct,Air India,BOM,BLR,BOM-BLR,0.127,2026-08-10,T+7,Economy,6180.0,1140.0,580.0,250.0,8150.0,INR,Available,False
2026-08-03T10:30:00,2026-08-03,Airline Direct,Air India,BOM,BLR,BOM-BLR,0.127,2026-08-18,T+15,Economy,5360.0,1070.0,570.0,250.0,7250.0,INR,Available,False
2026-08-03T10:30:00,2026-08-03,Airline Direct,Air India,BOM,BLR,BOM-BLR,0.127,2026-09-02,T+30,Economy,4580.0,930.0,420.0,250.0,6180.0,INR,Available,False
2026-08-03T10:30:00,2026-08-03,Airline Direct,Air India,BOM,BLR,BOM-BLR,0.127,2026-09-17,T+45,Economy,4220.0,800.0,480.0,250.0,5750.0,INR,Available,False
2026-08-03T10:30:00,2026-08-03,OTA Aggregator,Air India Express,BOM,BLR,BOM-BLR,0.127,2026-08-04,T+1,Economy,8540.0,1490.0,790.0,250.0,11070.0,INR,Available,True
2026-08-03T10:30:00,2026-08-03,OTA Aggregator,Air India Express,BOM,BLR,BOM-BLR,0.127,2026-08-10,T+7,Economy,5090.0,1020.0,520.0,250.0,6880.0,INR,Available,False
2026-08-03T10:30:00,2026-08-03,OTA Aggregator,Air India Express,BOM,BLR,BOM-BLR,0.127,2026-08-18,T+15,Economy,4560.0,870.0,450.0,250.0,6130.0,INR,Available,False
2026-08-03T10:30:00,2026-08-03,OTA Aggregator,Air India Express,BOM,BLR,BOM-BLR,0.127,2026-09-02,T+30,Economy,3730.0,810.0,410.0,250.0,5200.0,INR,Available,False
2026-08-03T10:30:00,2026-08-03,OTA Aggregator,Air India Express,BOM,BLR,BOM-BLR,0.127,2026-09-17,T+45,Economy,3610.0,760.0,350.0,250.0,4970.0,INR,Available,False
2026-08-03T10:30:00,2026-08-03,OTA Aggregator,Akasa Air,BOM,BLR,BOM-BLR,0.127,2026-08-04,T+1,Economy,7140.0,1280.0,650.0,250.0,9320.0,INR,Available,False
2026-08-03T10:30:00,2026-08-03,OTA Aggregator,Akasa Air,BOM,BLR,BOM-BLR,0.127,2026-08-10,T+7,Economy,5320.0,1090.0,540.0,250.0,7200.0,INR,Available,False
2026-08-03T10:30:00,2026-08-03,OTA Aggregator,Akasa Air,BOM,BLR,BOM-BLR,0.127,2026-08-18,T+15,Economy,4590.0,950.0,470.0,250.0,6260.0,INR,Available,False
2026-08-03T10:30:00,2026-08-03,OTA Aggregator,Akasa Air,BOM,BLR,BOM-BLR,0.127,2026-09-02,T+30,Economy,3910.0,750.0,440.0,250.0,5350.0,INR,Available,False
2026-08-03T10:30:00,2026-08-03,OTA Aggregator,Akasa Air,BOM,BLR,BOM-BLR,0.127,2026-09-17,T+45,Economy,3980.0,780.0,370.0,250.0,5380.0,INR,Available,False
2026-08-03T10:30:00,2026-08-03,OTA Aggregator,SpiceJet,BOM,BLR,BOM-BLR,0.127,2026-08-04,T+1,Economy,6790.0,1330.0,680.0,300.0,9100.0,INR,Available,False
2026-08-03T10:30:00,2026-08-03,OTA Aggregator,SpiceJet,BOM,BLR,BOM-BLR,0.127,2026-08-10,T+7,Economy,5540.0,1040.0,490.0,300.0,7370.0,INR,Available,False
2026-08-03T10:30:00,2026-08-03,OTA Aggregator,SpiceJet,BOM,BLR,BOM-BLR,0.127,2026-08-18,T+15,Economy,4620.0,980.0,520.0,300.0,6420.0,INR,Available,False
2026-08-03T10:30:00,2026-08-03,OTA Aggregator,SpiceJet,BOM,BLR,BOM-BLR,0.127,2026-09-02,T+30,Economy,4140.0,890.0,410.0,300.0,5740.0,INR,Available,False
2026-08-03T10:30:00,2026-08-03,OTA Aggregator,SpiceJet,BOM,BLR,BOM-BLR,0.127,2026-09-17,T+45,Economy,3850.0,760.0,370.0,300.0,5280.0,INR,Available,False
2026-08-03T10:30:00,2026-08-03,Airline Direct,IndiGo,DEL,CCU,DEL-CCU,0.113,2026-08-04,T+1,Economy,6900.0,1340.0,670.0,300.0,9210.0,INR,Available,False
2026-08-03T10:30:00,2026-08-03,Airline Direct,IndiGo,DEL,CCU,DEL-CCU,0.113,2026-08-10,T+7,Economy,5220.0,1030.0,570.0,300.0,7120.0,INR,Available,False
2026-08-03T10:30:00,2026-08-03,Airline Direct,IndiGo,DEL,CCU,DEL-CCU,0.113,2026-08-18,T+15,Economy,4610.0,860.0,470.0,300.0,6240.0,INR,Available,False
2026-08-03T10:30:00,2026-08-03,Airline Direct,IndiGo,DEL,CCU,DEL-CCU,0.113,2026-09-02,T+30,Economy,4040.0,850.0,440.0,300.0,5630.0,INR,Available,False
2026-08-03T10:30:00,2026-08-03,Airline Direct,IndiGo,DEL,CCU,DEL-CCU,0.113,2026-09-17,T+45,Economy,3740.0,750.0,380.0,300.0,5170.0,INR,Available,False
2026-08-03T10:30:00,2026-08-03,Airline Direct,Air India,DEL,CCU,DEL-CCU,0.113,2026-08-04,T+1,Economy,7680.0,1470.0,720.0,250.0,10120.0,INR,Available,False
2026-08-03T10:30:00,2026-08-03,Airline Direct,Air India,DEL,CCU,DEL-CCU,0.113,2026-08-10,T+7,Economy,5920.0,1120.0,600.0,250.0,7890.0,INR,Available,False
2026-08-03T10:30:00,2026-08-03,Airline Direct,Air India,DEL,CCU,DEL-CCU,0.113,2026-08-18,T+15,Economy,5190.0,1050.0,550.0,250.0,7040.0,INR,Available,False
2026-08-03T10:30:00,2026-08-03,Airline Direct,Air India,DEL,CCU,DEL-CCU,0.113,2026-09-02,T+30,Economy,4460.0,860.0,440.0,250.0,6010.0,INR,Available,False
2026-08-03T10:30:00,2026-08-03,Airline Direct,Air India,DEL,CCU,DEL-CCU,0.113,2026-09-17,T+45,Economy,3990.0,740.0,420.0,250.0,5400.0,INR,Available,False
2026-08-03T10:30:00,2026-08-03,OTA Aggregator,Air India Express,DEL,CCU,DEL-CCU,0.113,2026-08-04,T+1,Economy,6230.0,1140.0,610.0,250.0,8230.0,INR,Available,False
2026-08-03T10:30:00,2026-08-03,OTA Aggregator,Air India Express,DEL,CCU,DEL-CCU,0.113,2026-08-10,T+7,Economy,4870.0,900.0,490.0,250.0,6510.0,INR,Available,False
2026-08-03T10:30:00,2026-08-03,OTA Aggregator,Air India Express,DEL,CCU,DEL-CCU,0.113,2026-08-18,T+15,Economy,4380.0,920.0,420.0,250.0,5970.0,INR,Available,False
2026-08-03T10:30:00,2026-08-03,OTA Aggregator,Air India Express,DEL,CCU,DEL-CCU,0.113,2026-09-02,T+30,Economy,3580.0,680.0,390.0,250.0,4900.0,INR,Available,False
2026-08-03T10:30:00,2026-08-03,OTA Aggregator,Air India Express,DEL,CCU,DEL-CCU,0.113,2026-09-17,T+45,Economy,3400.0,730.0,390.0,250.0,4770.0,INR,Available,False
2026-08-03T10:30:00,2026-08-03,OTA Aggregator,Akasa Air,DEL,CCU,DEL-CCU,0.113,2026-08-04,T+1,Economy,6100.0,1120.0,580.0,250.0,8050.0,INR,Available,False
2026-08-03T10:30:00,2026-08-03,OTA Aggregator,Akasa Air,DEL,CCU,DEL-CCU,0.113,2026-08-10,T+7,Economy,5100.0,930.0,460.0,250.0,6740.0,INR,Available,False
2026-08-03T10:30:00,2026-08-03,OTA Aggregator,Akasa Air,DEL,CCU,DEL-CCU,0.113,2026-08-18,T+15,Economy,4200.0,800.0,400.0,250.0,5650.0,INR,Available,False
2026-08-03T10:30:00,2026-08-03,OTA Aggregator,Akasa Air,DEL,CCU,DEL-CCU,0.113,2026-09-02,T+30,Economy,3970.0,770.0,420.0,250.0,5410.0,INR,Available,False
2026-08-03T10:30:00,2026-08-03,OTA Aggregator,Akasa Air,DEL,CCU,DEL-CCU,0.113,2026-09-17,T+45,Economy,3560.0,710.0,430.0,250.0,4950.0,INR,Available,False
2026-08-03T10:30:00,2026-08-03,OTA Aggregator,SpiceJet,DEL,CCU,DEL-CCU,0.113,2026-08-04,T+1,Economy,7000.0,1300.0,670.0,300.0,9270.0,INR,Available,False
2026-08-03T10:30:00,2026-08-03,OTA Aggregator,SpiceJet,DEL,CCU,DEL-CCU,0.113,2026-08-10,T+7,Economy,4900.0,940.0,520.0,300.0,6660.0,INR,Available,False
2026-08-03T10:30:00,2026-08-03,OTA Aggregator,SpiceJet,DEL,CCU,DEL-CCU,0.113,2026-08-18,T+15,Economy,4330.0,790.0,410.0,300.0,5830.0,INR,Available,False
2026-08-03T10:30:00,2026-08-03,OTA Aggregator,SpiceJet,DEL,CCU,DEL-CCU,0.113,2026-09-02,T+30,Economy,3890.0,790.0,370.0,300.0,5350.0,INR,Available,False
2026-08-03T10:30:00,2026-08-03,OTA Aggregator,SpiceJet,DEL,CCU,DEL-CCU,0.113,2026-09-17,T+45,Economy,3620.0,750.0,390.0,300.0,5060.0,INR,Available,False
2026-08-03T10:30:00,2026-08-03,Airline Direct,IndiGo,BLR,HYD,BLR-HYD,0.098,2026-08-04,T+1,Economy,5250.0,1030.0,530.0,300.0,7110.0,INR,Available,False
2026-08-03T10:30:00,2026-08-03,Airline Direct,IndiGo,BLR,HYD,BLR-HYD,0.098,2026-08-10,T+7,Economy,3900.0,730.0,400.0,300.0,5330.0,INR,Available,False
2026-08-03T10:30:00,2026-08-03,Airline Direct,IndiGo,BLR,HYD,BLR-HYD,0.098,2026-08-18,T+15,Economy,3480.0,790.0,390.0,300.0,4960.0,INR,Available,False
2026-08-03T10:30:00,2026-08-03,Airline Direct,IndiGo,BLR,HYD,BLR-HYD,0.098,2026-09-02,T+30,Economy,3270.0,650.0,320.0,300.0,4540.0,INR,Available,False
2026-08-03T10:30:00,2026-08-03,Airline Direct,IndiGo,BLR,HYD,BLR-HYD,0.098,2026-09-17,T+45,Economy,2760.0,630.0,360.0,300.0,4050.0,INR,Available,False
2026-08-03T10:30:00,2026-08-03,Airline Direct,Air India,BLR,HYD,BLR-HYD,0.098,2026-08-04,T+1,Economy,5730.0,1080.0,570.0,250.0,7630.0,INR,Available,False
2026-08-03T10:30:00,2026-08-03,Airline Direct,Air India,BLR,HYD,BLR-HYD,0.098,2026-08-10,T+7,Economy,4740.0,1000.0,470.0,250.0,6460.0,INR,Available,False
2026-08-03T10:30:00,2026-08-03,Airline Direct,Air India,BLR,HYD,BLR-HYD,0.098,2026-08-18,T+15,Economy,3500.0,800.0,420.0,250.0,4970.0,INR,Available,False
2026-08-03T10:30:00,2026-08-03,Airline Direct,Air India,BLR,HYD,BLR-HYD,0.098,2026-09-02,T+30,Economy,3300.0,640.0,350.0,250.0,4540.0,INR,Available,False
2026-08-03T10:30:00,2026-08-03,Airline Direct,Air India,BLR,HYD,BLR-HYD,0.098,2026-09-17,T+45,Economy,2940.0,700.0,290.0,250.0,4180.0,INR,Available,False
2026-08-03T10:30:00,2026-08-03,OTA Aggregator,Air India Express,BLR,HYD,BLR-HYD,0.098,2026-08-04,T+1,Economy,4770.0,970.0,490.0,250.0,6480.0,INR,Available,False
2026-08-03T10:30:00,2026-08-03,OTA Aggregator,Air India Express,BLR,HYD,BLR-HYD,0.098,2026-08-10,T+7,Economy,3870.0,850.0,430.0,250.0,5400.0,INR,Available,False
2026-08-03T10:30:00,2026-08-03,OTA Aggregator,Air India Express,BLR,HYD,BLR-HYD,0.098,2026-08-18,T+15,Economy,3130.0,630.0,380.0,250.0,4390.0,INR,Available,False
2026-08-03T10:30:00,2026-08-03,OTA Aggregator,Air India Express,BLR,HYD,BLR-HYD,0.098,2026-09-02,T+30,Economy,2870.0,680.0,380.0,250.0,4180.0,INR,Available,False
2026-08-03T10:30:00,2026-08-03,OTA Aggregator,Air India Express,BLR,HYD,BLR-HYD,0.098,2026-09-17,T+45,Economy,2400.0,600.0,280.0,250.0,3530.0,INR,Available,False
2026-08-03T10:30:00,2026-08-03,OTA Aggregator,Akasa Air,BLR,HYD,BLR-HYD,0.098,2026-08-04,T+1,Economy,4760.0,990.0,470.0,250.0,6470.0,INR,Available,False
2026-08-03T10:30:00,2026-08-03,OTA Aggregator,Akasa Air,BLR,HYD,BLR-HYD,0.098,2026-08-10,T+7,Economy,3950.0,750.0,460.0,250.0,5410.0,INR,Available,False
2026-08-03T10:30:00,2026-08-03,OTA Aggregator,Akasa Air,BLR,HYD,BLR-HYD,0.098,2026-08-18,T+15,Economy,3360.0,710.0,400.0,250.0,4720.0,INR,Available,False
2026-08-03T10:30:00,2026-08-03,OTA Aggregator,Akasa Air,BLR,HYD,BLR-HYD,0.098,2026-09-02,T+30,Economy,2910.0,620.0,280.0,250.0,4060.0,INR,Available,False
2026-08-03T10:30:00,2026-08-03,OTA Aggregator,Akasa Air,BLR,HYD,BLR-HYD,0.098,2026-09-17,T+45,Economy,2590.0,650.0,270.0,250.0,3760.0,INR,Available,False
2026-08-03T10:30:00,2026-08-03,OTA Aggregator,SpiceJet,BLR,HYD,BLR-HYD,0.098,2026-08-04,T+1,Economy,5140.0,1010.0,520.0,300.0,6970.0,INR,Available,False
2026-08-03T10:30:00,2026-08-03,OTA Aggregator,SpiceJet,BLR,HYD,BLR-HYD,0.098,2026-08-10,T+7,Economy,3900.0,790.0,390.0,300.0,5380.0,INR,Available,False
2026-08-03T10:30:00,2026-08-03,OTA Aggregator,SpiceJet,BLR,HYD,BLR-HYD,0.098,2026-08-18,T+15,Economy,3480.0,770.0,410.0,300.0,4960.0,INR,Available,False
2026-08-03T10:30:00,2026-08-03,OTA Aggregator,SpiceJet,BLR,HYD,BLR-HYD,0.098,2026-09-02,T+30,Economy,2780.0,660.0,280.0,300.0,4020.0,INR,Available,False
2026-08-03T10:30:00,2026-08-03,OTA Aggregator,SpiceJet,BLR,HYD,BLR-HYD,0.098,2026-09-17,T+45,Economy,2610.0,600.0,300.0,300.0,3810.0,INR,Available,False
2026-08-03T10:30:00,2026-08-03,Airline Direct,IndiGo,MAA,DEL,MAA-DEL,0.086,2026-08-04,T+1,Economy,7940.0,1420.0,700.0,300.0,10360.0,INR,Available,False
2026-08-03T10:30:00,2026-08-03,Airline Direct,IndiGo,MAA,DEL,MAA-DEL,0.086,2026-08-10,T+7,Economy,6210.0,1190.0,560.0,300.0,8260.0,INR,Available,False
2026-08-03T10:30:00,2026-08-03,Airline Direct,IndiGo,MAA,DEL,MAA-DEL,0.086,2026-08-18,T+15,Economy,5110.0,930.0,530.0,300.0,6870.0,INR,Available,False
2026-08-03T10:30:00,2026-08-03,Airline Direct,IndiGo,MAA,DEL,MAA-DEL,0.086,2026-09-02,T+30,Economy,4460.0,830.0,510.0,300.0,6100.0,INR,Available,False
2026-08-03T10:30:00,2026-08-03,Airline Direct,IndiGo,MAA,DEL,MAA-DEL,0.086,2026-09-17,T+45,Economy,4210.0,830.0,420.0,300.0,5760.0,INR,Available,False
2026-08-03T10:30:00,2026-08-03,Airline Direct,Air India,MAA,DEL,MAA-DEL,0.086,2026-08-04,T+1,Economy,8360.0,1520.0,760.0,250.0,10890.0,INR,Available,False
2026-08-03T10:30:00,2026-08-03,Airline Direct,Air India,MAA,DEL,MAA-DEL,0.086,2026-08-10,T+7,Economy,6560.0,1290.0,590.0,250.0,8690.0,INR,Available,False
2026-08-03T10:30:00,2026-08-03,Airline Direct,Air India,MAA,DEL,MAA-DEL,0.086,2026-08-18,T+15,Economy,5570.0,1060.0,500.0,250.0,7380.0,INR,Available,False
2026-08-03T10:30:00,2026-08-03,Airline Direct,Air India,MAA,DEL,MAA-DEL,0.086,2026-09-02,T+30,Economy,4900.0,900.0,450.0,250.0,6500.0,INR,Available,False
2026-08-03T10:30:00,2026-08-03,Airline Direct,Air India,MAA,DEL,MAA-DEL,0.086,2026-09-17,T+45,Economy,4710.0,940.0,520.0,250.0,6420.0,INR,Available,False
2026-08-03T10:30:00,2026-08-03,OTA Aggregator,Air India Express,MAA,DEL,MAA-DEL,0.086,2026-08-04,T+1,Economy,7500.0,1340.0,740.0,250.0,9830.0,INR,Available,False
2026-08-03T10:30:00,2026-08-03,OTA Aggregator,Air India Express,MAA,DEL,MAA-DEL,0.086,2026-08-10,T+7,Economy,5680.0,1020.0,560.0,250.0,7510.0,INR,Available,False
2026-08-03T10:30:00,2026-08-03,OTA Aggregator,Air India Express,MAA,DEL,MAA-DEL,0.086,2026-08-18,T+15,Economy,4800.0,1010.0,490.0,250.0,6550.0,INR,Available,False
2026-08-03T10:30:00,2026-08-03,OTA Aggregator,Air India Express,MAA,DEL,MAA-DEL,0.086,2026-09-02,T+30,Economy,4390.0,870.0,460.0,250.0,5970.0,INR,Available,False
2026-08-03T10:30:00,2026-08-03,OTA Aggregator,Air India Express,MAA,DEL,MAA-DEL,0.086,2026-09-17,T+45,Economy,3970.0,820.0,460.0,250.0,5500.0,INR,Available,False
2026-08-03T10:30:00,2026-08-03,OTA Aggregator,Akasa Air,MAA,DEL,MAA-DEL,0.086,2026-08-04,T+1,Economy,8030.0,1410.0,740.0,250.0,10430.0,INR,Available,False
2026-08-03T10:30:00,2026-08-03,OTA Aggregator,Akasa Air,MAA,DEL,MAA-DEL,0.086,2026-08-10,T+7,Economy,5590.0,1050.0,560.0,250.0,7450.0,INR,Available,False
2026-08-03T10:30:00,2026-08-03,OTA Aggregator,Akasa Air,MAA,DEL,MAA-DEL,0.086,2026-08-18,T+15,Economy,4580.0,950.0,480.0,250.0,6260.0,INR,Available,False
2026-08-03T10:30:00,2026-08-03,OTA Aggregator,Akasa Air,MAA,DEL,MAA-DEL,0.086,2026-09-02,T+30,Economy,4320.0,820.0,490.0,250.0,5880.0,INR,Available,False
2026-08-03T10:30:00,2026-08-03,OTA Aggregator,Akasa Air,MAA,DEL,MAA-DEL,0.086,2026-09-17,T+45,Economy,4020.0,810.0,460.0,250.0,5540.0,INR,Available,False
2026-08-03T10:30:00,2026-08-03,OTA Aggregator,SpiceJet,MAA,DEL,MAA-DEL,0.086,2026-08-04,T+1,Economy,8010.0,1390.0,690.0,300.0,10390.0,INR,Available,False
2026-08-03T10:30:00,2026-08-03,OTA Aggregator,SpiceJet,MAA,DEL,MAA-DEL,0.086,2026-08-10,T+7,Economy,6120.0,1230.0,550.0,300.0,8200.0,INR,Available,False
2026-08-03T10:30:00,2026-08-03,OTA Aggregator,SpiceJet,MAA,DEL,MAA-DEL,0.086,2026-08-18,T+15,Economy,4930.0,980.0,480.0,300.0,6690.0,INR,Available,False
2026-08-03T10:30:00,2026-08-03,OTA Aggregator,SpiceJet,MAA,DEL,MAA-DEL,0.086,2026-09-02,T+30,Economy,4340.0,860.0,420.0,300.0,5920.0,INR,Available,False
2026-08-03T10:30:00,2026-08-03,OTA Aggregator,SpiceJet,MAA,DEL,MAA-DEL,0.086,2026-09-17,T+45,Economy,4180.0,780.0,470.0,300.0,5730.0,INR,Available,False
2026-08-03T10:30:00,2026-08-03,Airline Direct,IndiGo,BOM,DEL,BOM-DEL,0.135,2026-08-04,T+1,Economy,8820.0,1650.0,840.0,300.0,11610.0,INR,Available,False
2026-08-03T10:30:00,2026-08-03,Airline Direct,IndiGo,BOM,DEL,BOM-DEL,0.135,2026-08-10,T+7,Economy,6820.0,1230.0,640.0,300.0,8990.0,INR,Available,False
2026-08-03T10:30:00,2026-08-03,Airline Direct,IndiGo,BOM,DEL,BOM-DEL,0.135,2026-08-18,T+15,Economy,5520.0,1080.0,550.0,300.0,7450.0,INR,Available,False
2026-08-03T10:30:00,2026-08-03,Airline Direct,IndiGo,BOM,DEL,BOM-DEL,0.135,2026-09-02,T+30,Economy,5130.0,970.0,470.0,300.0,6870.0,INR,Available,False
2026-08-03T10:30:00,2026-08-03,Airline Direct,IndiGo,BOM,DEL,BOM-DEL,0.135,2026-09-17,T+45,Economy,4680.0,960.0,480.0,300.0,6420.0,INR,Available,False
2026-08-03T10:30:00,2026-08-03,Airline Direct,Air India,BOM,DEL,BOM-DEL,0.135,2026-08-04,T+1,Economy,10210.0,1820.0,920.0,250.0,13200.0,INR,Available,False
2026-08-03T10:30:00,2026-08-03,Airline Direct,Air India,BOM,DEL,BOM-DEL,0.135,2026-08-10,T+7,Economy,7280.0,1280.0,640.0,250.0,9450.0,INR,Available,False
2026-08-03T10:30:00,2026-08-03,Airline Direct,Air India,BOM,DEL,BOM-DEL,0.135,2026-08-18,T+15,Economy,6470.0,1250.0,630.0,250.0,8600.0,INR,Available,False
2026-08-03T10:30:00,2026-08-03,Airline Direct,Air India,BOM,DEL,BOM-DEL,0.135,2026-09-02,T+30,Economy,5260.0,960.0,470.0,250.0,6940.0,INR,Available,False
2026-08-03T10:30:00,2026-08-03,Airline Direct,Air India,BOM,DEL,BOM-DEL,0.135,2026-09-17,T+45,Economy,5130.0,970.0,520.0,250.0,6870.0,INR,Available,False
2026-08-03T10:30:00,2026-08-03,OTA Aggregator,Air India Express,BOM,DEL,BOM-DEL,0.135,2026-08-04,T+1,Economy,7780.0,1400.0,720.0,250.0,10150.0,INR,Available,False
2026-08-03T10:30:00,2026-08-03,OTA Aggregator,Air India Express,BOM,DEL,BOM-DEL,0.135,2026-08-10,T+7,Economy,5810.0,1150.0,550.0,250.0,7760.0,INR,Available,False
2026-08-03T10:30:00,2026-08-03,OTA Aggregator,Air India Express,BOM,DEL,BOM-DEL,0.135,2026-08-18,T+15,Economy,5520.0,1130.0,510.0,250.0,7410.0,INR,Available,False
2026-08-03T10:30:00,2026-08-03,OTA Aggregator,Air India Express,BOM,DEL,BOM-DEL,0.135,2026-09-02,T+30,Economy,4690.0,990.0,470.0,250.0,6400.0,INR,Available,False
2026-08-03T10:30:00,2026-08-03,OTA Aggregator,Air India Express,BOM,DEL,BOM-DEL,0.135,2026-09-17,T+45,Economy,4220.0,920.0,440.0,250.0,5830.0,INR,Available,False
2026-08-03T10:30:00,2026-08-03,OTA Aggregator,Akasa Air,BOM,DEL,BOM-DEL,0.135,2026-08-04,T+1,Economy,7810.0,1440.0,700.0,250.0,10200.0,INR,Available,False
2026-08-03T10:30:00,2026-08-03,OTA Aggregator,Akasa Air,BOM,DEL,BOM-DEL,0.135,2026-08-10,T+7,Economy,6480.0,1160.0,600.0,250.0,8490.0,INR,Available,False
2026-08-03T10:30:00,2026-08-03,OTA Aggregator,Akasa Air,BOM,DEL,BOM-DEL,0.135,2026-08-18,T+15,Economy,5270.0,1080.0,520.0,250.0,7120.0,INR,Available,False
2026-08-03T10:30:00,2026-08-03,OTA Aggregator,Akasa Air,BOM,DEL,BOM-DEL,0.135,2026-09-02,T+30,Economy,4570.0,860.0,420.0,250.0,6100.0,INR,Available,False
2026-08-03T10:30:00,2026-08-03,OTA Aggregator,Akasa Air,BOM,DEL,BOM-DEL,0.135,2026-09-17,T+45,Economy,4440.0,840.0,430.0,250.0,5960.0,INR,Available,False
2026-08-03T10:30:00,2026-08-03,OTA Aggregator,SpiceJet,BOM,DEL,BOM-DEL,0.135,2026-08-04,T+1,Economy,8440.0,1510.0,780.0,300.0,11030.0,INR,Available,False
2026-08-03T10:30:00,2026-08-03,OTA Aggregator,SpiceJet,BOM,DEL,BOM-DEL,0.135,2026-08-10,T+7,Economy,6300.0,1210.0,560.0,300.0,8370.0,INR,Available,False
2026-08-03T10:30:00,2026-08-03,OTA Aggregator,SpiceJet,BOM,DEL,BOM-DEL,0.135,2026-08-18,T+15,Economy,5660.0,1020.0,590.0,300.0,7570.0,INR,Available,False
2026-08-03T10:30:00,2026-08-03,OTA Aggregator,SpiceJet,BOM,DEL,BOM-DEL,0.135,2026-09-02,T+30,Economy,5040.0,1040.0,460.0,300.0,6840.0,INR,Available,False
2026-08-03T10:30:00,2026-08-03,OTA Aggregator,SpiceJet,BOM,DEL,BOM-DEL,0.135,2026-09-17,T+45,Economy,4580.0,950.0,430.0,300.0,6260.0,INR,Available,False
2026-08-03T10:30:00,2026-08-03,Airline Direct,IndiGo,HYD,DEL,HYD-DEL,0.105,2026-08-04,T+1,Economy,6470.0,1190.0,620.0,300.0,8580.0,INR,Available,False
2026-08-03T10:30:00,2026-08-03,Airline Direct,IndiGo,HYD,DEL,HYD-DEL,0.105,2026-08-10,T+7,Economy,4830.0,940.0,510.0,300.0,6580.0,INR,Available,False
2026-08-03T10:30:00,2026-08-03,Airline Direct,IndiGo,HYD,DEL,HYD-DEL,0.105,2026-08-18,T+15,Economy,4550.0,830.0,440.0,300.0,6120.0,INR,Available,False
2026-08-03T10:30:00,2026-08-03,Airline Direct,IndiGo,HYD,DEL,HYD-DEL,0.105,2026-09-02,T+30,Economy,3860.0,790.0,410.0,300.0,5360.0,INR,Available,False
2026-08-03T10:30:00,2026-08-03,Airline Direct,IndiGo,HYD,DEL,HYD-DEL,0.105,2026-09-17,T+45,Economy,3520.0,680.0,380.0,300.0,4880.0,INR,Available,False
2026-08-03T10:30:00,2026-08-03,Airline Direct,Air India,HYD,DEL,HYD-DEL,0.105,2026-08-04,T+1,Economy,6740.0,1230.0,590.0,250.0,8810.0,INR,Available,False
2026-08-03T10:30:00,2026-08-03,Airline Direct,Air India,HYD,DEL,HYD-DEL,0.105,2026-08-10,T+7,Economy,5550.0,1040.0,520.0,250.0,7360.0,INR,Available,False
2026-08-03T10:30:00,2026-08-03,Airline Direct,Air India,HYD,DEL,HYD-DEL,0.105,2026-08-18,T+15,Economy,4570.0,960.0,470.0,250.0,6250.0,INR,Available,False
2026-08-03T10:30:00,2026-08-03,Airline Direct,Air India,HYD,DEL,HYD-DEL,0.105,2026-09-02,T+30,Economy,4030.0,850.0,450.0,250.0,5580.0,INR,Available,False
2026-08-03T10:30:00,2026-08-03,Airline Direct,Air India,HYD,DEL,HYD-DEL,0.105,2026-09-17,T+45,Economy,3640.0,760.0,400.0,250.0,5050.0,INR,Available,False
2026-08-03T10:30:00,2026-08-03,OTA Aggregator,Air India Express,HYD,DEL,HYD-DEL,0.105,2026-08-04,T+1,Economy,6090.0,1140.0,550.0,250.0,8030.0,INR,Available,False
2026-08-03T10:30:00,2026-08-03,OTA Aggregator,Air India Express,HYD,DEL,HYD-DEL,0.105,2026-08-10,T+7,Economy,4550.0,920.0,470.0,250.0,6190.0,INR,Available,False
2026-08-03T10:30:00,2026-08-03,OTA Aggregator,Air India Express,HYD,DEL,HYD-DEL,0.105,2026-08-18,T+15,Economy,3810.0,760.0,450.0,250.0,5270.0,INR,Available,False
2026-08-03T10:30:00,2026-08-03,OTA Aggregator,Air India Express,HYD,DEL,HYD-DEL,0.105,2026-09-02,T+30,Economy,3310.0,640.0,330.0,250.0,4530.0,INR,Available,False
2026-08-03T10:30:00,2026-08-03,OTA Aggregator,Air India Express,HYD,DEL,HYD-DEL,0.105,2026-09-17,T+45,Economy,3260.0,660.0,330.0,250.0,4500.0,INR,Available,False
2026-08-03T10:30:00,2026-08-03,OTA Aggregator,Akasa Air,HYD,DEL,HYD-DEL,0.105,2026-08-04,T+1,Economy,6090.0,1210.0,550.0,250.0,8100.0,INR,Available,False
2026-08-03T10:30:00,2026-08-03,OTA Aggregator,Akasa Air,HYD,DEL,HYD-DEL,0.105,2026-08-10,T+7,Economy,4650.0,920.0,460.0,250.0,6280.0,INR,Available,False
2026-08-03T10:30:00,2026-08-03,OTA Aggregator,Akasa Air,HYD,DEL,HYD-DEL,0.105,2026-08-18,T+15,Economy,4140.0,890.0,460.0,250.0,5740.0,INR,Available,False
2026-08-03T10:30:00,2026-08-03,OTA Aggregator,Akasa Air,HYD,DEL,HYD-DEL,0.105,2026-09-02,T+30,Economy,3540.0,710.0,350.0,250.0,4850.0,INR,Available,False
2026-08-03T10:30:00,2026-08-03,OTA Aggregator,Akasa Air,HYD,DEL,HYD-DEL,0.105,2026-09-17,T+45,Economy,3330.0,720.0,370.0,250.0,4670.0,INR,Available,False
2026-08-03T10:30:00,2026-08-03,OTA Aggregator,SpiceJet,HYD,DEL,HYD-DEL,0.105,2026-08-04,T+1,Economy,6400.0,1240.0,580.0,300.0,8520.0,INR,Available,False
2026-08-03T10:30:00,2026-08-03,OTA Aggregator,SpiceJet,HYD,DEL,HYD-DEL,0.105,2026-08-10,T+7,Economy,4770.0,940.0,460.0,300.0,6470.0,INR,Available,False
2026-08-03T10:30:00,2026-08-03,OTA Aggregator,SpiceJet,HYD,DEL,HYD-DEL,0.105,2026-08-18,T+15,Economy,3910.0,740.0,420.0,300.0,5370.0,INR,Available,False
2026-08-03T10:30:00,2026-08-03,OTA Aggregator,SpiceJet,HYD,DEL,HYD-DEL,0.105,2026-09-02,T+30,Economy,3710.0,720.0,390.0,300.0,5120.0,INR,Available,False
2026-08-03T10:30:00,2026-08-03,OTA Aggregator,SpiceJet,HYD,DEL,HYD-DEL,0.105,2026-09-17,T+45,Economy,3140.0,680.0,310.0,300.0,4430.0,INR,Available,False
2026-08-04T10:30:00,2026-08-04,Airline Direct,IndiGo,DEL,BOM,DEL-BOM,0.182,2026-08-05,T+1,Economy,8940.0,1680.0,800.0,250.0,11670.0,INR,Available,False
2026-08-04T10:30:00,2026-08-04,Airline Direct,IndiGo,DEL,BOM,DEL-BOM,0.182,2026-08-11,T+7,Economy,7010.0,1340.0,640.0,250.0,9240.0,INR,Available,False
2026-08-04T10:30:00,2026-08-04,Airline Direct,IndiGo,DEL,BOM,DEL-BOM,0.182,2026-08-19,T+15,Economy,6290.0,1200.0,600.0,250.0,8340.0,INR,Available,False
2026-08-04T10:30:00,2026-08-04,Airline Direct,IndiGo,DEL,BOM,DEL-BOM,0.182,2026-09-03,T+30,Economy,5410.0,1030.0,520.0,250.0,7210.0,INR,Available,False
2026-08-04T10:30:00,2026-08-04,Airline Direct,IndiGo,DEL,BOM,DEL-BOM,0.182,2026-09-18,T+45,Economy,4870.0,910.0,450.0,250.0,6480.0,INR,Available,False
2026-08-04T10:30:00,2026-08-04,Airline Direct,Air India,DEL,BOM,DEL-BOM,0.182,2026-08-05,T+1,Economy,9980.0,1780.0,930.0,300.0,12990.0,INR,Available,False
2026-08-04T10:30:00,2026-08-04,Airline Direct,Air India,DEL,BOM,DEL-BOM,0.182,2026-08-11,T+7,Economy,7770.0,1370.0,690.0,300.0,10130.0,INR,Available,False
2026-08-04T10:30:00,2026-08-04,Airline Direct,Air India,DEL,BOM,DEL-BOM,0.182,2026-08-19,T+15,Economy,6450.0,1160.0,650.0,300.0,8560.0,INR,Available,False
2026-08-04T10:30:00,2026-08-04,Airline Direct,Air India,DEL,BOM,DEL-BOM,0.182,2026-09-03,T+30,Economy,5740.0,1070.0,600.0,300.0,7710.0,INR,Available,False
2026-08-04T10:30:00,2026-08-04,Airline Direct,Air India,DEL,BOM,DEL-BOM,0.182,2026-09-18,T+45,Economy,5610.0,1060.0,580.0,300.0,7550.0,INR,Available,False
2026-08-04T10:30:00,2026-08-04,OTA Aggregator,Air India Express,DEL,BOM,DEL-BOM,0.182,2026-08-05,T+1,Economy,7870.0,1400.0,750.0,300.0,10320.0,INR,Available,False
2026-08-04T10:30:00,2026-08-04,OTA Aggregator,Air India Express,DEL,BOM,DEL-BOM,0.182,2026-08-11,T+7,Economy,6310.0,1190.0,580.0,300.0,8380.0,INR,Available,False
2026-08-04T10:30:00,2026-08-04,OTA Aggregator,Air India Express,DEL,BOM,DEL-BOM,0.182,2026-08-19,T+15,Economy,5520.0,1060.0,580.0,300.0,7460.0,INR,Available,False
2026-08-04T10:30:00,2026-08-04,OTA Aggregator,Air India Express,DEL,BOM,DEL-BOM,0.182,2026-09-03,T+30,Economy,4980.0,990.0,460.0,300.0,6730.0,INR,Available,False
2026-08-04T10:30:00,2026-08-04,OTA Aggregator,Air India Express,DEL,BOM,DEL-BOM,0.182,2026-09-18,T+45,Economy,4480.0,870.0,420.0,300.0,6070.0,INR,Available,False
2026-08-04T10:30:00,2026-08-04,OTA Aggregator,Akasa Air,DEL,BOM,DEL-BOM,0.182,2026-08-05,T+1,Economy,8830.0,1610.0,810.0,300.0,11550.0,INR,Available,False
2026-08-04T10:30:00,2026-08-04,OTA Aggregator,Akasa Air,DEL,BOM,DEL-BOM,0.182,2026-08-11,T+7,Economy,6720.0,1200.0,620.0,300.0,8840.0,INR,Available,False
2026-08-04T10:30:00,2026-08-04,OTA Aggregator,Akasa Air,DEL,BOM,DEL-BOM,0.182,2026-08-19,T+15,Economy,5740.0,1060.0,580.0,300.0,7680.0,INR,Available,False
2026-08-04T10:30:00,2026-08-04,OTA Aggregator,Akasa Air,DEL,BOM,DEL-BOM,0.182,2026-09-03,T+30,Economy,4960.0,1010.0,530.0,300.0,6800.0,INR,Available,False
2026-08-04T10:30:00,2026-08-04,OTA Aggregator,Akasa Air,DEL,BOM,DEL-BOM,0.182,2026-09-18,T+45,Economy,4480.0,870.0,490.0,300.0,6140.0,INR,Available,False
2026-08-04T10:30:00,2026-08-04,OTA Aggregator,SpiceJet,DEL,BOM,DEL-BOM,0.182,2026-08-05,T+1,Economy,8760.0,1520.0,770.0,250.0,11300.0,INR,Available,False
2026-08-04T10:30:00,2026-08-04,OTA Aggregator,SpiceJet,DEL,BOM,DEL-BOM,0.182,2026-08-11,T+7,Economy,6590.0,1260.0,650.0,250.0,8750.0,INR,Available,False
2026-08-04T10:30:00,2026-08-04,OTA Aggregator,SpiceJet,DEL,BOM,DEL-BOM,0.182,2026-08-19,T+15,Economy,6100.0,1160.0,560.0,250.0,8070.0,INR,Available,False
2026-08-04T10:30:00,2026-08-04,OTA Aggregator,SpiceJet,DEL,BOM,DEL-BOM,0.182,2026-09-03,T+30,Economy,5230.0,990.0,490.0,250.0,6960.0,INR,Available,False
2026-08-04T10:30:00,2026-08-04,OTA Aggregator,SpiceJet,DEL,BOM,DEL-BOM,0.182,2026-09-18,T+45,Economy,4680.0,910.0,470.0,250.0,6310.0,INR,Available,False
2026-08-04T10:30:00,2026-08-04,Airline Direct,IndiGo,DEL,BLR,DEL-BLR,0.154,2026-08-05,T+1,Economy,8950.0,1560.0,820.0,250.0,11580.0,INR,Available,False
2026-08-04T10:30:00,2026-08-04,Airline Direct,IndiGo,DEL,BLR,DEL-BLR,0.154,2026-08-11,T+7,Economy,7290.0,1270.0,720.0,250.0,9530.0,INR,Available,False
2026-08-04T10:30:00,2026-08-04,Airline Direct,IndiGo,DEL,BLR,DEL-BLR,0.154,2026-08-19,T+15,Economy,5740.0,1160.0,570.0,250.0,7720.0,INR,Available,False
2026-08-04T10:30:00,2026-08-04,Airline Direct,IndiGo,DEL,BLR,DEL-BLR,0.154,2026-09-03,T+30,Economy,5050.0,1010.0,470.0,250.0,6780.0,INR,Available,False
2026-08-04T10:30:00,2026-08-04,Airline Direct,IndiGo,DEL,BLR,DEL-BLR,0.154,2026-09-18,T+45,Economy,4610.0,920.0,480.0,250.0,6260.0,INR,Available,False
2026-08-04T10:30:00,2026-08-04,Airline Direct,Air India,DEL,BLR,DEL-BLR,0.154,2026-08-05,T+1,Economy,9920.0,1830.0,890.0,300.0,12940.0,INR,Available,False
2026-08-04T10:30:00,2026-08-04,Airline Direct,Air India,DEL,BLR,DEL-BLR,0.154,2026-08-11,T+7,Economy,7120.0,1260.0,720.0,300.0,9400.0,INR,Available,False
2026-08-04T10:30:00,2026-08-04,Airline Direct,Air India,DEL,BLR,DEL-BLR,0.154,2026-08-19,T+15,Economy,6720.0,1240.0,590.0,300.0,8850.0,INR,Available,False
2026-08-04T10:30:00,2026-08-04,Airline Direct,Air India,DEL,BLR,DEL-BLR,0.154,2026-09-03,T+30,Economy,5470.0,1030.0,570.0,300.0,7370.0,INR,Available,False
2026-08-04T10:30:00,2026-08-04,Airline Direct,Air India,DEL,BLR,DEL-BLR,0.154,2026-09-18,T+45,Economy,5090.0,1050.0,490.0,300.0,6930.0,INR,Available,False
2026-08-04T10:30:00,2026-08-04,OTA Aggregator,Air India Express,DEL,BLR,DEL-BLR,0.154,2026-08-05,T+1,Economy,7350.0,1390.0,680.0,300.0,9720.0,INR,Available,False
2026-08-04T10:30:00,2026-08-04,OTA Aggregator,Air India Express,DEL,BLR,DEL-BLR,0.154,2026-08-11,T+7,Economy,6120.0,1100.0,560.0,300.0,8080.0,INR,Available,False
2026-08-04T10:30:00,2026-08-04,OTA Aggregator,Air India Express,DEL,BLR,DEL-BLR,0.154,2026-08-19,T+15,Economy,4980.0,970.0,490.0,300.0,6740.0,INR,Available,False
2026-08-04T10:30:00,2026-08-04,OTA Aggregator,Air India Express,DEL,BLR,DEL-BLR,0.154,2026-09-03,T+30,Economy,4540.0,910.0,480.0,300.0,6230.0,INR,Available,False
2026-08-04T10:30:00,2026-08-04,OTA Aggregator,Air India Express,DEL,BLR,DEL-BLR,0.154,2026-09-18,T+45,Economy,4310.0,790.0,460.0,300.0,5860.0,INR,Available,False
2026-08-04T10:30:00,2026-08-04,OTA Aggregator,Akasa Air,DEL,BLR,DEL-BLR,0.154,2026-08-05,T+1,Economy,8100.0,1550.0,750.0,300.0,10700.0,INR,Available,False
2026-08-04T10:30:00,2026-08-04,OTA Aggregator,Akasa Air,DEL,BLR,DEL-BLR,0.154,2026-08-11,T+7,Economy,6060.0,1160.0,540.0,300.0,8060.0,INR,Available,False
2026-08-04T10:30:00,2026-08-04,OTA Aggregator,Akasa Air,DEL,BLR,DEL-BLR,0.154,2026-08-19,T+15,Economy,5230.0,1070.0,490.0,300.0,7090.0,INR,Available,False
2026-08-04T10:30:00,2026-08-04,OTA Aggregator,Akasa Air,DEL,BLR,DEL-BLR,0.154,2026-09-03,T+30,Economy,4780.0,890.0,440.0,300.0,6410.0,INR,Available,False
2026-08-04T10:30:00,2026-08-04,OTA Aggregator,Akasa Air,DEL,BLR,DEL-BLR,0.154,2026-09-18,T+45,Economy,4690.0,860.0,500.0,300.0,6350.0,INR,Available,False
2026-08-04T10:30:00,2026-08-04,OTA Aggregator,SpiceJet,DEL,BLR,DEL-BLR,0.154,2026-08-05,T+1,Economy,8030.0,1460.0,740.0,250.0,10480.0,INR,Available,False
2026-08-04T10:30:00,2026-08-04,OTA Aggregator,SpiceJet,DEL,BLR,DEL-BLR,0.154,2026-08-11,T+7,Economy,6720.0,1200.0,610.0,250.0,8780.0,INR,Available,False
2026-08-04T10:30:00,2026-08-04,OTA Aggregator,SpiceJet,DEL,BLR,DEL-BLR,0.154,2026-08-19,T+15,Economy,5090.0,1040.0,550.0,250.0,6930.0,INR,Available,False
2026-08-04T10:30:00,2026-08-04,OTA Aggregator,SpiceJet,DEL,BLR,DEL-BLR,0.154,2026-09-03,T+30,Economy,4540.0,920.0,450.0,250.0,6160.0,INR,Available,False
2026-08-04T10:30:00,2026-08-04,OTA Aggregator,SpiceJet,DEL,BLR,DEL-BLR,0.154,2026-09-18,T+45,Economy,4270.0,790.0,410.0,250.0,5720.0,INR,Available,False
2026-08-04T10:30:00,2026-08-04,Airline Direct,IndiGo,BOM,BLR,BOM-BLR,0.127,2026-08-05,T+1,Economy,9520.0,1660.0,830.0,250.0,12260.0,INR,Available,True
2026-08-04T10:30:00,2026-08-04,Airline Direct,IndiGo,BOM,BLR,BOM-BLR,0.127,2026-08-11,T+7,Economy,5940.0,1150.0,530.0,250.0,7870.0,INR,Available,False
2026-08-04T10:30:00,2026-08-04,Airline Direct,IndiGo,BOM,BLR,BOM-BLR,0.127,2026-08-19,T+15,Economy,4860.0,900.0,500.0,250.0,6510.0,INR,Available,False
2026-08-04T10:30:00,2026-08-04,Airline Direct,IndiGo,BOM,BLR,BOM-BLR,0.127,2026-09-03,T+30,Economy,4190.0,810.0,400.0,250.0,5650.0,INR,Available,False
2026-08-04T10:30:00,2026-08-04,Airline Direct,IndiGo,BOM,BLR,BOM-BLR,0.127,2026-09-18,T+45,Economy,3990.0,870.0,450.0,250.0,5560.0,INR,Available,False
2026-08-04T10:30:00,2026-08-04,Airline Direct,Air India,BOM,BLR,BOM-BLR,0.127,2026-08-05,T+1,Economy,7700.0,1430.0,690.0,300.0,10120.0,INR,Available,False
2026-08-04T10:30:00,2026-08-04,Airline Direct,Air India,BOM,BLR,BOM-BLR,0.127,2026-08-11,T+7,Economy,6270.0,1110.0,560.0,300.0,8240.0,INR,Available,False
2026-08-04T10:30:00,2026-08-04,Airline Direct,Air India,BOM,BLR,BOM-BLR,0.127,2026-08-19,T+15,Economy,5180.0,960.0,470.0,300.0,6910.0,INR,Available,False
2026-08-04T10:30:00,2026-08-04,Airline Direct,Air India,BOM,BLR,BOM-BLR,0.127,2026-09-03,T+30,Economy,4600.0,900.0,510.0,300.0,6310.0,INR,Available,False
2026-08-04T10:30:00,2026-08-04,Airline Direct,Air India,BOM,BLR,BOM-BLR,0.127,2026-09-18,T+45,Economy,4000.0,860.0,400.0,300.0,5560.0,INR,Available,False
2026-08-04T10:30:00,2026-08-04,OTA Aggregator,Air India Express,BOM,BLR,BOM-BLR,0.127,2026-08-05,T+1,Economy,6620.0,1200.0,640.0,300.0,8760.0,INR,Available,False
2026-08-04T10:30:00,2026-08-04,OTA Aggregator,Air India Express,BOM,BLR,BOM-BLR,0.127,2026-08-11,T+7,Economy,4970.0,960.0,500.0,300.0,6730.0,INR,Available,False
2026-08-04T10:30:00,2026-08-04,OTA Aggregator,Air India Express,BOM,BLR,BOM-BLR,0.127,2026-08-19,T+15,Economy,4180.0,910.0,460.0,300.0,5850.0,INR,Available,False
2026-08-04T10:30:00,2026-08-04,OTA Aggregator,Air India Express,BOM,BLR,BOM-BLR,0.127,2026-09-03,T+30,Economy,3800.0,730.0,440.0,300.0,5270.0,INR,Available,False
2026-08-04T10:30:00,2026-08-04,OTA Aggregator,Air India Express,BOM,BLR,BOM-BLR,0.127,2026-09-18,T+45,Economy,3690.0,810.0,390.0,300.0,5190.0,INR,Available,False
2026-08-04T10:30:00,2026-08-04,OTA Aggregator,Akasa Air,BOM,BLR,BOM-BLR,0.127,2026-08-05,T+1,Economy,8650.0,1520.0,800.0,300.0,11270.0,INR,Available,True
2026-08-04T10:30:00,2026-08-04,OTA Aggregator,Akasa Air,BOM,BLR,BOM-BLR,0.127,2026-08-11,T+7,Economy,5090.0,940.0,540.0,300.0,6870.0,INR,Available,False
2026-08-04T10:30:00,2026-08-04,OTA Aggregator,Akasa Air,BOM,BLR,BOM-BLR,0.127,2026-08-19,T+15,Economy,4670.0,990.0,480.0,300.0,6440.0,INR,Available,False
2026-08-04T10:30:00,2026-08-04,OTA Aggregator,Akasa Air,BOM,BLR,BOM-BLR,0.127,2026-09-03,T+30,Economy,3890.0,730.0,450.0,300.0,5370.0,INR,Available,False
2026-08-04T10:30:00,2026-08-04,OTA Aggregator,Akasa Air,BOM,BLR,BOM-BLR,0.127,2026-09-18,T+45,Economy,3540.0,680.0,390.0,300.0,4910.0,INR,Available,False
2026-08-04T10:30:00,2026-08-04,OTA Aggregator,SpiceJet,BOM,BLR,BOM-BLR,0.127,2026-08-05,T+1,Economy,7180.0,1370.0,650.0,250.0,9450.0,INR,Available,False
2026-08-04T10:30:00,2026-08-04,OTA Aggregator,SpiceJet,BOM,BLR,BOM-BLR,0.127,2026-08-11,T+7,Economy,5130.0,920.0,470.0,250.0,6770.0,INR,Available,False
2026-08-04T10:30:00,2026-08-04,OTA Aggregator,SpiceJet,BOM,BLR,BOM-BLR,0.127,2026-08-19,T+15,Economy,4910.0,990.0,460.0,250.0,6610.0,INR,Available,False
2026-08-04T10:30:00,2026-08-04,OTA Aggregator,SpiceJet,BOM,BLR,BOM-BLR,0.127,2026-09-03,T+30,Economy,4270.0,920.0,430.0,250.0,5870.0,INR,Available,False
2026-08-04T10:30:00,2026-08-04,OTA Aggregator,SpiceJet,BOM,BLR,BOM-BLR,0.127,2026-09-18,T+45,Economy,3770.0,710.0,370.0,250.0,5100.0,INR,Available,False
2026-08-04T10:30:00,2026-08-04,Airline Direct,IndiGo,DEL,CCU,DEL-CCU,0.113,2026-08-05,T+1,Economy,6420.0,1140.0,620.0,250.0,8430.0,INR,Available,False
2026-08-04T10:30:00,2026-08-04,Airline Direct,IndiGo,DEL,CCU,DEL-CCU,0.113,2026-08-11,T+7,Economy,5290.0,990.0,510.0,250.0,7040.0,INR,Available,False
2026-08-04T10:30:00,2026-08-04,Airline Direct,IndiGo,DEL,CCU,DEL-CCU,0.113,2026-08-19,T+15,Economy,4380.0,910.0,430.0,250.0,5970.0,INR,Available,False
2026-08-04T10:30:00,2026-08-04,Airline Direct,IndiGo,DEL,CCU,DEL-CCU,0.113,2026-09-03,T+30,Economy,3870.0,820.0,450.0,250.0,5390.0,INR,Available,False
2026-08-04T10:30:00,2026-08-04,Airline Direct,IndiGo,DEL,CCU,DEL-CCU,0.113,2026-09-18,T+45,Economy,4020.0,850.0,390.0,250.0,5510.0,INR,Available,False
2026-08-04T10:30:00,2026-08-04,Airline Direct,Air India,DEL,CCU,DEL-CCU,0.113,2026-08-05,T+1,Economy,7410.0,1380.0,680.0,300.0,9770.0,INR,Available,False
2026-08-04T10:30:00,2026-08-04,Airline Direct,Air India,DEL,CCU,DEL-CCU,0.113,2026-08-11,T+7,Economy,5860.0,1150.0,530.0,300.0,7840.0,INR,Available,False
2026-08-04T10:30:00,2026-08-04,Airline Direct,Air India,DEL,CCU,DEL-CCU,0.113,2026-08-19,T+15,Economy,5000.0,970.0,520.0,300.0,6790.0,INR,Available,False
2026-08-04T10:30:00,2026-08-04,Airline Direct,Air India,DEL,CCU,DEL-CCU,0.113,2026-09-03,T+30,Economy,4270.0,850.0,420.0,300.0,5840.0,INR,Available,False
2026-08-04T10:30:00,2026-08-04,Airline Direct,Air India,DEL,CCU,DEL-CCU,0.113,2026-09-18,T+45,Economy,4050.0,850.0,400.0,300.0,5600.0,INR,Available,False
2026-08-04T10:30:00,2026-08-04,OTA Aggregator,Air India Express,DEL,CCU,DEL-CCU,0.113,2026-08-05,T+1,Economy,6560.0,1200.0,580.0,300.0,8640.0,INR,Available,False
2026-08-04T10:30:00,2026-08-04,OTA Aggregator,Air India Express,DEL,CCU,DEL-CCU,0.113,2026-08-11,T+7,Economy,4960.0,920.0,500.0,300.0,6680.0,INR,Available,False
2026-08-04T10:30:00,2026-08-04,OTA Aggregator,Air India Express,DEL,CCU,DEL-CCU,0.113,2026-08-19,T+15,Economy,4330.0,920.0,470.0,300.0,6020.0,INR,Available,False
2026-08-04T10:30:00,2026-08-04,OTA Aggregator,Air India Express,DEL,CCU,DEL-CCU,0.113,2026-09-03,T+30,Economy,3750.0,800.0,430.0,300.0,5280.0,INR,Available,False
2026-08-04T10:30:00,2026-08-04,OTA Aggregator,Air India Express,DEL,CCU,DEL-CCU,0.113,2026-09-18,T+45,Economy,3520.0,700.0,380.0,300.0,4900.0,INR,Available,False
2026-08-04T10:30:00,2026-08-04,OTA Aggregator,Akasa Air,DEL,CCU,DEL-CCU,0.113,2026-08-05,T+1,Economy,6680.0,1250.0,680.0,300.0,8910.0,INR,Available,False
2026-08-04T10:30:00,2026-08-04,OTA Aggregator,Akasa Air,DEL,CCU,DEL-CCU,0.113,2026-08-11,T+7,Economy,5120.0,920.0,530.0,300.0,6870.0,INR,Available,False
2026-08-04T10:30:00,2026-08-04,OTA Aggregator,Akasa Air,DEL,CCU,DEL-CCU,0.113,2026-08-19,T+15,Economy,4390.0,950.0,500.0,300.0,6140.0,INR,Available,False
2026-08-04T10:30:00,2026-08-04,OTA Aggregator,Akasa Air,DEL,CCU,DEL-CCU,0.113,2026-09-03,T+30,Economy,3730.0,770.0,430.0,300.0,5230.0,INR,Available,False
2026-08-04T10:30:00,2026-08-04,OTA Aggregator,Akasa Air,DEL,CCU,DEL-CCU,0.113,2026-09-18,T+45,Economy,3400.0,770.0,330.0,300.0,4800.0,INR,Available,False
2026-08-04T10:30:00,2026-08-04,OTA Aggregator,SpiceJet,DEL,CCU,DEL-CCU,0.113,2026-08-05,T+1,Economy,6930.0,1240.0,620.0,250.0,9040.0,INR,Available,False
2026-08-04T10:30:00,2026-08-04,OTA Aggregator,SpiceJet,DEL,CCU,DEL-CCU,0.113,2026-08-11,T+7,Economy,5230.0,990.0,540.0,250.0,7010.0,INR,Available,False
2026-08-04T10:30:00,2026-08-04,OTA Aggregator,SpiceJet,DEL,CCU,DEL-CCU,0.113,2026-08-19,T+15,Economy,4340.0,800.0,430.0,250.0,5820.0,INR,Available,False
2026-08-04T10:30:00,2026-08-04,OTA Aggregator,SpiceJet,DEL,CCU,DEL-CCU,0.113,2026-09-03,T+30,Economy,4040.0,790.0,440.0,250.0,5520.0,INR,Available,False
2026-08-04T10:30:00,2026-08-04,OTA Aggregator,SpiceJet,DEL,CCU,DEL-CCU,0.113,2026-09-18,T+45,Economy,3560.0,800.0,400.0,250.0,5010.0,INR,Available,False
2026-08-04T10:30:00,2026-08-04,Airline Direct,IndiGo,BLR,HYD,BLR-HYD,0.098,2026-08-05,T+1,Economy,5320.0,1070.0,580.0,250.0,7220.0,INR,Available,False
2026-08-04T10:30:00,2026-08-04,Airline Direct,IndiGo,BLR,HYD,BLR-HYD,0.098,2026-08-11,T+7,Economy,4250.0,830.0,470.0,250.0,5800.0,INR,Available,False
2026-08-04T10:30:00,2026-08-04,Airline Direct,IndiGo,BLR,HYD,BLR-HYD,0.098,2026-08-19,T+15,Economy,3430.0,740.0,410.0,250.0,4830.0,INR,Available,False
2026-08-04T10:30:00,2026-08-04,Airline Direct,IndiGo,BLR,HYD,BLR-HYD,0.098,2026-09-03,T+30,Economy,2770.0,690.0,350.0,250.0,4060.0,INR,Available,False
2026-08-04T10:30:00,2026-08-04,Airline Direct,IndiGo,BLR,HYD,BLR-HYD,0.098,2026-09-18,T+45,Economy,2630.0,630.0,280.0,250.0,3790.0,INR,Available,False
2026-08-04T10:30:00,2026-08-04,Airline Direct,Air India,BLR,HYD,BLR-HYD,0.098,2026-08-05,T+1,Economy,5380.0,1010.0,510.0,300.0,7200.0,INR,Available,False
2026-08-04T10:30:00,2026-08-04,Airline Direct,Air India,BLR,HYD,BLR-HYD,0.098,2026-08-11,T+7,Economy,4270.0,790.0,390.0,300.0,5750.0,INR,Available,False
2026-08-04T10:30:00,2026-08-04,Airline Direct,Air India,BLR,HYD,BLR-HYD,0.098,2026-08-19,T+15,Economy,3670.0,840.0,390.0,300.0,5200.0,INR,Available,False
2026-08-04T10:30:00,2026-08-04,Airline Direct,Air India,BLR,HYD,BLR-HYD,0.098,2026-09-03,T+30,Economy,3450.0,680.0,420.0,300.0,4850.0,INR,Available,False
2026-08-04T10:30:00,2026-08-04,Airline Direct,Air India,BLR,HYD,BLR-HYD,0.098,2026-09-18,T+45,Economy,2910.0,680.0,290.0,300.0,4180.0,INR,Available,False
2026-08-04T10:30:00,2026-08-04,OTA Aggregator,Air India Express,BLR,HYD,BLR-HYD,0.098,2026-08-05,T+1,Economy,5050.0,980.0,520.0,300.0,6850.0,INR,Available,False
2026-08-04T10:30:00,2026-08-04,OTA Aggregator,Air India Express,BLR,HYD,BLR-HYD,0.098,2026-08-11,T+7,Economy,3740.0,720.0,450.0,300.0,5210.0,INR,Available,False
2026-08-04T10:30:00,2026-08-04,OTA Aggregator,Air India Express,BLR,HYD,BLR-HYD,0.098,2026-08-19,T+15,Economy,3340.0,710.0,340.0,300.0,4690.0,INR,Available,False
2026-08-04T10:30:00,2026-08-04,OTA Aggregator,Air India Express,BLR,HYD,BLR-HYD,0.098,2026-09-03,T+30,Economy,2950.0,600.0,310.0,300.0,4160.0,INR,Available,False
2026-08-04T10:30:00,2026-08-04,OTA Aggregator,Air India Express,BLR,HYD,BLR-HYD,0.098,2026-09-18,T+45,Economy,2620.0,570.0,270.0,300.0,3760.0,INR,Available,False
2026-08-04T10:30:00,2026-08-04,OTA Aggregator,Akasa Air,BLR,HYD,BLR-HYD,0.098,2026-08-05,T+1,Economy,4880.0,1010.0,530.0,300.0,6720.0,INR,Available,False
2026-08-04T10:30:00,2026-08-04,OTA Aggregator,Akasa Air,BLR,HYD,BLR-HYD,0.098,2026-08-11,T+7,Economy,4040.0,850.0,390.0,300.0,5580.0,INR,Available,False
2026-08-04T10:30:00,2026-08-04,OTA Aggregator,Akasa Air,BLR,HYD,BLR-HYD,0.098,2026-08-19,T+15,Economy,3210.0,740.0,330.0,300.0,4580.0,INR,Available,False
2026-08-04T10:30:00,2026-08-04,OTA Aggregator,Akasa Air,BLR,HYD,BLR-HYD,0.098,2026-09-03,T+30,Economy,2870.0,650.0,340.0,300.0,4160.0,INR,Available,False
2026-08-04T10:30:00,2026-08-04,OTA Aggregator,Akasa Air,BLR,HYD,BLR-HYD,0.098,2026-09-18,T+45,Economy,2480.0,510.0,340.0,300.0,3630.0,INR,Available,False
2026-08-04T10:30:00,2026-08-04,OTA Aggregator,SpiceJet,BLR,HYD,BLR-HYD,0.098,2026-08-05,T+1,Economy,4990.0,1040.0,540.0,250.0,6820.0,INR,Available,False
2026-08-04T10:30:00,2026-08-04,OTA Aggregator,SpiceJet,BLR,HYD,BLR-HYD,0.098,2026-08-11,T+7,Economy,3880.0,840.0,430.0,250.0,5400.0,INR,Available,False
2026-08-04T10:30:00,2026-08-04,OTA Aggregator,SpiceJet,BLR,HYD,BLR-HYD,0.098,2026-08-19,T+15,Economy,3250.0,680.0,350.0,250.0,4530.0,INR,Available,False
2026-08-04T10:30:00,2026-08-04,OTA Aggregator,SpiceJet,BLR,HYD,BLR-HYD,0.098,2026-09-03,T+30,Economy,2920.0,610.0,360.0,250.0,4140.0,INR,Available,False
2026-08-04T10:30:00,2026-08-04,OTA Aggregator,SpiceJet,BLR,HYD,BLR-HYD,0.098,2026-09-18,T+45,Economy,2600.0,550.0,330.0,250.0,3730.0,INR,Available,False
2026-08-04T10:30:00,2026-08-04,Airline Direct,IndiGo,MAA,DEL,MAA-DEL,0.086,2026-08-05,T+1,Economy,7960.0,1500.0,740.0,250.0,10450.0,INR,Available,False
2026-08-04T10:30:00,2026-08-04,Airline Direct,IndiGo,MAA,DEL,MAA-DEL,0.086,2026-08-11,T+7,Economy,6690.0,1290.0,620.0,250.0,8850.0,INR,Available,False
2026-08-04T10:30:00,2026-08-04,Airline Direct,IndiGo,MAA,DEL,MAA-DEL,0.086,2026-08-19,T+15,Economy,5130.0,1020.0,520.0,250.0,6920.0,INR,Available,False
2026-08-04T10:30:00,2026-08-04,Airline Direct,IndiGo,MAA,DEL,MAA-DEL,0.086,2026-09-03,T+30,Economy,4640.0,960.0,490.0,250.0,6340.0,INR,Available,False
2026-08-04T10:30:00,2026-08-04,Airline Direct,IndiGo,MAA,DEL,MAA-DEL,0.086,2026-09-18,T+45,Economy,4130.0,890.0,470.0,250.0,5740.0,INR,Available,False
2026-08-04T10:30:00,2026-08-04,Airline Direct,Air India,MAA,DEL,MAA-DEL,0.086,2026-08-05,T+1,Economy,8850.0,1620.0,820.0,300.0,11590.0,INR,Available,False
2026-08-04T10:30:00,2026-08-04,Airline Direct,Air India,MAA,DEL,MAA-DEL,0.086,2026-08-11,T+7,Economy,6750.0,1290.0,610.0,300.0,8950.0,INR,Available,False
2026-08-04T10:30:00,2026-08-04,Airline Direct,Air India,MAA,DEL,MAA-DEL,0.086,2026-08-19,T+15,Economy,5580.0,1100.0,510.0,300.0,7490.0,INR,Available,False
2026-08-04T10:30:00,2026-08-04,Airline Direct,Air India,MAA,DEL,MAA-DEL,0.086,2026-09-03,T+30,Economy,4770.0,990.0,510.0,300.0,6570.0,INR,Available,False
2026-08-04T10:30:00,2026-08-04,Airline Direct,Air India,MAA,DEL,MAA-DEL,0.086,2026-09-18,T+45,Economy,4480.0,860.0,470.0,300.0,6110.0,INR,Available,False
2026-08-04T10:30:00,2026-08-04,OTA Aggregator,Air India Express,MAA,DEL,MAA-DEL,0.086,2026-08-05,T+1,Economy,7330.0,1370.0,660.0,300.0,9660.0,INR,Available,False
2026-08-04T10:30:00,2026-08-04,OTA Aggregator,Air India Express,MAA,DEL,MAA-DEL,0.086,2026-08-11,T+7,Economy,5780.0,1140.0,520.0,300.0,7740.0,INR,Available,False
2026-08-04T10:30:00,2026-08-04,OTA Aggregator,Air India Express,MAA,DEL,MAA-DEL,0.086,2026-08-19,T+15,Economy,5180.0,1040.0,520.0,300.0,7040.0,INR,Available,False
2026-08-04T10:30:00,2026-08-04,OTA Aggregator,Air India Express,MAA,DEL,MAA-DEL,0.086,2026-09-03,T+30,Economy,4170.0,860.0,480.0,300.0,5810.0,INR,Available,False
2026-08-04T10:30:00,2026-08-04,OTA Aggregator,Air India Express,MAA,DEL,MAA-DEL,0.086,2026-09-18,T+45,Economy,3890.0,740.0,450.0,300.0,5380.0,INR,Available,False
2026-08-04T10:30:00,2026-08-04,OTA Aggregator,Akasa Air,MAA,DEL,MAA-DEL,0.086,2026-08-05,T+1,Economy,7370.0,1390.0,650.0,300.0,9710.0,INR,Available,False
2026-08-04T10:30:00,2026-08-04,OTA Aggregator,Akasa Air,MAA,DEL,MAA-DEL,0.086,2026-08-11,T+7,Economy,5810.0,1120.0,550.0,300.0,7780.0,INR,Available,False
2026-08-04T10:30:00,2026-08-04,OTA Aggregator,Akasa Air,MAA,DEL,MAA-DEL,0.086,2026-08-19,T+15,Economy,4840.0,1010.0,530.0,300.0,6680.0,INR,Available,False
2026-08-04T10:30:00,2026-08-04,OTA Aggregator,Akasa Air,MAA,DEL,MAA-DEL,0.086,2026-09-03,T+30,Economy,4300.0,930.0,470.0,300.0,6000.0,INR,Available,False
2026-08-04T10:30:00,2026-08-04,OTA Aggregator,Akasa Air,MAA,DEL,MAA-DEL,0.086,2026-09-18,T+45,Economy,3990.0,740.0,370.0,300.0,5400.0,INR,Available,False
2026-08-04T10:30:00,2026-08-04,OTA Aggregator,SpiceJet,MAA,DEL,MAA-DEL,0.086,2026-08-05,T+1,Economy,7500.0,1370.0,730.0,250.0,9850.0,INR,Available,False
2026-08-04T10:30:00,2026-08-04,OTA Aggregator,SpiceJet,MAA,DEL,MAA-DEL,0.086,2026-08-11,T+7,Economy,5780.0,1070.0,610.0,250.0,7710.0,INR,Available,False
2026-08-04T10:30:00,2026-08-04,OTA Aggregator,SpiceJet,MAA,DEL,MAA-DEL,0.086,2026-08-19,T+15,Economy,5350.0,1020.0,520.0,250.0,7140.0,INR,Available,False
2026-08-04T10:30:00,2026-08-04,OTA Aggregator,SpiceJet,MAA,DEL,MAA-DEL,0.086,2026-09-03,T+30,Economy,4430.0,910.0,430.0,250.0,6020.0,INR,Available,False
2026-08-04T10:30:00,2026-08-04,OTA Aggregator,SpiceJet,MAA,DEL,MAA-DEL,0.086,2026-09-18,T+45,Economy,3950.0,740.0,430.0,250.0,5370.0,INR,Available,False
2026-08-04T10:30:00,2026-08-04,Airline Direct,IndiGo,BOM,DEL,BOM-DEL,0.135,2026-08-05,T+1,Economy,8450.0,1470.0,770.0,250.0,10940.0,INR,Available,False
2026-08-04T10:30:00,2026-08-04,Airline Direct,IndiGo,BOM,DEL,BOM-DEL,0.135,2026-08-11,T+7,Economy,7030.0,1370.0,650.0,250.0,9300.0,INR,Available,False
2026-08-04T10:30:00,2026-08-04,Airline Direct,IndiGo,BOM,DEL,BOM-DEL,0.135,2026-08-19,T+15,Economy,5560.0,1030.0,590.0,250.0,7430.0,INR,Available,False
2026-08-04T10:30:00,2026-08-04,Airline Direct,IndiGo,BOM,DEL,BOM-DEL,0.135,2026-09-03,T+30,Economy,5350.0,1020.0,570.0,250.0,7190.0,INR,Available,False
2026-08-04T10:30:00,2026-08-04,Airline Direct,IndiGo,BOM,DEL,BOM-DEL,0.135,2026-09-18,T+45,Economy,4540.0,830.0,480.0,250.0,6100.0,INR,Available,False
2026-08-04T10:30:00,2026-08-04,Airline Direct,Air India,BOM,DEL,BOM-DEL,0.135,2026-08-05,T+1,Economy,9330.0,1720.0,840.0,300.0,12190.0,INR,Available,False
2026-08-04T10:30:00,2026-08-04,Airline Direct,Air India,BOM,DEL,BOM-DEL,0.135,2026-08-11,T+7,Economy,7460.0,1410.0,730.0,300.0,9900.0,INR,Available,False
2026-08-04T10:30:00,2026-08-04,Airline Direct,Air India,BOM,DEL,BOM-DEL,0.135,2026-08-19,T+15,Economy,6380.0,1230.0,620.0,300.0,8530.0,INR,Available,False
2026-08-04T10:30:00,2026-08-04,Airline Direct,Air India,BOM,DEL,BOM-DEL,0.135,2026-09-03,T+30,Economy,5500.0,1100.0,540.0,300.0,7440.0,INR,Available,False
2026-08-04T10:30:00,2026-08-04,Airline Direct,Air India,BOM,DEL,BOM-DEL,0.135,2026-09-18,T+45,Economy,5150.0,940.0,470.0,300.0,6860.0,INR,Available,False
2026-08-04T10:30:00,2026-08-04,OTA Aggregator,Air India Express,BOM,DEL,BOM-DEL,0.135,2026-08-05,T+1,Economy,7950.0,1450.0,690.0,300.0,10390.0,INR,Available,False
2026-08-04T10:30:00,2026-08-04,OTA Aggregator,Air India Express,BOM,DEL,BOM-DEL,0.135,2026-08-11,T+7,Economy,6670.0,1250.0,610.0,300.0,8830.0,INR,Available,False
2026-08-04T10:30:00,2026-08-04,OTA Aggregator,Air India Express,BOM,DEL,BOM-DEL,0.135,2026-08-19,T+15,Economy,5230.0,1010.0,470.0,300.0,7010.0,INR,Available,False
2026-08-04T10:30:00,2026-08-04,OTA Aggregator,Air India Express,BOM,DEL,BOM-DEL,0.135,2026-09-03,T+30,Economy,4810.0,880.0,470.0,300.0,6460.0,INR,Available,False
2026-08-04T10:30:00,2026-08-04,OTA Aggregator,Air India Express,BOM,DEL,BOM-DEL,0.135,2026-09-18,T+45,Economy,4650.0,890.0,490.0,300.0,6330.0,INR,Available,False
2026-08-04T10:30:00,2026-08-04,OTA Aggregator,Akasa Air,BOM,DEL,BOM-DEL,0.135,2026-08-05,T+1,Economy,8170.0,1520.0,710.0,300.0,10700.0,INR,Available,False
2026-08-04T10:30:00,2026-08-04,OTA Aggregator,Akasa Air,BOM,DEL,BOM-DEL,0.135,2026-08-11,T+7,Economy,6200.0,1130.0,640.0,300.0,8270.0,INR,Available,False
2026-08-04T10:30:00,2026-08-04,OTA Aggregator,Akasa Air,BOM,DEL,BOM-DEL,0.135,2026-08-19,T+15,Economy,5460.0,990.0,540.0,300.0,7290.0,INR,Available,False
2026-08-04T10:30:00,2026-08-04,OTA Aggregator,Akasa Air,BOM,DEL,BOM-DEL,0.135,2026-09-03,T+30,Economy,5000.0,980.0,450.0,300.0,6730.0,INR,Available,False
2026-08-04T10:30:00,2026-08-04,OTA Aggregator,Akasa Air,BOM,DEL,BOM-DEL,0.135,2026-09-18,T+45,Economy,4510.0,870.0,460.0,300.0,6140.0,INR,Available,False
2026-08-04T10:30:00,2026-08-04,OTA Aggregator,SpiceJet,BOM,DEL,BOM-DEL,0.135,2026-08-05,T+1,Economy,10520.0,1790.0,930.0,250.0,13490.0,INR,Available,True
2026-08-04T10:30:00,2026-08-04,OTA Aggregator,SpiceJet,BOM,DEL,BOM-DEL,0.135,2026-08-11,T+7,Economy,6400.0,1140.0,620.0,250.0,8410.0,INR,Available,False
2026-08-04T10:30:00,2026-08-04,OTA Aggregator,SpiceJet,BOM,DEL,BOM-DEL,0.135,2026-08-19,T+15,Economy,5770.0,1050.0,530.0,250.0,7600.0,INR,Available,False
2026-08-04T10:30:00,2026-08-04,OTA Aggregator,SpiceJet,BOM,DEL,BOM-DEL,0.135,2026-09-03,T+30,Economy,4960.0,910.0,510.0,250.0,6630.0,INR,Available,False
2026-08-04T10:30:00,2026-08-04,OTA Aggregator,SpiceJet,BOM,DEL,BOM-DEL,0.135,2026-09-18,T+45,Economy,4750.0,990.0,500.0,250.0,6490.0,INR,Available,False
2026-08-04T10:30:00,2026-08-04,Airline Direct,IndiGo,HYD,DEL,HYD-DEL,0.105,2026-08-05,T+1,Economy,6720.0,1230.0,670.0,250.0,8870.0,INR,Available,False
2026-08-04T10:30:00,2026-08-04,Airline Direct,IndiGo,HYD,DEL,HYD-DEL,0.105,2026-08-11,T+7,Economy,5350.0,1020.0,540.0,250.0,7160.0,INR,Available,False
2026-08-04T10:30:00,2026-08-04,Airline Direct,IndiGo,HYD,DEL,HYD-DEL,0.105,2026-08-19,T+15,Economy,4390.0,880.0,470.0,250.0,5990.0,INR,Available,False
2026-08-04T10:30:00,2026-08-04,Airline Direct,IndiGo,HYD,DEL,HYD-DEL,0.105,2026-09-03,T+30,Economy,3700.0,820.0,370.0,250.0,5140.0,INR,Available,False
2026-08-04T10:30:00,2026-08-04,Airline Direct,IndiGo,HYD,DEL,HYD-DEL,0.105,2026-09-18,T+45,Economy,3430.0,800.0,360.0,250.0,4840.0,INR,Available,False
2026-08-04T10:30:00,2026-08-04,Airline Direct,Air India,HYD,DEL,HYD-DEL,0.105,2026-08-05,T+1,Economy,7300.0,1340.0,690.0,300.0,9630.0,INR,Available,False
2026-08-04T10:30:00,2026-08-04,Airline Direct,Air India,HYD,DEL,HYD-DEL,0.105,2026-08-11,T+7,Economy,5420.0,1080.0,510.0,300.0,7310.0,INR,Available,False
2026-08-04T10:30:00,2026-08-04,Airline Direct,Air India,HYD,DEL,HYD-DEL,0.105,2026-08-19,T+15,Economy,4520.0,930.0,420.0,300.0,6170.0,INR,Available,False
2026-08-04T10:30:00,2026-08-04,Airline Direct,Air India,HYD,DEL,HYD-DEL,0.105,2026-09-03,T+30,Economy,4180.0,770.0,410.0,300.0,5660.0,INR,Available,False
2026-08-04T10:30:00,2026-08-04,Airline Direct,Air India,HYD,DEL,HYD-DEL,0.105,2026-09-18,T+45,Economy,3910.0,830.0,440.0,300.0,5480.0,INR,Available,False
2026-08-04T10:30:00,2026-08-04,OTA Aggregator,Air India Express,HYD,DEL,HYD-DEL,0.105,2026-08-05,T+1,Economy,6080.0,1120.0,570.0,300.0,8070.0,INR,Available,False
2026-08-04T10:30:00,2026-08-04,OTA Aggregator,Air India Express,HYD,DEL,HYD-DEL,0.105,2026-08-11,T+7,Economy,4750.0,930.0,500.0,300.0,6480.0,INR,Available,False
2026-08-04T10:30:00,2026-08-04,OTA Aggregator,Air India Express,HYD,DEL,HYD-DEL,0.105,2026-08-19,T+15,Economy,4160.0,840.0,470.0,300.0,5770.0,INR,Available,False
2026-08-04T10:30:00,2026-08-04,OTA Aggregator,Air India Express,HYD,DEL,HYD-DEL,0.105,2026-09-03,T+30,Economy,3470.0,700.0,390.0,300.0,4860.0,INR,Available,False
2026-08-04T10:30:00,2026-08-04,OTA Aggregator,Air India Express,HYD,DEL,HYD-DEL,0.105,2026-09-18,T+45,Economy,3310.0,770.0,340.0,300.0,4720.0,INR,Available,False
2026-08-04T10:30:00,2026-08-04,OTA Aggregator,Akasa Air,HYD,DEL,HYD-DEL,0.105,2026-08-05,T+1,Economy,6560.0,1170.0,650.0,300.0,8680.0,INR,Available,False
2026-08-04T10:30:00,2026-08-04,OTA Aggregator,Akasa Air,HYD,DEL,HYD-DEL,0.105,2026-08-11,T+7,Economy,5040.0,1040.0,470.0,300.0,6850.0,INR,Available,False
2026-08-04T10:30:00,2026-08-04,OTA Aggregator,Akasa Air,HYD,DEL,HYD-DEL,0.105,2026-08-19,T+15,Economy,4140.0,840.0,410.0,300.0,5690.0,INR,Available,False
2026-08-04T10:30:00,2026-08-04,OTA Aggregator,Akasa Air,HYD,DEL,HYD-DEL,0.105,2026-09-03,T+30,Economy,3530.0,800.0,380.0,300.0,5010.0,INR,Available,False
2026-08-04T10:30:00,2026-08-04,OTA Aggregator,Akasa Air,HYD,DEL,HYD-DEL,0.105,2026-09-18,T+45,Economy,3020.0,670.0,310.0,300.0,4300.0,INR,Available,False
2026-08-04T10:30:00,2026-08-04,OTA Aggregator,SpiceJet,HYD,DEL,HYD-DEL,0.105,2026-08-05,T+1,Economy,6420.0,1270.0,590.0,250.0,8530.0,INR,Available,False
2026-08-04T10:30:00,2026-08-04,OTA Aggregator,SpiceJet,HYD,DEL,HYD-DEL,0.105,2026-08-11,T+7,Economy,4690.0,970.0,440.0,250.0,6350.0,INR,Available,False
2026-08-04T10:30:00,2026-08-04,OTA Aggregator,SpiceJet,HYD,DEL,HYD-DEL,0.105,2026-08-19,T+15,Economy,4360.0,940.0,440.0,250.0,5990.0,INR,Available,False
2026-08-04T10:30:00,2026-08-04,OTA Aggregator,SpiceJet,HYD,DEL,HYD-DEL,0.105,2026-09-03,T+30,Economy,3650.0,730.0,420.0,250.0,5050.0,INR,Available,False
2026-08-04T10:30:00,2026-08-04,OTA Aggregator,SpiceJet,HYD,DEL,HYD-DEL,0.105,2026-09-18,T+45,Economy,3200.0,680.0,330.0,250.0,4460.0,INR,Available,False
2026-08-05T10:30:00,2026-08-05,Airline Direct,IndiGo,DEL,BOM,DEL-BOM,0.182,2026-08-06,T+1,Economy,9730.0,1680.0,830.0,300.0,12540.0,INR,Available,False
2026-08-05T10:30:00,2026-08-05,Airline Direct,IndiGo,DEL,BOM,DEL-BOM,0.182,2026-08-12,T+7,Economy,7340.0,1380.0,700.0,300.0,9720.0,INR,Available,False
2026-08-05T10:30:00,2026-08-05,Airline Direct,IndiGo,DEL,BOM,DEL-BOM,0.182,2026-08-20,T+15,Economy,6330.0,1230.0,610.0,300.0,8470.0,INR,Available,False
2026-08-05T10:30:00,2026-08-05,Airline Direct,IndiGo,DEL,BOM,DEL-BOM,0.182,2026-09-04,T+30,Economy,5270.0,1070.0,490.0,300.0,7130.0,INR,Available,False
2026-08-05T10:30:00,2026-08-05,Airline Direct,IndiGo,DEL,BOM,DEL-BOM,0.182,2026-09-19,T+45,Economy,4800.0,880.0,490.0,300.0,6470.0,INR,Available,False
2026-08-05T10:30:00,2026-08-05,Airline Direct,Air India,DEL,BOM,DEL-BOM,0.182,2026-08-06,T+1,Economy,9790.0,1670.0,850.0,250.0,12560.0,INR,Available,False
2026-08-05T10:30:00,2026-08-05,Airline Direct,Air India,DEL,BOM,DEL-BOM,0.182,2026-08-12,T+7,Economy,7900.0,1410.0,730.0,250.0,10290.0,INR,Available,False
2026-08-05T10:30:00,2026-08-05,Airline Direct,Air India,DEL,BOM,DEL-BOM,0.182,2026-08-20,T+15,Economy,6540.0,1150.0,590.0,250.0,8530.0,INR,Available,False
2026-08-05T10:30:00,2026-08-05,Airline Direct,Air India,DEL,BOM,DEL-BOM,0.182,2026-09-04,T+30,Economy,5890.0,1110.0,570.0,250.0,7820.0,INR,Available,False
2026-08-05T10:30:00,2026-08-05,Airline Direct,Air India,DEL,BOM,DEL-BOM,0.182,2026-09-19,T+45,Economy,5310.0,1020.0,540.0,250.0,7120.0,INR,Available,False
2026-08-05T10:30:00,2026-08-05,OTA Aggregator,Air India Express,DEL,BOM,DEL-BOM,0.182,2026-08-06,T+1,Economy,8830.0,1610.0,850.0,250.0,11540.0,INR,Available,False
2026-08-05T10:30:00,2026-08-05,OTA Aggregator,Air India Express,DEL,BOM,DEL-BOM,0.182,2026-08-12,T+7,Economy,6320.0,1130.0,620.0,250.0,8320.0,INR,Available,False
2026-08-05T10:30:00,2026-08-05,OTA Aggregator,Air India Express,DEL,BOM,DEL-BOM,0.182,2026-08-20,T+15,Economy,5800.0,1050.0,580.0,250.0,7680.0,INR,Available,False
2026-08-05T10:30:00,2026-08-05,OTA Aggregator,Air India Express,DEL,BOM,DEL-BOM,0.182,2026-09-04,T+30,Economy,4830.0,1000.0,530.0,250.0,6610.0,INR,Available,False
2026-08-05T10:30:00,2026-08-05,OTA Aggregator,Air India Express,DEL,BOM,DEL-BOM,0.182,2026-09-19,T+45,Economy,4470.0,910.0,490.0,250.0,6120.0,INR,Available,False
2026-08-05T10:30:00,2026-08-05,OTA Aggregator,Akasa Air,DEL,BOM,DEL-BOM,0.182,2026-08-06,T+1,Economy,9300.0,1590.0,890.0,250.0,12030.0,INR,Available,False
2026-08-05T10:30:00,2026-08-05,OTA Aggregator,Akasa Air,DEL,BOM,DEL-BOM,0.182,2026-08-12,T+7,Economy,6960.0,1250.0,670.0,250.0,9130.0,INR,Available,False
2026-08-05T10:30:00,2026-08-05,OTA Aggregator,Akasa Air,DEL,BOM,DEL-BOM,0.182,2026-08-20,T+15,Economy,5950.0,1110.0,590.0,250.0,7900.0,INR,Available,False
2026-08-05T10:30:00,2026-08-05,OTA Aggregator,Akasa Air,DEL,BOM,DEL-BOM,0.182,2026-09-04,T+30,Economy,5020.0,1050.0,460.0,250.0,6780.0,INR,Available,False
2026-08-05T10:30:00,2026-08-05,OTA Aggregator,Akasa Air,DEL,BOM,DEL-BOM,0.182,2026-09-19,T+45,Economy,4450.0,960.0,450.0,250.0,6110.0,INR,Available,False
2026-08-05T10:30:00,2026-08-05,OTA Aggregator,SpiceJet,DEL,BOM,DEL-BOM,0.182,2026-08-06,T+1,Economy,8970.0,1650.0,860.0,300.0,11780.0,INR,Available,False
2026-08-05T10:30:00,2026-08-05,OTA Aggregator,SpiceJet,DEL,BOM,DEL-BOM,0.182,2026-08-12,T+7,Economy,6950.0,1270.0,640.0,300.0,9160.0,INR,Available,False
2026-08-05T10:30:00,2026-08-05,OTA Aggregator,SpiceJet,DEL,BOM,DEL-BOM,0.182,2026-08-20,T+15,Economy,6040.0,1180.0,610.0,300.0,8130.0,INR,Available,False
2026-08-05T10:30:00,2026-08-05,OTA Aggregator,SpiceJet,DEL,BOM,DEL-BOM,0.182,2026-09-04,T+30,Economy,5170.0,990.0,550.0,300.0,7010.0,INR,Available,False
2026-08-05T10:30:00,2026-08-05,OTA Aggregator,SpiceJet,DEL,BOM,DEL-BOM,0.182,2026-09-19,T+45,Economy,4680.0,850.0,460.0,300.0,6290.0,INR,Available,False
2026-08-05T10:30:00,2026-08-05,Airline Direct,IndiGo,DEL,BLR,DEL-BLR,0.154,2026-08-06,T+1,Economy,8410.0,1510.0,790.0,300.0,11010.0,INR,Available,False
2026-08-05T10:30:00,2026-08-05,Airline Direct,IndiGo,DEL,BLR,DEL-BLR,0.154,2026-08-12,T+7,Economy,6500.0,1180.0,610.0,300.0,8590.0,INR,Available,False
2026-08-05T10:30:00,2026-08-05,Airline Direct,IndiGo,DEL,BLR,DEL-BLR,0.154,2026-08-20,T+15,Economy,5300.0,980.0,480.0,300.0,7060.0,INR,Available,False
2026-08-05T10:30:00,2026-08-05,Airline Direct,IndiGo,DEL,BLR,DEL-BLR,0.154,2026-09-04,T+30,Economy,5270.0,1040.0,520.0,300.0,7130.0,INR,Available,False
2026-08-05T10:30:00,2026-08-05,Airline Direct,IndiGo,DEL,BLR,DEL-BLR,0.154,2026-09-19,T+45,Economy,4750.0,920.0,520.0,300.0,6490.0,INR,Available,False
2026-08-05T10:30:00,2026-08-05,Airline Direct,Air India,DEL,BLR,DEL-BLR,0.154,2026-08-06,T+1,Economy,10750.0,1870.0,950.0,250.0,13820.0,INR,Available,True
2026-08-05T10:30:00,2026-08-05,Airline Direct,Air India,DEL,BLR,DEL-BLR,0.154,2026-08-12,T+7,Economy,7850.0,1420.0,740.0,250.0,10260.0,INR,Available,False
2026-08-05T10:30:00,2026-08-05,Airline Direct,Air India,DEL,BLR,DEL-BLR,0.154,2026-08-20,T+15,Economy,6700.0,1290.0,670.0,250.0,8910.0,INR,Available,False
2026-08-05T10:30:00,2026-08-05,Airline Direct,Air India,DEL,BLR,DEL-BLR,0.154,2026-09-04,T+30,Economy,5520.0,1090.0,590.0,250.0,7450.0,INR,Available,False
2026-08-05T10:30:00,2026-08-05,Airline Direct,Air India,DEL,BLR,DEL-BLR,0.154,2026-09-19,T+45,Economy,4910.0,1020.0,450.0,250.0,6630.0,INR,Available,False
2026-08-05T10:30:00,2026-08-05,OTA Aggregator,Air India Express,DEL,BLR,DEL-BLR,0.154,2026-08-06,T+1,Economy,8140.0,1460.0,710.0,250.0,10560.0,INR,Available,False
2026-08-05T10:30:00,2026-08-05,OTA Aggregator,Air India Express,DEL,BLR,DEL-BLR,0.154,2026-08-12,T+7,Economy,5830.0,1080.0,550.0,250.0,7710.0,INR,Available,False
2026-08-05T10:30:00,2026-08-05,OTA Aggregator,Air India Express,DEL,BLR,DEL-BLR,0.154,2026-08-20,T+15,Economy,5260.0,1060.0,520.0,250.0,7090.0,INR,Available,False
2026-08-05T10:30:00,2026-08-05,OTA Aggregator,Air India Express,DEL,BLR,DEL-BLR,0.154,2026-09-04,T+30,Economy,4730.0,960.0,460.0,250.0,6400.0,INR,Available,False
2026-08-05T10:30:00,2026-08-05,OTA Aggregator,Air India Express,DEL,BLR,DEL-BLR,0.154,2026-09-19,T+45,Economy,3990.0,800.0,380.0,250.0,5420.0,INR,Available,False
2026-08-05T10:30:00,2026-08-05,OTA Aggregator,Akasa Air,DEL,BLR,DEL-BLR,0.154,2026-08-06,T+1,Economy,8360.0,1520.0,790.0,250.0,10920.0,INR,Available,False
2026-08-05T10:30:00,2026-08-05,OTA Aggregator,Akasa Air,DEL,BLR,DEL-BLR,0.154,2026-08-12,T+7,Economy,6110.0,1090.0,600.0,250.0,8050.0,INR,Available,False
2026-08-05T10:30:00,2026-08-05,OTA Aggregator,Akasa Air,DEL,BLR,DEL-BLR,0.154,2026-08-20,T+15,Economy,5650.0,1090.0,510.0,250.0,7500.0,INR,Available,False
2026-08-05T10:30:00,2026-08-05,OTA Aggregator,Akasa Air,DEL,BLR,DEL-BLR,0.154,2026-09-04,T+30,Economy,4670.0,940.0,520.0,250.0,6380.0,INR,Available,False
2026-08-05T10:30:00,2026-08-05,OTA Aggregator,Akasa Air,DEL,BLR,DEL-BLR,0.154,2026-09-19,T+45,Economy,4490.0,950.0,430.0,250.0,6120.0,INR,Available,False
2026-08-05T10:30:00,2026-08-05,OTA Aggregator,SpiceJet,DEL,BLR,DEL-BLR,0.154,2026-08-06,T+1,Economy,8490.0,1550.0,770.0,300.0,11110.0,INR,Available,False
2026-08-05T10:30:00,2026-08-05,OTA Aggregator,SpiceJet,DEL,BLR,DEL-BLR,0.154,2026-08-12,T+7,Economy,6180.0,1210.0,570.0,300.0,8260.0,INR,Available,False
2026-08-05T10:30:00,2026-08-05,OTA Aggregator,SpiceJet,DEL,BLR,DEL-BLR,0.154,2026-08-20,T+15,Economy,5370.0,1080.0,520.0,300.0,7270.0,INR,Available,False
2026-08-05T10:30:00,2026-08-05,OTA Aggregator,SpiceJet,DEL,BLR,DEL-BLR,0.154,2026-09-04,T+30,Economy,4670.0,940.0,470.0,300.0,6380.0,INR,Available,False
2026-08-05T10:30:00,2026-08-05,OTA Aggregator,SpiceJet,DEL,BLR,DEL-BLR,0.154,2026-09-19,T+45,Economy,4450.0,900.0,420.0,300.0,6070.0,INR,Available,False
2026-08-05T10:30:00,2026-08-05,Airline Direct,IndiGo,BOM,BLR,BOM-BLR,0.127,2026-08-06,T+1,Economy,7560.0,1320.0,660.0,300.0,9840.0,INR,Available,False
2026-08-05T10:30:00,2026-08-05,Airline Direct,IndiGo,BOM,BLR,BOM-BLR,0.127,2026-08-12,T+7,Economy,5790.0,1120.0,570.0,300.0,7780.0,INR,Available,False
2026-08-05T10:30:00,2026-08-05,Airline Direct,IndiGo,BOM,BLR,BOM-BLR,0.127,2026-08-20,T+15,Economy,4600.0,890.0,480.0,300.0,6270.0,INR,Available,False
2026-08-05T10:30:00,2026-08-05,Airline Direct,IndiGo,BOM,BLR,BOM-BLR,0.127,2026-09-04,T+30,Economy,4260.0,860.0,490.0,300.0,5910.0,INR,Available,False
2026-08-05T10:30:00,2026-08-05,Airline Direct,IndiGo,BOM,BLR,BOM-BLR,0.127,2026-09-19,T+45,Economy,3940.0,790.0,410.0,300.0,5440.0,INR,Available,False
2026-08-05T10:30:00,2026-08-05,Airline Direct,Air India,BOM,BLR,BOM-BLR,0.127,2026-08-06,T+1,Economy,7770.0,1450.0,770.0,250.0,10240.0,INR,Available,False
2026-08-05T10:30:00,2026-08-05,Airline Direct,Air India,BOM,BLR,BOM-BLR,0.127,2026-08-12,T+7,Economy,6280.0,1150.0,560.0,250.0,8240.0,INR,Available,False
2026-08-05T10:30:00,2026-08-05,Airline Direct,Air India,BOM,BLR,BOM-BLR,0.127,2026-08-20,T+15,Economy,5550.0,1000.0,580.0,250.0,7380.0,INR,Available,False
2026-08-05T10:30:00,2026-08-05,Airline Direct,Air India,BOM,BLR,BOM-BLR,0.127,2026-09-04,T+30,Economy,4470.0,850.0,440.0,250.0,6010.0,INR,Available,False
2026-08-05T10:30:00,2026-08-05,Airline Direct,Air India,BOM,BLR,BOM-BLR,0.127,2026-09-19,T+45,Economy,4050.0,760.0,430.0,250.0,5490.0,INR,Available,False
2026-08-05T10:30:00,2026-08-05,OTA Aggregator,Air India Express,BOM,BLR,BOM-BLR,0.127,2026-08-06,T+1,Economy,6860.0,1300.0,650.0,250.0,9060.0,INR,Available,False
2026-08-05T10:30:00,2026-08-05,OTA Aggregator,Air India Express,BOM,BLR,BOM-BLR,0.127,2026-08-12,T+7,Economy,4960.0,940.0,480.0,250.0,6630.0,INR,Available,False
2026-08-05T10:30:00,2026-08-05,OTA Aggregator,Air India Express,BOM,BLR,BOM-BLR,0.127,2026-08-20,T+15,Economy,4580.0,940.0,460.0,250.0,6230.0,INR,Available,False
2026-08-05T10:30:00,2026-08-05,OTA Aggregator,Air India Express,BOM,BLR,BOM-BLR,0.127,2026-09-04,T+30,Economy,4150.0,770.0,440.0,250.0,5610.0,INR,Available,False
2026-08-05T10:30:00,2026-08-05,OTA Aggregator,Air India Express,BOM,BLR,BOM-BLR,0.127,2026-09-19,T+45,Economy,3450.0,730.0,340.0,250.0,4770.0,INR,Available,False
2026-08-05T10:30:00,2026-08-05,OTA Aggregator,Akasa Air,BOM,BLR,BOM-BLR,0.127,2026-08-06,T+1,Economy,7100.0,1350.0,650.0,250.0,9350.0,INR,Available,False
2026-08-05T10:30:00,2026-08-05,OTA Aggregator,Akasa Air,BOM,BLR,BOM-BLR,0.127,2026-08-12,T+7,Economy,5570.0,1130.0,520.0,250.0,7470.0,INR,Available,False
2026-08-05T10:30:00,2026-08-05,OTA Aggregator,Akasa Air,BOM,BLR,BOM-BLR,0.127,2026-08-20,T+15,Economy,4660.0,910.0,440.0,250.0,6260.0,INR,Available,False
2026-08-05T10:30:00,2026-08-05,OTA Aggregator,Akasa Air,BOM,BLR,BOM-BLR,0.127,2026-09-04,T+30,Economy,4140.0,840.0,440.0,250.0,5670.0,INR,Available,False
2026-08-05T10:30:00,2026-08-05,OTA Aggregator,Akasa Air,BOM,BLR,BOM-BLR,0.127,2026-09-19,T+45,Economy,3670.0,700.0,420.0,250.0,5040.0,INR,Available,False
2026-08-05T10:30:00,2026-08-05,OTA Aggregator,SpiceJet,BOM,BLR,BOM-BLR,0.127,2026-08-06,T+1,Economy,7130.0,1350.0,620.0,300.0,9400.0,INR,Available,False
2026-08-05T10:30:00,2026-08-05,OTA Aggregator,SpiceJet,BOM,BLR,BOM-BLR,0.127,2026-08-12,T+7,Economy,5450.0,1020.0,510.0,300.0,7280.0,INR,Available,False
2026-08-05T10:30:00,2026-08-05,OTA Aggregator,SpiceJet,BOM,BLR,BOM-BLR,0.127,2026-08-20,T+15,Economy,4550.0,970.0,470.0,300.0,6290.0,INR,Available,False
2026-08-05T10:30:00,2026-08-05,OTA Aggregator,SpiceJet,BOM,BLR,BOM-BLR,0.127,2026-09-04,T+30,Economy,4020.0,790.0,410.0,300.0,5520.0,INR,Available,False
2026-08-05T10:30:00,2026-08-05,OTA Aggregator,SpiceJet,BOM,BLR,BOM-BLR,0.127,2026-09-19,T+45,Economy,4010.0,820.0,460.0,300.0,5590.0,INR,Available,False
2026-08-05T10:30:00,2026-08-05,Airline Direct,IndiGo,DEL,CCU,DEL-CCU,0.113,2026-08-06,T+1,Economy,6750.0,1330.0,680.0,300.0,9060.0,INR,Available,False
2026-08-05T10:30:00,2026-08-05,Airline Direct,IndiGo,DEL,CCU,DEL-CCU,0.113,2026-08-12,T+7,Economy,5430.0,1030.0,570.0,300.0,7330.0,INR,Available,False
2026-08-05T10:30:00,2026-08-05,Airline Direct,IndiGo,DEL,CCU,DEL-CCU,0.113,2026-08-20,T+15,Economy,4600.0,970.0,500.0,300.0,6370.0,INR,Available,False
2026-08-05T10:30:00,2026-08-05,Airline Direct,IndiGo,DEL,CCU,DEL-CCU,0.113,2026-09-04,T+30,Economy,3920.0,740.0,400.0,300.0,5360.0,INR,Available,False
2026-08-05T10:30:00,2026-08-05,Airline Direct,IndiGo,DEL,CCU,DEL-CCU,0.113,2026-09-19,T+45,Economy,3820.0,740.0,430.0,300.0,5290.0,INR,Available,False
2026-08-05T10:30:00,2026-08-05,Airline Direct,Air India,DEL,CCU,DEL-CCU,0.113,2026-08-06,T+1,Economy,7590.0,1440.0,670.0,250.0,9950.0,INR,Available,False
2026-08-05T10:30:00,2026-08-05,Airline Direct,Air India,DEL,CCU,DEL-CCU,0.113,2026-08-12,T+7,Economy,5850.0,1170.0,610.0,250.0,7880.0,INR,Available,False
2026-08-05T10:30:00,2026-08-05,Airline Direct,Air India,DEL,CCU,DEL-CCU,0.113,2026-08-20,T+15,Economy,5420.0,1080.0,500.0,250.0,7250.0,INR,Available,False
2026-08-05T10:30:00,2026-08-05,Airline Direct,Air India,DEL,CCU,DEL-CCU,0.113,2026-09-04,T+30,Economy,4290.0,860.0,430.0,250.0,5830.0,INR,Available,False
2026-08-05T10:30:00,2026-08-05,Airline Direct,Air India,DEL,CCU,DEL-CCU,0.113,2026-09-19,T+45,Economy,3940.0,740.0,370.0,250.0,5300.0,INR,Available,False
2026-08-05T10:30:00,2026-08-05,OTA Aggregator,Air India Express,DEL,CCU,DEL-CCU,0.113,2026-08-06,T+1,Economy,6240.0,1240.0,600.0,250.0,8330.0,INR,Available,False
2026-08-05T10:30:00,2026-08-05,OTA Aggregator,Air India Express,DEL,CCU,DEL-CCU,0.113,2026-08-12,T+7,Economy,4970.0,940.0,500.0,250.0,6660.0,INR,Available,False
2026-08-05T10:30:00,2026-08-05,OTA Aggregator,Air India Express,DEL,CCU,DEL-CCU,0.113,2026-08-20,T+15,Economy,4320.0,860.0,410.0,250.0,5840.0,INR,Available,False
2026-08-05T10:30:00,2026-08-05,OTA Aggregator,Air India Express,DEL,CCU,DEL-CCU,0.113,2026-09-04,T+30,Economy,3540.0,760.0,400.0,250.0,4950.0,INR,Available,False
2026-08-05T10:30:00,2026-08-05,OTA Aggregator,Air India Express,DEL,CCU,DEL-CCU,0.113,2026-09-19,T+45,Economy,3470.0,680.0,330.0,250.0,4730.0,INR,Available,False
2026-08-05T10:30:00,2026-08-05,OTA Aggregator,Akasa Air,DEL,CCU,DEL-CCU,0.113,2026-08-06,T+1,Economy,8190.0,1560.0,710.0,250.0,10710.0,INR,Available,True
2026-08-05T10:30:00,2026-08-05,OTA Aggregator,Akasa Air,DEL,CCU,DEL-CCU,0.113,2026-08-12,T+7,Economy,5360.0,1060.0,580.0,250.0,7250.0,INR,Available,False
2026-08-05T10:30:00,2026-08-05,OTA Aggregator,Akasa Air,DEL,CCU,DEL-CCU,0.113,2026-08-20,T+15,Economy,4250.0,800.0,420.0,250.0,5720.0,INR,Available,False
2026-08-05T10:30:00,2026-08-05,OTA Aggregator,Akasa Air,DEL,CCU,DEL-CCU,0.113,2026-09-04,T+30,Economy,3720.0,710.0,420.0,250.0,5100.0,INR,Available,False
2026-08-05T10:30:00,2026-08-05,OTA Aggregator,Akasa Air,DEL,CCU,DEL-CCU,0.113,2026-09-19,T+45,Economy,3470.0,800.0,410.0,250.0,4930.0,INR,Available,False
2026-08-05T10:30:00,2026-08-05,OTA Aggregator,SpiceJet,DEL,CCU,DEL-CCU,0.113,2026-08-06,T+1,Economy,6570.0,1200.0,640.0,300.0,8710.0,INR,Available,False
2026-08-05T10:30:00,2026-08-05,OTA Aggregator,SpiceJet,DEL,CCU,DEL-CCU,0.113,2026-08-12,T+7,Economy,4740.0,880.0,520.0,300.0,6440.0,INR,Available,False
2026-08-05T10:30:00,2026-08-05,OTA Aggregator,SpiceJet,DEL,CCU,DEL-CCU,0.113,2026-08-20,T+15,Economy,4580.0,900.0,440.0,300.0,6220.0,INR,Available,False
2026-08-05T10:30:00,2026-08-05,OTA Aggregator,SpiceJet,DEL,CCU,DEL-CCU,0.113,2026-09-04,T+30,Economy,3700.0,820.0,420.0,300.0,5240.0,INR,Available,False
2026-08-05T10:30:00,2026-08-05,OTA Aggregator,SpiceJet,DEL,CCU,DEL-CCU,0.113,2026-09-19,T+45,Economy,3320.0,750.0,320.0,300.0,4690.0,INR,Available,False
2026-08-05T10:30:00,2026-08-05,Airline Direct,IndiGo,BLR,HYD,BLR-HYD,0.098,2026-08-06,T+1,Economy,6520.0,1180.0,650.0,300.0,8650.0,INR,Available,True
2026-08-05T10:30:00,2026-08-05,Airline Direct,IndiGo,BLR,HYD,BLR-HYD,0.098,2026-08-12,T+7,Economy,3730.0,720.0,400.0,300.0,5150.0,INR,Available,False
2026-08-05T10:30:00,2026-08-05,Airline Direct,IndiGo,BLR,HYD,BLR-HYD,0.098,2026-08-20,T+15,Economy,3380.0,720.0,370.0,300.0,4770.0,INR,Available,False
2026-08-05T10:30:00,2026-08-05,Airline Direct,IndiGo,BLR,HYD,BLR-HYD,0.098,2026-09-04,T+30,Economy,3040.0,710.0,300.0,300.0,4350.0,INR,Available,False
2026-08-05T10:30:00,2026-08-05,Airline Direct,IndiGo,BLR,HYD,BLR-HYD,0.098,2026-09-19,T+45,Economy,2680.0,580.0,340.0,300.0,3900.0,INR,Available,False
2026-08-05T10:30:00,2026-08-05,Airline Direct,Air India,BLR,HYD,BLR-HYD,0.098,2026-08-06,T+1,Economy,5740.0,1070.0,550.0,250.0,7610.0,INR,Available,False
2026-08-05T10:30:00,2026-08-05,Airline Direct,Air India,BLR,HYD,BLR-HYD,0.098,2026-08-12,T+7,Economy,4660.0,980.0,520.0,250.0,6410.0,INR,Available,False
2026-08-05T10:30:00,2026-08-05,Airline Direct,Air India,BLR,HYD,BLR-HYD,0.098,2026-08-20,T+15,Economy,3750.0,820.0,380.0,250.0,5200.0,INR,Available,False
2026-08-05T10:30:00,2026-08-05,Airline Direct,Air India,BLR,HYD,BLR-HYD,0.098,2026-09-04,T+30,Economy,3220.0,650.0,390.0,250.0,4510.0,INR,Available,False
2026-08-05T10:30:00,2026-08-05,Airline Direct,Air India,BLR,HYD,BLR-HYD,0.098,2026-09-19,T+45,Economy,3220.0,620.0,400.0,250.0,4490.0,INR,Available,False
2026-08-05T10:30:00,2026-08-05,OTA Aggregator,Air India Express,BLR,HYD,BLR-HYD,0.098,2026-08-06,T+1,Economy,5270.0,1080.0,540.0,250.0,7140.0,INR,Available,False
2026-08-05T10:30:00,2026-08-05,OTA Aggregator,Air India Express,BLR,HYD,BLR-HYD,0.098,2026-08-12,T+7,Economy,3700.0,780.0,350.0,250.0,5080.0,INR,Available,False
2026-08-05T10:30:00,2026-08-05,OTA Aggregator,Air India Express,BLR,HYD,BLR-HYD,0.098,2026-08-20,T+15,Economy,3080.0,700.0,350.0,250.0,4380.0,INR,Available,False
2026-08-05T10:30:00,2026-08-05,OTA Aggregator,Air India Express,BLR,HYD,BLR-HYD,0.098,2026-09-04,T+30,Economy,2800.0,650.0,280.0,250.0,3980.0,INR,Available,False
2026-08-05T10:30:00,2026-08-05,OTA Aggregator,Air India Express,BLR,HYD,BLR-HYD,0.098,2026-09-19,T+45,Economy,2600.0,530.0,270.0,250.0,3650.0,INR,Available,False
2026-08-05T10:30:00,2026-08-05,OTA Aggregator,Akasa Air,BLR,HYD,BLR-HYD,0.098,2026-08-06,T+1,Economy,6160.0,1230.0,620.0,250.0,8260.0,INR,Available,True
2026-08-05T10:30:00,2026-08-05,OTA Aggregator,Akasa Air,BLR,HYD,BLR-HYD,0.098,2026-08-12,T+7,Economy,3680.0,740.0,420.0,250.0,5090.0,INR,Available,False
2026-08-05T10:30:00,2026-08-05,OTA Aggregator,Akasa Air,BLR,HYD,BLR-HYD,0.098,2026-08-20,T+15,Economy,3180.0,710.0,320.0,250.0,4460.0,INR,Available,False
2026-08-05T10:30:00,2026-08-05,OTA Aggregator,Akasa Air,BLR,HYD,BLR-HYD,0.098,2026-09-04,T+30,Economy,2980.0,620.0,290.0,250.0,4140.0,INR,Available,False
2026-08-05T10:30:00,2026-08-05,OTA Aggregator,Akasa Air,BLR,HYD,BLR-HYD,0.098,2026-09-19,T+45,Economy,2700.0,540.0,360.0,250.0,3850.0,INR,Available,False
2026-08-05T10:30:00,2026-08-05,OTA Aggregator,SpiceJet,BLR,HYD,BLR-HYD,0.098,2026-08-06,T+1,Economy,5290.0,1000.0,490.0,300.0,7080.0,INR,Available,False
2026-08-05T10:30:00,2026-08-05,OTA Aggregator,SpiceJet,BLR,HYD,BLR-HYD,0.098,2026-08-12,T+7,Economy,3840.0,730.0,420.0,300.0,5290.0,INR,Available,False
2026-08-05T10:30:00,2026-08-05,OTA Aggregator,SpiceJet,BLR,HYD,BLR-HYD,0.098,2026-08-20,T+15,Economy,3430.0,730.0,330.0,300.0,4790.0,INR,Available,False
2026-08-05T10:30:00,2026-08-05,OTA Aggregator,SpiceJet,BLR,HYD,BLR-HYD,0.098,2026-09-04,T+30,Economy,3050.0,730.0,370.0,300.0,4450.0,INR,Available,False
2026-08-05T10:30:00,2026-08-05,OTA Aggregator,SpiceJet,BLR,HYD,BLR-HYD,0.098,2026-09-19,T+45,Economy,2820.0,660.0,360.0,300.0,4140.0,INR,Available,False
2026-08-05T10:30:00,2026-08-05,Airline Direct,IndiGo,MAA,DEL,MAA-DEL,0.086,2026-08-06,T+1,Economy,8490.0,1480.0,760.0,300.0,11030.0,INR,Available,False
2026-08-05T10:30:00,2026-08-05,Airline Direct,IndiGo,MAA,DEL,MAA-DEL,0.086,2026-08-12,T+7,Economy,5940.0,1120.0,590.0,300.0,7950.0,INR,Available,False
2026-08-05T10:30:00,2026-08-05,Airline Direct,IndiGo,MAA,DEL,MAA-DEL,0.086,2026-08-20,T+15,Economy,4890.0,1020.0,470.0,300.0,6680.0,INR,Available,False
2026-08-05T10:30:00,2026-08-05,Airline Direct,IndiGo,MAA,DEL,MAA-DEL,0.086,2026-09-04,T+30,Economy,4530.0,960.0,480.0,300.0,6270.0,INR,Available,False
2026-08-05T10:30:00,2026-08-05,Airline Direct,IndiGo,MAA,DEL,MAA-DEL,0.086,2026-09-19,T+45,Economy,4160.0,810.0,460.0,300.0,5730.0,INR,Available,False
2026-08-05T10:30:00,2026-08-05,Airline Direct,Air India,MAA,DEL,MAA-DEL,0.086,2026-08-06,T+1,Economy,8570.0,1540.0,820.0,250.0,11180.0,INR,Available,False
2026-08-05T10:30:00,2026-08-05,Airline Direct,Air India,MAA,DEL,MAA-DEL,0.086,2026-08-12,T+7,Economy,6720.0,1280.0,670.0,250.0,8920.0,INR,Available,False
2026-08-05T10:30:00,2026-08-05,Airline Direct,Air India,MAA,DEL,MAA-DEL,0.086,2026-08-20,T+15,Economy,5460.0,1060.0,590.0,250.0,7360.0,INR,Available,False
2026-08-05T10:30:00,2026-08-05,Airline Direct,Air India,MAA,DEL,MAA-DEL,0.086,2026-09-04,T+30,Economy,5020.0,1040.0,460.0,250.0,6770.0,INR,Available,False
2026-08-05T10:30:00,2026-08-05,Airline Direct,Air India,MAA,DEL,MAA-DEL,0.086,2026-09-19,T+45,Economy,4520.0,930.0,490.0,250.0,6190.0,INR,Available,False
2026-08-05T10:30:00,2026-08-05,OTA Aggregator,Air India Express,MAA,DEL,MAA-DEL,0.086,2026-08-06,T+1,Economy,7320.0,1350.0,720.0,250.0,9640.0,INR,Available,False
2026-08-05T10:30:00,2026-08-05,OTA Aggregator,Air India Express,MAA,DEL,MAA-DEL,0.086,2026-08-12,T+7,Economy,5730.0,1110.0,560.0,250.0,7650.0,INR,Available,False
2026-08-05T10:30:00,2026-08-05,OTA Aggregator,Air India Express,MAA,DEL,MAA-DEL,0.086,2026-08-20,T+15,Economy,5120.0,960.0,520.0,250.0,6850.0,INR,Available,False
2026-08-05T10:30:00,2026-08-05,OTA Aggregator,Air India Express,MAA,DEL,MAA-DEL,0.086,2026-09-04,T+30,Economy,4310.0,890.0,470.0,250.0,5920.0,INR,Available,False
2026-08-05T10:30:00,2026-08-05,OTA Aggregator,Air India Express,MAA,DEL,MAA-DEL,0.086,2026-09-19,T+45,Economy,3910.0,750.0,410.0,250.0,5320.0,INR,Available,False
2026-08-05T10:30:00,2026-08-05,OTA Aggregator,Akasa Air,MAA,DEL,MAA-DEL,0.086,2026-08-06,T+1,Economy,7450.0,1320.0,700.0,250.0,9720.0,INR,Available,False
2026-08-05T10:30:00,2026-08-05,OTA Aggregator,Akasa Air,MAA,DEL,MAA-DEL,0.086,2026-08-12,T+7,Economy,5620.0,1110.0,560.0,250.0,7540.0,INR,Available,False
2026-08-05T10:30:00,2026-08-05,OTA Aggregator,Akasa Air,MAA,DEL,MAA-DEL,0.086,2026-08-20,T+15,Economy,4840.0,990.0,490.0,250.0,6570.0,INR,Available,False
2026-08-05T10:30:00,2026-08-05,OTA Aggregator,Akasa Air,MAA,DEL,MAA-DEL,0.086,2026-09-04,T+30,Economy,4120.0,760.0,460.0,250.0,5590.0,INR,Available,False
2026-08-05T10:30:00,2026-08-05,OTA Aggregator,Akasa Air,MAA,DEL,MAA-DEL,0.086,2026-09-19,T+45,Economy,3750.0,720.0,380.0,250.0,5100.0,INR,Available,False
2026-08-05T10:30:00,2026-08-05,OTA Aggregator,SpiceJet,MAA,DEL,MAA-DEL,0.086,2026-08-06,T+1,Economy,7370.0,1430.0,680.0,300.0,9780.0,INR,Available,False
2026-08-05T10:30:00,2026-08-05,OTA Aggregator,SpiceJet,MAA,DEL,MAA-DEL,0.086,2026-08-12,T+7,Economy,6270.0,1240.0,610.0,300.0,8420.0,INR,Available,False
2026-08-05T10:30:00,2026-08-05,OTA Aggregator,SpiceJet,MAA,DEL,MAA-DEL,0.086,2026-08-20,T+15,Economy,4970.0,950.0,490.0,300.0,6710.0,INR,Available,False
2026-08-05T10:30:00,2026-08-05,OTA Aggregator,SpiceJet,MAA,DEL,MAA-DEL,0.086,2026-09-04,T+30,Economy,4150.0,880.0,390.0,300.0,5720.0,INR,Available,False
2026-08-05T10:30:00,2026-08-05,OTA Aggregator,SpiceJet,MAA,DEL,MAA-DEL,0.086,2026-09-19,T+45,Economy,4210.0,860.0,430.0,300.0,5800.0,INR,Available,False
2026-08-05T10:30:00,2026-08-05,Airline Direct,IndiGo,BOM,DEL,BOM-DEL,0.135,2026-08-06,T+1,Economy,8700.0,1580.0,800.0,300.0,11380.0,INR,Available,False
2026-08-05T10:30:00,2026-08-05,Airline Direct,IndiGo,BOM,DEL,BOM-DEL,0.135,2026-08-12,T+7,Economy,6890.0,1290.0,670.0,300.0,9150.0,INR,Available,False
2026-08-05T10:30:00,2026-08-05,Airline Direct,IndiGo,BOM,DEL,BOM-DEL,0.135,2026-08-20,T+15,Economy,5700.0,1140.0,560.0,300.0,7700.0,INR,Available,False
2026-08-05T10:30:00,2026-08-05,Airline Direct,IndiGo,BOM,DEL,BOM-DEL,0.135,2026-09-04,T+30,Economy,5220.0,950.0,470.0,300.0,6940.0,INR,Available,False
2026-08-05T10:30:00,2026-08-05,Airline Direct,IndiGo,BOM,DEL,BOM-DEL,0.135,2026-09-19,T+45,Economy,4850.0,980.0,520.0,300.0,6650.0,INR,Available,False
2026-08-05T10:30:00,2026-08-05,Airline Direct,Air India,BOM,DEL,BOM-DEL,0.135,2026-08-06,T+1,Economy,9370.0,1670.0,810.0,250.0,12100.0,INR,Available,False
2026-08-05T10:30:00,2026-08-05,Airline Direct,Air India,BOM,DEL,BOM-DEL,0.135,2026-08-12,T+7,Economy,7210.0,1270.0,650.0,250.0,9380.0,INR,Available,False
2026-08-05T10:30:00,2026-08-05,Airline Direct,Air India,BOM,DEL,BOM-DEL,0.135,2026-08-20,T+15,Economy,5890.0,1130.0,590.0,250.0,7860.0,INR,Available,False
2026-08-05T10:30:00,2026-08-05,Airline Direct,Air India,BOM,DEL,BOM-DEL,0.135,2026-09-04,T+30,Economy,5280.0,1040.0,550.0,250.0,7120.0,INR,Available,False
2026-08-05T10:30:00,2026-08-05,Airline Direct,Air India,BOM,DEL,BOM-DEL,0.135,2026-09-19,T+45,Economy,5360.0,980.0,520.0,250.0,7110.0,INR,Available,False
2026-08-05T10:30:00,2026-08-05,OTA Aggregator,Air India Express,BOM,DEL,BOM-DEL,0.135,2026-08-06,T+1,Economy,8060.0,1480.0,710.0,250.0,10500.0,INR,Available,False
2026-08-05T10:30:00,2026-08-05,OTA Aggregator,Air India Express,BOM,DEL,BOM-DEL,0.135,2026-08-12,T+7,Economy,6540.0,1200.0,610.0,250.0,8600.0,INR,Available,False
2026-08-05T10:30:00,2026-08-05,OTA Aggregator,Air India Express,BOM,DEL,BOM-DEL,0.135,2026-08-20,T+15,Economy,5270.0,1020.0,500.0,250.0,7040.0,INR,Available,False
2026-08-05T10:30:00,2026-08-05,OTA Aggregator,Air India Express,BOM,DEL,BOM-DEL,0.135,2026-09-04,T+30,Economy,4790.0,1010.0,460.0,250.0,6510.0,INR,Available,False
2026-08-05T10:30:00,2026-08-05,OTA Aggregator,Air India Express,BOM,DEL,BOM-DEL,0.135,2026-09-19,T+45,Economy,4450.0,940.0,420.0,250.0,6060.0,INR,Available,False
2026-08-05T10:30:00,2026-08-05,OTA Aggregator,Akasa Air,BOM,DEL,BOM-DEL,0.135,2026-08-06,T+1,Economy,8280.0,1490.0,760.0,250.0,10780.0,INR,Available,False
2026-08-05T10:30:00,2026-08-05,OTA Aggregator,Akasa Air,BOM,DEL,BOM-DEL,0.135,2026-08-12,T+7,Economy,6430.0,1190.0,640.0,250.0,8510.0,INR,Available,False
2026-08-05T10:30:00,2026-08-05,OTA Aggregator,Akasa Air,BOM,DEL,BOM-DEL,0.135,2026-08-20,T+15,Economy,5820.0,1150.0,530.0,250.0,7750.0,INR,Available,False
2026-08-05T10:30:00,2026-08-05,OTA Aggregator,Akasa Air,BOM,DEL,BOM-DEL,0.135,2026-09-04,T+30,Economy,4600.0,950.0,480.0,250.0,6280.0,INR,Available,False
2026-08-05T10:30:00,2026-08-05,OTA Aggregator,Akasa Air,BOM,DEL,BOM-DEL,0.135,2026-09-19,T+45,Economy,4430.0,950.0,410.0,250.0,6040.0,INR,Available,False
2026-08-05T10:30:00,2026-08-05,OTA Aggregator,SpiceJet,BOM,DEL,BOM-DEL,0.135,2026-08-06,T+1,Economy,8490.0,1500.0,820.0,300.0,11110.0,INR,Available,False
2026-08-05T10:30:00,2026-08-05,OTA Aggregator,SpiceJet,BOM,DEL,BOM-DEL,0.135,2026-08-12,T+7,Economy,6520.0,1180.0,600.0,300.0,8600.0,INR,Available,False
2026-08-05T10:30:00,2026-08-05,OTA Aggregator,SpiceJet,BOM,DEL,BOM-DEL,0.135,2026-08-20,T+15,Economy,5540.0,1100.0,500.0,300.0,7440.0,INR,Available,False
2026-08-05T10:30:00,2026-08-05,OTA Aggregator,SpiceJet,BOM,DEL,BOM-DEL,0.135,2026-09-04,T+30,Economy,5130.0,990.0,460.0,300.0,6880.0,INR,Available,False
2026-08-05T10:30:00,2026-08-05,OTA Aggregator,SpiceJet,BOM,DEL,BOM-DEL,0.135,2026-09-19,T+45,Economy,4490.0,880.0,440.0,300.0,6110.0,INR,Available,False
2026-08-05T10:30:00,2026-08-05,Airline Direct,IndiGo,HYD,DEL,HYD-DEL,0.105,2026-08-06,T+1,Economy,6390.0,1130.0,630.0,300.0,8450.0,INR,Available,False
2026-08-05T10:30:00,2026-08-05,Airline Direct,IndiGo,HYD,DEL,HYD-DEL,0.105,2026-08-12,T+7,Economy,5150.0,1060.0,470.0,300.0,6980.0,INR,Available,False
2026-08-05T10:30:00,2026-08-05,Airline Direct,IndiGo,HYD,DEL,HYD-DEL,0.105,2026-08-20,T+15,Economy,4450.0,870.0,430.0,300.0,6050.0,INR,Available,False
2026-08-05T10:30:00,2026-08-05,Airline Direct,IndiGo,HYD,DEL,HYD-DEL,0.105,2026-09-04,T+30,Economy,3910.0,760.0,420.0,300.0,5390.0,INR,Available,False
2026-08-05T10:30:00,2026-08-05,Airline Direct,IndiGo,HYD,DEL,HYD-DEL,0.105,2026-09-19,T+45,Economy,3340.0,700.0,410.0,300.0,4750.0,INR,Available,False
2026-08-05T10:30:00,2026-08-05,Airline Direct,Air India,HYD,DEL,HYD-DEL,0.105,2026-08-06,T+1,Economy,6780.0,1210.0,610.0,250.0,8850.0,INR,Available,False
2026-08-05T10:30:00,2026-08-05,Airline Direct,Air India,HYD,DEL,HYD-DEL,0.105,2026-08-12,T+7,Economy,5770.0,1060.0,600.0,250.0,7680.0,INR,Available,False
2026-08-05T10:30:00,2026-08-05,Airline Direct,Air India,HYD,DEL,HYD-DEL,0.105,2026-08-20,T+15,Economy,4890.0,900.0,530.0,250.0,6570.0,INR,Available,False
2026-08-05T10:30:00,2026-08-05,Airline Direct,Air India,HYD,DEL,HYD-DEL,0.105,2026-09-04,T+30,Economy,4490.0,930.0,420.0,250.0,6090.0,INR,Available,False
2026-08-05T10:30:00,2026-08-05,Airline Direct,Air India,HYD,DEL,HYD-DEL,0.105,2026-09-19,T+45,Economy,3830.0,730.0,400.0,250.0,5210.0,INR,Available,False
2026-08-05T10:30:00,2026-08-05,OTA Aggregator,Air India Express,HYD,DEL,HYD-DEL,0.105,2026-08-06,T+1,Economy,6510.0,1170.0,670.0,250.0,8600.0,INR,Available,False
2026-08-05T10:30:00,2026-08-05,OTA Aggregator,Air India Express,HYD,DEL,HYD-DEL,0.105,2026-08-12,T+7,Economy,4800.0,940.0,480.0,250.0,6470.0,INR,Available,False
2026-08-05T10:30:00,2026-08-05,OTA Aggregator,Air India Express,HYD,DEL,HYD-DEL,0.105,2026-08-20,T+15,Economy,4150.0,860.0,440.0,250.0,5700.0,INR,Available,False
2026-08-05T10:30:00,2026-08-05,OTA Aggregator,Air India Express,HYD,DEL,HYD-DEL,0.105,2026-09-04,T+30,Economy,3500.0,780.0,380.0,250.0,4910.0,INR,Available,False
2026-08-05T10:30:00,2026-08-05,OTA Aggregator,Air India Express,HYD,DEL,HYD-DEL,0.105,2026-09-19,T+45,Economy,3140.0,610.0,380.0,250.0,4380.0,INR,Available,False
2026-08-05T10:30:00,2026-08-05,OTA Aggregator,Akasa Air,HYD,DEL,HYD-DEL,0.105,2026-08-06,T+1,Economy,6110.0,1130.0,610.0,250.0,8100.0,INR,Available,False
2026-08-05T10:30:00,2026-08-05,OTA Aggregator,Akasa Air,HYD,DEL,HYD-DEL,0.105,2026-08-12,T+7,Economy,4690.0,930.0,450.0,250.0,6320.0,INR,Available,False
2026-08-05T10:30:00,2026-08-05,OTA Aggregator,Akasa Air,HYD,DEL,HYD-DEL,0.105,2026-08-20,T+15,Economy,4060.0,820.0,470.0,250.0,5600.0,INR,Available,False
2026-08-05T10:30:00,2026-08-05,OTA Aggregator,Akasa Air,HYD,DEL,HYD-DEL,0.105,2026-09-04,T+30,Economy,3640.0,800.0,340.0,250.0,5030.0,INR,Available,False
2026-08-05T10:30:00,2026-08-05,OTA Aggregator,Akasa Air,HYD,DEL,HYD-DEL,0.105,2026-09-19,T+45,Economy,3280.0,760.0,370.0,250.0,4660.0,INR,Available,False
2026-08-05T10:30:00,2026-08-05,OTA Aggregator,SpiceJet,HYD,DEL,HYD-DEL,0.105,2026-08-06,T+1,Economy,6220.0,1110.0,610.0,300.0,8240.0,INR,Available,False
2026-08-05T10:30:00,2026-08-05,OTA Aggregator,SpiceJet,HYD,DEL,HYD-DEL,0.105,2026-08-12,T+7,Economy,4850.0,990.0,530.0,300.0,6670.0,INR,Available,False
2026-08-05T10:30:00,2026-08-05,OTA Aggregator,SpiceJet,HYD,DEL,HYD-DEL,0.105,2026-08-20,T+15,Economy,4370.0,830.0,450.0,300.0,5950.0,INR,Available,False
2026-08-05T10:30:00,2026-08-05,OTA Aggregator,SpiceJet,HYD,DEL,HYD-DEL,0.105,2026-09-04,T+30,Economy,3770.0,790.0,420.0,300.0,5280.0,INR,Available,False
2026-08-05T10:30:00,2026-08-05,OTA Aggregator,SpiceJet,HYD,DEL,HYD-DEL,0.105,2026-09-19,T+45,Economy,3280.0,740.0,350.0,300.0,4670.0,INR,Available,False
2026-08-06T10:30:00,2026-08-06,Airline Direct,IndiGo,DEL,BOM,DEL-BOM,0.182,2026-08-07,T+1,Economy,9290.0,1690.0,870.0,250.0,12100.0,INR,Available,False
2026-08-06T10:30:00,2026-08-06,Airline Direct,IndiGo,DEL,BOM,DEL-BOM,0.182,2026-08-13,T+7,Economy,7360.0,1330.0,720.0,250.0,9660.0,INR,Available,False
2026-08-06T10:30:00,2026-08-06,Airline Direct,IndiGo,DEL,BOM,DEL-BOM,0.182,2026-08-21,T+15,Economy,6040.0,1210.0,550.0,250.0,8050.0,INR,Available,False
2026-08-06T10:30:00,2026-08-06,Airline Direct,IndiGo,DEL,BOM,DEL-BOM,0.182,2026-09-05,T+30,Economy,5390.0,990.0,500.0,250.0,7130.0,INR,Available,False
2026-08-06T10:30:00,2026-08-06,Airline Direct,IndiGo,DEL,BOM,DEL-BOM,0.182,2026-09-20,T+45,Economy,4920.0,910.0,490.0,250.0,6570.0,INR,Available,False
2026-08-06T10:30:00,2026-08-06,Airline Direct,Air India,DEL,BOM,DEL-BOM,0.182,2026-08-07,T+1,Economy,10280.0,1760.0,960.0,300.0,13300.0,INR,Available,False
2026-08-06T10:30:00,2026-08-06,Airline Direct,Air India,DEL,BOM,DEL-BOM,0.182,2026-08-13,T+7,Economy,7730.0,1480.0,710.0,300.0,10220.0,INR,Available,False
2026-08-06T10:30:00,2026-08-06,Airline Direct,Air India,DEL,BOM,DEL-BOM,0.182,2026-08-21,T+15,Economy,6900.0,1350.0,670.0,300.0,9220.0,INR,Available,False
2026-08-06T10:30:00,2026-08-06,Airline Direct,Air India,DEL,BOM,DEL-BOM,0.182,2026-09-05,T+30,Economy,5510.0,1110.0,530.0,300.0,7450.0,INR,Available,False
2026-08-06T10:30:00,2026-08-06,Airline Direct,Air India,DEL,BOM,DEL-BOM,0.182,2026-09-20,T+45,Economy,5340.0,980.0,480.0,300.0,7100.0,INR,Available,False
2026-08-06T10:30:00,2026-08-06,OTA Aggregator,Air India Express,DEL,BOM,DEL-BOM,0.182,2026-08-07,T+1,Economy,8880.0,1650.0,770.0,300.0,11600.0,INR,Available,False
2026-08-06T10:30:00,2026-08-06,OTA Aggregator,Air India Express,DEL,BOM,DEL-BOM,0.182,2026-08-13,T+7,Economy,7180.0,1360.0,640.0,300.0,9480.0,INR,Available,False
2026-08-06T10:30:00,2026-08-06,OTA Aggregator,Air India Express,DEL,BOM,DEL-BOM,0.182,2026-08-21,T+15,Economy,5660.0,1090.0,570.0,300.0,7620.0,INR,Available,False
2026-08-06T10:30:00,2026-08-06,OTA Aggregator,Air India Express,DEL,BOM,DEL-BOM,0.182,2026-09-05,T+30,Economy,4930.0,940.0,490.0,300.0,6660.0,INR,Available,False
2026-08-06T10:30:00,2026-08-06,OTA Aggregator,Air India Express,DEL,BOM,DEL-BOM,0.182,2026-09-20,T+45,Economy,4460.0,870.0,460.0,300.0,6090.0,INR,Available,False
2026-08-06T10:30:00,2026-08-06,OTA Aggregator,Akasa Air,DEL,BOM,DEL-BOM,0.182,2026-08-07,T+1,Economy,9110.0,1610.0,800.0,300.0,11820.0,INR,Available,False
2026-08-06T10:30:00,2026-08-06,OTA Aggregator,Akasa Air,DEL,BOM,DEL-BOM,0.182,2026-08-13,T+7,Economy,6920.0,1220.0,630.0,300.0,9070.0,INR,Available,False
2026-08-06T10:30:00,2026-08-06,OTA Aggregator,Akasa Air,DEL,BOM,DEL-BOM,0.182,2026-08-21,T+15,Economy,5840.0,1060.0,550.0,300.0,7750.0,INR,Available,False
2026-08-06T10:30:00,2026-08-06,OTA Aggregator,Akasa Air,DEL,BOM,DEL-BOM,0.182,2026-09-05,T+30,Economy,5260.0,1040.0,530.0,300.0,7130.0,INR,Available,False
2026-08-06T10:30:00,2026-08-06,OTA Aggregator,Akasa Air,DEL,BOM,DEL-BOM,0.182,2026-09-20,T+45,Economy,4530.0,880.0,500.0,300.0,6210.0,INR,Available,False
2026-08-06T10:30:00,2026-08-06,OTA Aggregator,SpiceJet,DEL,BOM,DEL-BOM,0.182,2026-08-07,T+1,Economy,9030.0,1560.0,840.0,250.0,11680.0,INR,Available,False
2026-08-06T10:30:00,2026-08-06,OTA Aggregator,SpiceJet,DEL,BOM,DEL-BOM,0.182,2026-08-13,T+7,Economy,6860.0,1250.0,670.0,250.0,9030.0,INR,Available,False
2026-08-06T10:30:00,2026-08-06,OTA Aggregator,SpiceJet,DEL,BOM,DEL-BOM,0.182,2026-08-21,T+15,Economy,5770.0,1150.0,540.0,250.0,7710.0,INR,Available,False
2026-08-06T10:30:00,2026-08-06,OTA Aggregator,SpiceJet,DEL,BOM,DEL-BOM,0.182,2026-09-05,T+30,Economy,5180.0,1030.0,530.0,250.0,6990.0,INR,Available,False
2026-08-06T10:30:00,2026-08-06,OTA Aggregator,SpiceJet,DEL,BOM,DEL-BOM,0.182,2026-09-20,T+45,Economy,4360.0,830.0,400.0,250.0,5840.0,INR,Available,False
2026-08-06T10:30:00,2026-08-06,Airline Direct,IndiGo,DEL,BLR,DEL-BLR,0.154,2026-08-07,T+1,Economy,8790.0,1600.0,850.0,250.0,11490.0,INR,Available,False
2026-08-06T10:30:00,2026-08-06,Airline Direct,IndiGo,DEL,BLR,DEL-BLR,0.154,2026-08-13,T+7,Economy,6830.0,1310.0,660.0,250.0,9050.0,INR,Available,False
2026-08-06T10:30:00,2026-08-06,Airline Direct,IndiGo,DEL,BLR,DEL-BLR,0.154,2026-08-21,T+15,Economy,5850.0,1080.0,610.0,250.0,7790.0,INR,Available,False
2026-08-06T10:30:00,2026-08-06,Airline Direct,IndiGo,DEL,BLR,DEL-BLR,0.154,2026-09-05,T+30,Economy,5120.0,940.0,500.0,250.0,6810.0,INR,Available,False
2026-08-06T10:30:00,2026-08-06,Airline Direct,IndiGo,DEL,BLR,DEL-BLR,0.154,2026-09-20,T+45,Economy,4910.0,950.0,530.0,250.0,6640.0,INR,Available,False
2026-08-06T10:30:00,2026-08-06,Airline Direct,Air India,DEL,BLR,DEL-BLR,0.154,2026-08-07,T+1,Economy,8730.0,1510.0,790.0,300.0,11330.0,INR,Available,False
2026-08-06T10:30:00,2026-08-06,Airline Direct,Air India,DEL,BLR,DEL-BLR,0.154,2026-08-13,T+7,Economy,7510.0,1310.0,720.0,300.0,9840.0,INR,Available,False
2026-08-06T10:30:00,2026-08-06,Airline Direct,Air India,DEL,BLR,DEL-BLR,0.154,2026-08-21,T+15,Economy,6160.0,1210.0,570.0,300.0,8240.0,INR,Available,False
2026-08-06T10:30:00,2026-08-06,Airline Direct,Air India,DEL,BLR,DEL-BLR,0.154,2026-09-05,T+30,Economy,5480.0,1110.0,560.0,300.0,7450.0,INR,Available,False
2026-08-06T10:30:00,2026-08-06,Airline Direct,Air India,DEL,BLR,DEL-BLR,0.154,2026-09-20,T+45,Economy,5120.0,960.0,550.0,300.0,6930.0,INR,Available,False
2026-08-06T10:30:00,2026-08-06,OTA Aggregator,Air India Express,DEL,BLR,DEL-BLR,0.154,2026-08-07,T+1,Economy,7900.0,1470.0,740.0,300.0,10410.0,INR,Available,False
2026-08-06T10:30:00,2026-08-06,OTA Aggregator,Air India Express,DEL,BLR,DEL-BLR,0.154,2026-08-13,T+7,Economy,6160.0,1090.0,590.0,300.0,8140.0,INR,Available,False
2026-08-06T10:30:00,2026-08-06,OTA Aggregator,Air India Express,DEL,BLR,DEL-BLR,0.154,2026-08-21,T+15,Economy,5230.0,980.0,530.0,300.0,7040.0,INR,Available,False
2026-08-06T10:30:00,2026-08-06,OTA Aggregator,Air India Express,DEL,BLR,DEL-BLR,0.154,2026-09-05,T+30,Economy,4430.0,920.0,410.0,300.0,6060.0,INR,Available,False
2026-08-06T10:30:00,2026-08-06,OTA Aggregator,Air India Express,DEL,BLR,DEL-BLR,0.154,2026-09-20,T+45,Economy,4070.0,890.0,460.0,300.0,5720.0,INR,Available,False
2026-08-06T10:30:00,2026-08-06,OTA Aggregator,Akasa Air,DEL,BLR,DEL-BLR,0.154,2026-08-07,T+1,Economy,8500.0,1490.0,740.0,300.0,11030.0,INR,Available,False
2026-08-06T10:30:00,2026-08-06,OTA Aggregator,Akasa Air,DEL,BLR,DEL-BLR,0.154,2026-08-13,T+7,Economy,6730.0,1210.0,670.0,300.0,8910.0,INR,Available,False
2026-08-06T10:30:00,2026-08-06,OTA Aggregator,Akasa Air,DEL,BLR,DEL-BLR,0.154,2026-08-21,T+15,Economy,5420.0,1120.0,570.0,300.0,7410.0,INR,Available,False
2026-08-06T10:30:00,2026-08-06,OTA Aggregator,Akasa Air,DEL,BLR,DEL-BLR,0.154,2026-09-05,T+30,Economy,4620.0,920.0,430.0,300.0,6270.0,INR,Available,False
2026-08-06T10:30:00,2026-08-06,OTA Aggregator,Akasa Air,DEL,BLR,DEL-BLR,0.154,2026-09-20,T+45,Economy,4380.0,820.0,410.0,300.0,5910.0,INR,Available,False
2026-08-06T10:30:00,2026-08-06,OTA Aggregator,SpiceJet,DEL,BLR,DEL-BLR,0.154,2026-08-07,T+1,Economy,8740.0,1600.0,830.0,250.0,11420.0,INR,Available,False
2026-08-06T10:30:00,2026-08-06,OTA Aggregator,SpiceJet,DEL,BLR,DEL-BLR,0.154,2026-08-13,T+7,Economy,6520.0,1220.0,610.0,250.0,8600.0,INR,Available,False
2026-08-06T10:30:00,2026-08-06,OTA Aggregator,SpiceJet,DEL,BLR,DEL-BLR,0.154,2026-08-21,T+15,Economy,5710.0,1060.0,550.0,250.0,7570.0,INR,Available,False
2026-08-06T10:30:00,2026-08-06,OTA Aggregator,SpiceJet,DEL,BLR,DEL-BLR,0.154,2026-09-05,T+30,Economy,4890.0,1020.0,490.0,250.0,6650.0,INR,Available,False
2026-08-06T10:30:00,2026-08-06,OTA Aggregator,SpiceJet,DEL,BLR,DEL-BLR,0.154,2026-09-20,T+45,Economy,4630.0,930.0,480.0,250.0,6290.0,INR,Available,False
2026-08-06T10:30:00,2026-08-06,Airline Direct,IndiGo,BOM,BLR,BOM-BLR,0.127,2026-08-07,T+1,Economy,7840.0,1430.0,690.0,250.0,10210.0,INR,Available,False
2026-08-06T10:30:00,2026-08-06,Airline Direct,IndiGo,BOM,BLR,BOM-BLR,0.127,2026-08-13,T+7,Economy,5870.0,1100.0,570.0,250.0,7790.0,INR,Available,False
2026-08-06T10:30:00,2026-08-06,Airline Direct,IndiGo,BOM,BLR,BOM-BLR,0.127,2026-08-21,T+15,Economy,4950.0,980.0,520.0,250.0,6700.0,INR,Available,False
2026-08-06T10:30:00,2026-08-06,Airline Direct,IndiGo,BOM,BLR,BOM-BLR,0.127,2026-09-05,T+30,Economy,4260.0,860.0,450.0,250.0,5820.0,INR,Available,False
2026-08-06T10:30:00,2026-08-06,Airline Direct,IndiGo,BOM,BLR,BOM-BLR,0.127,2026-09-20,T+45,Economy,3880.0,780.0,410.0,250.0,5320.0,INR,Available,False
2026-08-06T10:30:00,2026-08-06,Airline Direct,Air India,BOM,BLR,BOM-BLR,0.127,2026-08-07,T+1,Economy,9950.0,1710.0,870.0,300.0,12830.0,INR,Available,True
2026-08-06T10:30:00,2026-08-06,Airline Direct,Air India,BOM,BLR,BOM-BLR,0.127,2026-08-13,T+7,Economy,5870.0,1130.0,550.0,300.0,7850.0,INR,Available,False
2026-08-06T10:30:00,2026-08-06,Airline Direct,Air India,BOM,BLR,BOM-BLR,0.127,2026-08-21,T+15,Economy,5250.0,970.0,520.0,300.0,7040.0,INR,Available,False
2026-08-06T10:30:00,2026-08-06,Airline Direct,Air India,BOM,BLR,BOM-BLR,0.127,2026-09-05,T+30,Economy,4530.0,950.0,470.0,300.0,6250.0,INR,Available,False
2026-08-06T10:30:00,2026-08-06,Airline Direct,Air India,BOM,BLR,BOM-BLR,0.127,2026-09-20,T+45,Economy,4100.0,830.0,410.0,300.0,5640.0,INR,Available,False
2026-08-06T10:30:00,2026-08-06,OTA Aggregator,Air India Express,BOM,BLR,BOM-BLR,0.127,2026-08-07,T+1,Economy,6780.0,1280.0,600.0,300.0,8960.0,INR,Available,False
2026-08-06T10:30:00,2026-08-06,OTA Aggregator,Air India Express,BOM,BLR,BOM-BLR,0.127,2026-08-13,T+7,Economy,5390.0,1010.0,530.0,300.0,7230.0,INR,Available,False
2026-08-06T10:30:00,2026-08-06,OTA Aggregator,Air India Express,BOM,BLR,BOM-BLR,0.127,2026-08-21,T+15,Economy,4480.0,920.0,510.0,300.0,6210.0,INR,Available,False
2026-08-06T10:30:00,2026-08-06,OTA Aggregator,Air India Express,BOM,BLR,BOM-BLR,0.127,2026-09-05,T+30,Economy,4050.0,770.0,400.0,300.0,5520.0,INR,Available,False
2026-08-06T10:30:00,2026-08-06,OTA Aggregator,Air India Express,BOM,BLR,BOM-BLR,0.127,2026-09-20,T+45,Economy,3410.0,710.0,410.0,300.0,4830.0,INR,Available,False
2026-08-06T10:30:00,2026-08-06,OTA Aggregator,Akasa Air,BOM,BLR,BOM-BLR,0.127,2026-08-07,T+1,Economy,6520.0,1230.0,600.0,300.0,8650.0,INR,Available,False
2026-08-06T10:30:00,2026-08-06,OTA Aggregator,Akasa Air,BOM,BLR,BOM-BLR,0.127,2026-08-13,T+7,Economy,5290.0,990.0,480.0,300.0,7060.0,INR,Available,False
2026-08-06T10:30:00,2026-08-06,OTA Aggregator,Akasa Air,BOM,BLR,BOM-BLR,0.127,2026-08-21,T+15,Economy,4600.0,930.0,490.0,300.0,6320.0,INR,Available,False
2026-08-06T10:30:00,2026-08-06,OTA Aggregator,Akasa Air,BOM,BLR,BOM-BLR,0.127,2026-09-05,T+30,Economy,3950.0,800.0,400.0,300.0,5450.0,INR,Available,False
2026-08-06T10:30:00,2026-08-06,OTA Aggregator,Akasa Air,BOM,BLR,BOM-BLR,0.127,2026-09-20,T+45,Economy,3550.0,690.0,380.0,300.0,4920.0,INR,Available,False
2026-08-06T10:30:00,2026-08-06,OTA Aggregator,SpiceJet,BOM,BLR,BOM-BLR,0.127,2026-08-07,T+1,Economy,7090.0,1290.0,710.0,250.0,9340.0,INR,Available,False
2026-08-06T10:30:00,2026-08-06,OTA Aggregator,SpiceJet,BOM,BLR,BOM-BLR,0.127,2026-08-13,T+7,Economy,5510.0,1080.0,560.0,250.0,7400.0,INR,Available,False
2026-08-06T10:30:00,2026-08-06,OTA Aggregator,SpiceJet,BOM,BLR,BOM-BLR,0.127,2026-08-21,T+15,Economy,4870.0,880.0,500.0,250.0,6500.0,INR,Available,False
2026-08-06T10:30:00,2026-08-06,OTA Aggregator,SpiceJet,BOM,BLR,BOM-BLR,0.127,2026-09-05,T+30,Economy,3820.0,850.0,420.0,250.0,5340.0,INR,Available,False
2026-08-06T10:30:00,2026-08-06,OTA Aggregator,SpiceJet,BOM,BLR,BOM-BLR,0.127,2026-09-20,T+45,Economy,3790.0,720.0,440.0,250.0,5200.0,INR,Available,False
2026-08-06T10:30:00,2026-08-06,Airline Direct,IndiGo,DEL,CCU,DEL-CCU,0.113,2026-08-07,T+1,Economy,7200.0,1330.0,640.0,250.0,9420.0,INR,Available,False
2026-08-06T10:30:00,2026-08-06,Airline Direct,IndiGo,DEL,CCU,DEL-CCU,0.113,2026-08-13,T+7,Economy,5430.0,1010.0,530.0,250.0,7220.0,INR,Available,False
2026-08-06T10:30:00,2026-08-06,Airline Direct,IndiGo,DEL,CCU,DEL-CCU,0.113,2026-08-21,T+15,Economy,4600.0,920.0,420.0,250.0,6190.0,INR,Available,False
2026-08-06T10:30:00,2026-08-06,Airline Direct,IndiGo,DEL,CCU,DEL-CCU,0.113,2026-09-05,T+30,Economy,4050.0,800.0,450.0,250.0,5550.0,INR,Available,False
2026-08-06T10:30:00,2026-08-06,Airline Direct,IndiGo,DEL,CCU,DEL-CCU,0.113,2026-09-20,T+45,Economy,3570.0,770.0,420.0,250.0,5010.0,INR,Available,False
2026-08-06T10:30:00,2026-08-06,Airline Direct,Air India,DEL,CCU,DEL-CCU,0.113,2026-08-07,T+1,Economy,7440.0,1330.0,680.0,300.0,9750.0,INR,Available,False
2026-08-06T10:30:00,2026-08-06,Airline Direct,Air India,DEL,CCU,DEL-CCU,0.113,2026-08-13,T+7,Economy,6230.0,1220.0,590.0,300.0,8340.0,INR,Available,False
2026-08-06T10:30:00,2026-08-06,Airline Direct,Air India,DEL,CCU,DEL-CCU,0.113,2026-08-21,T+15,Economy,5090.0,1040.0,550.0,300.0,6980.0,INR,Available,False
2026-08-06T10:30:00,2026-08-06,Airline Direct,Air India,DEL,CCU,DEL-CCU,0.113,2026-09-05,T+30,Economy,4420.0,870.0,440.0,300.0,6030.0,INR,Available,False
2026-08-06T10:30:00,2026-08-06,Airline Direct,Air India,DEL,CCU,DEL-CCU,0.113,2026-09-20,T+45,Economy,3740.0,790.0,420.0,300.0,5250.0,INR,Available,False
2026-08-06T10:30:00,2026-08-06,OTA Aggregator,Air India Express,DEL,CCU,DEL-CCU,0.113,2026-08-07,T+1,Economy,6750.0,1240.0,610.0,300.0,8900.0,INR,Available,False
2026-08-06T10:30:00,2026-08-06,OTA Aggregator,Air India Express,DEL,CCU,DEL-CCU,0.113,2026-08-13,T+7,Economy,4810.0,1000.0,470.0,300.0,6580.0,INR,Available,False
2026-08-06T10:30:00,2026-08-06,OTA Aggregator,Air India Express,DEL,CCU,DEL-CCU,0.113,2026-08-21,T+15,Economy,4230.0,800.0,390.0,300.0,5720.0,INR,Available,False
2026-08-06T10:30:00,2026-08-06,OTA Aggregator,Air India Express,DEL,CCU,DEL-CCU,0.113,2026-09-05,T+30,Economy,3870.0,770.0,370.0,300.0,5310.0,INR,Available,False
2026-08-06T10:30:00,2026-08-06,OTA Aggregator,Air India Express,DEL,CCU,DEL-CCU,0.113,2026-09-20,T+45,Economy,3570.0,730.0,370.0,300.0,4970.0,INR,Available,False
2026-08-06T10:30:00,2026-08-06,OTA Aggregator,Akasa Air,DEL,CCU,DEL-CCU,0.113,2026-08-07,T+1,Economy,6850.0,1230.0,700.0,300.0,9080.0,INR,Available,False
2026-08-06T10:30:00,2026-08-06,OTA Aggregator,Akasa Air,DEL,CCU,DEL-CCU,0.113,2026-08-13,T+7,Economy,5400.0,1030.0,550.0,300.0,7280.0,INR,Available,False
2026-08-06T10:30:00,2026-08-06,OTA Aggregator,Akasa Air,DEL,CCU,DEL-CCU,0.113,2026-08-21,T+15,Economy,4350.0,800.0,450.0,300.0,5900.0,INR,Available,False
2026-08-06T10:30:00,2026-08-06,OTA Aggregator,Akasa Air,DEL,CCU,DEL-CCU,0.113,2026-09-05,T+30,Economy,3630.0,830.0,380.0,300.0,5140.0,INR,Available,False
2026-08-06T10:30:00,2026-08-06,OTA Aggregator,Akasa Air,DEL,CCU,DEL-CCU,0.113,2026-09-20,T+45,Economy,3350.0,640.0,390.0,300.0,4680.0,INR,Available,False
2026-08-06T10:30:00,2026-08-06,OTA Aggregator,SpiceJet,DEL,CCU,DEL-CCU,0.113,2026-08-07,T+1,Economy,6680.0,1210.0,670.0,250.0,8810.0,INR,Available,False
2026-08-06T10:30:00,2026-08-06,OTA Aggregator,SpiceJet,DEL,CCU,DEL-CCU,0.113,2026-08-13,T+7,Economy,5340.0,1040.0,560.0,250.0,7190.0,INR,Available,False
2026-08-06T10:30:00,2026-08-06,OTA Aggregator,SpiceJet,DEL,CCU,DEL-CCU,0.113,2026-08-21,T+15,Economy,4390.0,950.0,430.0,250.0,6020.0,INR,Available,False
2026-08-06T10:30:00,2026-08-06,OTA Aggregator,SpiceJet,DEL,CCU,DEL-CCU,0.113,2026-09-05,T+30,Economy,3850.0,770.0,390.0,250.0,5260.0,INR,Available,False
2026-08-06T10:30:00,2026-08-06,OTA Aggregator,SpiceJet,DEL,CCU,DEL-CCU,0.113,2026-09-20,T+45,Economy,3610.0,760.0,350.0,250.0,4970.0,INR,Available,False
2026-08-06T10:30:00,2026-08-06,Airline Direct,IndiGo,BLR,HYD,BLR-HYD,0.098,2026-08-07,T+1,Economy,5660.0,1130.0,550.0,250.0,7590.0,INR,Available,False
2026-08-06T10:30:00,2026-08-06,Airline Direct,IndiGo,BLR,HYD,BLR-HYD,0.098,2026-08-13,T+7,Economy,4440.0,860.0,430.0,250.0,5980.0,INR,Available,False
2026-08-06T10:30:00,2026-08-06,Airline Direct,IndiGo,BLR,HYD,BLR-HYD,0.098,2026-08-21,T+15,Economy,3350.0,780.0,370.0,250.0,4750.0,INR,Available,False
2026-08-06T10:30:00,2026-08-06,Airline Direct,IndiGo,BLR,HYD,BLR-HYD,0.098,2026-09-05,T+30,Economy,2960.0,630.0,340.0,250.0,4180.0,INR,Available,False
2026-08-06T10:30:00,2026-08-06,Airline Direct,IndiGo,BLR,HYD,BLR-HYD,0.098,2026-09-20,T+45,Economy,2790.0,640.0,320.0,250.0,4000.0,INR,Available,False
2026-08-06T10:30:00,2026-08-06,Airline Direct,Air India,BLR,HYD,BLR-HYD,0.098,2026-08-07,T+1,Economy,5540.0,1140.0,580.0,300.0,7560.0,INR,Available,False
2026-08-06T10:30:00,2026-08-06,Airline Direct,Air India,BLR,HYD,BLR-HYD,0.098,2026-08-13,T+7,Economy,4620.0,930.0,440.0,300.0,6290.0,INR,Available,False
2026-08-06T10:30:00,2026-08-06,Airline Direct,Air India,BLR,HYD,BLR-HYD,0.098,2026-08-21,T+15,Economy,4050.0,810.0,380.0,300.0,5540.0,INR,Available,False
2026-08-06T10:30:00,2026-08-06,Airline Direct,Air India,BLR,HYD,BLR-HYD,0.098,2026-09-05,T+30,Economy,3600.0,710.0,430.0,300.0,5040.0,INR,Available,False
2026-08-06T10:30:00,2026-08-06,Airline Direct,Air India,BLR,HYD,BLR-HYD,0.098,2026-09-20,T+45,Economy,2870.0,700.0,350.0,300.0,4220.0,INR,Available,False
2026-08-06T10:30:00,2026-08-06,OTA Aggregator,Air India Express,BLR,HYD,BLR-HYD,0.098,2026-08-07,T+1,Economy,5100.0,1030.0,470.0,300.0,6900.0,INR,Available,False
2026-08-06T10:30:00,2026-08-06,OTA Aggregator,Air India Express,BLR,HYD,BLR-HYD,0.098,2026-08-13,T+7,Economy,3800.0,830.0,380.0,300.0,5310.0,INR,Available,False
2026-08-06T10:30:00,2026-08-06,OTA Aggregator,Air India Express,BLR,HYD,BLR-HYD,0.098,2026-08-21,T+15,Economy,3210.0,760.0,360.0,300.0,4630.0,INR,Available,False
2026-08-06T10:30:00,2026-08-06,OTA Aggregator,Air India Express,BLR,HYD,BLR-HYD,0.098,2026-09-05,T+30,Economy,2690.0,660.0,320.0,300.0,3970.0,INR,Available,False
2026-08-06T10:30:00,2026-08-06,OTA Aggregator,Air India Express,BLR,HYD,BLR-HYD,0.098,2026-09-20,T+45,Economy,2450.0,520.0,320.0,300.0,3590.0,INR,Available,False
2026-08-06T10:30:00,2026-08-06,OTA Aggregator,Akasa Air,BLR,HYD,BLR-HYD,0.098,2026-08-07,T+1,Economy,4870.0,960.0,490.0,300.0,6620.0,INR,Available,False
2026-08-06T10:30:00,2026-08-06,OTA Aggregator,Akasa Air,BLR,HYD,BLR-HYD,0.098,2026-08-13,T+7,Economy,4020.0,890.0,410.0,300.0,5620.0,INR,Available,False
2026-08-06T10:30:00,2026-08-06,OTA Aggregator,Akasa Air,BLR,HYD,BLR-HYD,0.098,2026-08-21,T+15,Economy,3320.0,760.0,390.0,300.0,4770.0,INR,Available,False
2026-08-06T10:30:00,2026-08-06,OTA Aggregator,Akasa Air,BLR,HYD,BLR-HYD,0.098,2026-09-05,T+30,Economy,2920.0,600.0,290.0,300.0,4110.0,INR,Available,False
2026-08-06T10:30:00,2026-08-06,OTA Aggregator,Akasa Air,BLR,HYD,BLR-HYD,0.098,2026-09-20,T+45,Economy,2650.0,650.0,310.0,300.0,3910.0,INR,Available,False
2026-08-06T10:30:00,2026-08-06,OTA Aggregator,SpiceJet,BLR,HYD,BLR-HYD,0.098,2026-08-07,T+1,Economy,5230.0,1080.0,470.0,250.0,7030.0,INR,Available,False
2026-08-06T10:30:00,2026-08-06,OTA Aggregator,SpiceJet,BLR,HYD,BLR-HYD,0.098,2026-08-13,T+7,Economy,3550.0,740.0,400.0,250.0,4940.0,INR,Available,False
2026-08-06T10:30:00,2026-08-06,OTA Aggregator,SpiceJet,BLR,HYD,BLR-HYD,0.098,2026-08-21,T+15,Economy,3480.0,680.0,360.0,250.0,4770.0,INR,Available,False
2026-08-06T10:30:00,2026-08-06,OTA Aggregator,SpiceJet,BLR,HYD,BLR-HYD,0.098,2026-09-05,T+30,Economy,3040.0,640.0,370.0,250.0,4300.0,INR,Available,False
2026-08-06T10:30:00,2026-08-06,OTA Aggregator,SpiceJet,BLR,HYD,BLR-HYD,0.098,2026-09-20,T+45,Economy,2610.0,660.0,260.0,250.0,3780.0,INR,Available,False
2026-08-06T10:30:00,2026-08-06,Airline Direct,IndiGo,MAA,DEL,MAA-DEL,0.086,2026-08-07,T+1,Economy,7820.0,1450.0,760.0,250.0,10280.0,INR,Available,False
2026-08-06T10:30:00,2026-08-06,Airline Direct,IndiGo,MAA,DEL,MAA-DEL,0.086,2026-08-13,T+7,Economy,6340.0,1230.0,570.0,250.0,8390.0,INR,Available,False
2026-08-06T10:30:00,2026-08-06,Airline Direct,IndiGo,MAA,DEL,MAA-DEL,0.086,2026-08-21,T+15,Economy,5360.0,1070.0,560.0,250.0,7240.0,INR,Available,False
2026-08-06T10:30:00,2026-08-06,Airline Direct,IndiGo,MAA,DEL,MAA-DEL,0.086,2026-09-05,T+30,Economy,4770.0,990.0,490.0,250.0,6500.0,INR,Available,False
2026-08-06T10:30:00,2026-08-06,Airline Direct,IndiGo,MAA,DEL,MAA-DEL,0.086,2026-09-20,T+45,Economy,4320.0,800.0,440.0,250.0,5810.0,INR,Available,False
2026-08-06T10:30:00,2026-08-06,Airline Direct,Air India,MAA,DEL,MAA-DEL,0.086,2026-08-07,T+1,Economy,8600.0,1490.0,770.0,300.0,11160.0,INR,Available,False
2026-08-06T10:30:00,2026-08-06,Airline Direct,Air India,MAA,DEL,MAA-DEL,0.086,2026-08-13,T+7,Economy,6500.0,1160.0,650.0,300.0,8610.0,INR,Available,False
2026-08-06T10:30:00,2026-08-06,Airline Direct,Air India,MAA,DEL,MAA-DEL,0.086,2026-08-21,T+15,Economy,5690.0,1060.0,510.0,300.0,7560.0,INR,Available,False
2026-08-06T10:30:00,2026-08-06,Airline Direct,Air India,MAA,DEL,MAA-DEL,0.086,2026-09-05,T+30,Economy,5050.0,980.0,530.0,300.0,6860.0,INR,Available,False
2026-08-06T10:30:00,2026-08-06,Airline Direct,Air India,MAA,DEL,MAA-DEL,0.086,2026-09-20,T+45,Economy,4520.0,830.0,450.0,300.0,6100.0,INR,Available,False
2026-08-06T10:30:00,2026-08-06,OTA Aggregator,Air India Express,MAA,DEL,MAA-DEL,0.086,2026-08-07,T+1,Economy,7390.0,1320.0,670.0,300.0,9680.0,INR,Available,False
2026-08-06T10:30:00,2026-08-06,OTA Aggregator,Air India Express,MAA,DEL,MAA-DEL,0.086,2026-08-13,T+7,Economy,5850.0,1080.0,570.0,300.0,7800.0,INR,Available,False
2026-08-06T10:30:00,2026-08-06,OTA Aggregator,Air India Express,MAA,DEL,MAA-DEL,0.086,2026-08-21,T+15,Economy,4810.0,900.0,500.0,300.0,6510.0,INR,Available,False
2026-08-06T10:30:00,2026-08-06,OTA Aggregator,Air India Express,MAA,DEL,MAA-DEL,0.086,2026-09-05,T+30,Economy,4220.0,830.0,450.0,300.0,5800.0,INR,Available,False
2026-08-06T10:30:00,2026-08-06,OTA Aggregator,Air India Express,MAA,DEL,MAA-DEL,0.086,2026-09-20,T+45,Economy,3910.0,740.0,450.0,300.0,5400.0,INR,Available,False
2026-08-06T10:30:00,2026-08-06,OTA Aggregator,Akasa Air,MAA,DEL,MAA-DEL,0.086,2026-08-07,T+1,Economy,6730.0,1270.0,600.0,300.0,8900.0,INR,Available,False
2026-08-06T10:30:00,2026-08-06,OTA Aggregator,Akasa Air,MAA,DEL,MAA-DEL,0.086,2026-08-13,T+7,Economy,5850.0,1140.0,540.0,300.0,7830.0,INR,Available,False
2026-08-06T10:30:00,2026-08-06,OTA Aggregator,Akasa Air,MAA,DEL,MAA-DEL,0.086,2026-08-21,T+15,Economy,5090.0,1030.0,510.0,300.0,6930.0,INR,Available,False
2026-08-06T10:30:00,2026-08-06,OTA Aggregator,Akasa Air,MAA,DEL,MAA-DEL,0.086,2026-09-05,T+30,Economy,4390.0,880.0,420.0,300.0,5990.0,INR,Available,False
2026-08-06T10:30:00,2026-08-06,OTA Aggregator,Akasa Air,MAA,DEL,MAA-DEL,0.086,2026-09-20,T+45,Economy,3860.0,790.0,390.0,300.0,5340.0,INR,Available,False
2026-08-06T10:30:00,2026-08-06,OTA Aggregator,SpiceJet,MAA,DEL,MAA-DEL,0.086,2026-08-07,T+1,Economy,7930.0,1460.0,690.0,250.0,10330.0,INR,Available,False
2026-08-06T10:30:00,2026-08-06,OTA Aggregator,SpiceJet,MAA,DEL,MAA-DEL,0.086,2026-08-13,T+7,Economy,5760.0,1020.0,560.0,250.0,7590.0,INR,Available,False
2026-08-06T10:30:00,2026-08-06,OTA Aggregator,SpiceJet,MAA,DEL,MAA-DEL,0.086,2026-08-21,T+15,Economy,5250.0,950.0,500.0,250.0,6950.0,INR,Available,False
2026-08-06T10:30:00,2026-08-06,OTA Aggregator,SpiceJet,MAA,DEL,MAA-DEL,0.086,2026-09-05,T+30,Economy,4340.0,920.0,400.0,250.0,5910.0,INR,Available,False
2026-08-06T10:30:00,2026-08-06,OTA Aggregator,SpiceJet,MAA,DEL,MAA-DEL,0.086,2026-09-20,T+45,Economy,4060.0,790.0,450.0,250.0,5550.0,INR,Available,False
2026-08-06T10:30:00,2026-08-06,Airline Direct,IndiGo,BOM,DEL,BOM-DEL,0.135,2026-08-07,T+1,Economy,8690.0,1530.0,830.0,250.0,11300.0,INR,Available,False
2026-08-06T10:30:00,2026-08-06,Airline Direct,IndiGo,BOM,DEL,BOM-DEL,0.135,2026-08-13,T+7,Economy,6790.0,1230.0,670.0,250.0,8940.0,INR,Available,False
2026-08-06T10:30:00,2026-08-06,Airline Direct,IndiGo,BOM,DEL,BOM-DEL,0.135,2026-08-21,T+15,Economy,5820.0,1170.0,550.0,250.0,7790.0,INR,Available,False
2026-08-06T10:30:00,2026-08-06,Airline Direct,IndiGo,BOM,DEL,BOM-DEL,0.135,2026-09-05,T+30,Economy,5250.0,1080.0,480.0,250.0,7060.0,INR,Available,False
2026-08-06T10:30:00,2026-08-06,Airline Direct,IndiGo,BOM,DEL,BOM-DEL,0.135,2026-09-20,T+45,Economy,4670.0,910.0,490.0,250.0,6320.0,INR,Available,False
2026-08-06T10:30:00,2026-08-06,Airline Direct,Air India,BOM,DEL,BOM-DEL,0.135,2026-08-07,T+1,Economy,10280.0,1750.0,890.0,300.0,13220.0,INR,Available,False
2026-08-06T10:30:00,2026-08-06,Airline Direct,Air India,BOM,DEL,BOM-DEL,0.135,2026-08-13,T+7,Economy,7670.0,1470.0,740.0,300.0,10180.0,INR,Available,False
2026-08-06T10:30:00,2026-08-06,Airline Direct,Air India,BOM,DEL,BOM-DEL,0.135,2026-08-21,T+15,Economy,6590.0,1300.0,650.0,300.0,8840.0,INR,Available,False
2026-08-06T10:30:00,2026-08-06,Airline Direct,Air India,BOM,DEL,BOM-DEL,0.135,2026-09-05,T+30,Economy,5370.0,1080.0,540.0,300.0,7290.0,INR,Available,False
2026-08-06T10:30:00,2026-08-06,Airline Direct,Air India,BOM,DEL,BOM-DEL,0.135,2026-09-20,T+45,Economy,5000.0,910.0,490.0,300.0,6700.0,INR,Available,False
2026-08-06T10:30:00,2026-08-06,OTA Aggregator,Air India Express,BOM,DEL,BOM-DEL,0.135,2026-08-07,T+1,Economy,8190.0,1480.0,730.0,300.0,10700.0,INR,Available,False
2026-08-06T10:30:00,2026-08-06,OTA Aggregator,Air India Express,BOM,DEL,BOM-DEL,0.135,2026-08-13,T+7,Economy,6450.0,1190.0,600.0,300.0,8540.0,INR,Available,False
2026-08-06T10:30:00,2026-08-06,OTA Aggregator,Air India Express,BOM,DEL,BOM-DEL,0.135,2026-08-21,T+15,Economy,5610.0,1130.0,520.0,300.0,7560.0,INR,Available,False
2026-08-06T10:30:00,2026-08-06,OTA Aggregator,Air India Express,BOM,DEL,BOM-DEL,0.135,2026-09-05,T+30,Economy,4630.0,940.0,470.0,300.0,6340.0,INR,Available,False
2026-08-06T10:30:00,2026-08-06,OTA Aggregator,Air India Express,BOM,DEL,BOM-DEL,0.135,2026-09-20,T+45,Economy,4260.0,880.0,450.0,300.0,5890.0,INR,Available,False
2026-08-06T10:30:00,2026-08-06,OTA Aggregator,Akasa Air,BOM,DEL,BOM-DEL,0.135,2026-08-07,T+1,Economy,8470.0,1480.0,790.0,300.0,11040.0,INR,Available,False
2026-08-06T10:30:00,2026-08-06,OTA Aggregator,Akasa Air,BOM,DEL,BOM-DEL,0.135,2026-08-13,T+7,Economy,6260.0,1200.0,590.0,300.0,8350.0,INR,Available,False
2026-08-06T10:30:00,2026-08-06,OTA Aggregator,Akasa Air,BOM,DEL,BOM-DEL,0.135,2026-08-21,T+15,Economy,5710.0,1120.0,530.0,300.0,7660.0,INR,Available,False
2026-08-06T10:30:00,2026-08-06,OTA Aggregator,Akasa Air,BOM,DEL,BOM-DEL,0.135,2026-09-05,T+30,Economy,4730.0,910.0,430.0,300.0,6370.0,INR,Available,False
2026-08-06T10:30:00,2026-08-06,OTA Aggregator,Akasa Air,BOM,DEL,BOM-DEL,0.135,2026-09-20,T+45,Economy,4490.0,840.0,460.0,300.0,6090.0,INR,Available,False
2026-08-06T10:30:00,2026-08-06,OTA Aggregator,SpiceJet,BOM,DEL,BOM-DEL,0.135,2026-08-07,T+1,Economy,10960.0,1910.0,960.0,250.0,14080.0,INR,Available,True
2026-08-06T10:30:00,2026-08-06,OTA Aggregator,SpiceJet,BOM,DEL,BOM-DEL,0.135,2026-08-13,T+7,Economy,6470.0,1140.0,580.0,250.0,8440.0,INR,Available,False
2026-08-06T10:30:00,2026-08-06,OTA Aggregator,SpiceJet,BOM,DEL,BOM-DEL,0.135,2026-08-21,T+15,Economy,5570.0,1050.0,550.0,250.0,7420.0,INR,Available,False
2026-08-06T10:30:00,2026-08-06,OTA Aggregator,SpiceJet,BOM,DEL,BOM-DEL,0.135,2026-09-05,T+30,Economy,4430.0,900.0,410.0,250.0,5990.0,INR,Available,False
2026-08-06T10:30:00,2026-08-06,OTA Aggregator,SpiceJet,BOM,DEL,BOM-DEL,0.135,2026-09-20,T+45,Economy,4580.0,910.0,480.0,250.0,6220.0,INR,Available,False
2026-08-06T10:30:00,2026-08-06,Airline Direct,IndiGo,HYD,DEL,HYD-DEL,0.105,2026-08-07,T+1,Economy,6660.0,1280.0,660.0,250.0,8850.0,INR,Available,False
2026-08-06T10:30:00,2026-08-06,Airline Direct,IndiGo,HYD,DEL,HYD-DEL,0.105,2026-08-13,T+7,Economy,5230.0,960.0,470.0,250.0,6910.0,INR,Available,False
2026-08-06T10:30:00,2026-08-06,Airline Direct,IndiGo,HYD,DEL,HYD-DEL,0.105,2026-08-21,T+15,Economy,4390.0,920.0,480.0,250.0,6040.0,INR,Available,False
2026-08-06T10:30:00,2026-08-06,Airline Direct,IndiGo,HYD,DEL,HYD-DEL,0.105,2026-09-05,T+30,Economy,3770.0,710.0,380.0,250.0,5110.0,INR,Available,False
2026-08-06T10:30:00,2026-08-06,Airline Direct,IndiGo,HYD,DEL,HYD-DEL,0.105,2026-09-20,T+45,Economy,3440.0,770.0,380.0,250.0,4840.0,INR,Available,False
2026-08-06T10:30:00,2026-08-06,Airline Direct,Air India,HYD,DEL,HYD-DEL,0.105,2026-08-07,T+1,Economy,8620.0,1520.0,800.0,300.0,11240.0,INR,Available,True
2026-08-06T10:30:00,2026-08-06,Airline Direct,Air India,HYD,DEL,HYD-DEL,0.105,2026-08-13,T+7,Economy,5280.0,1090.0,560.0,300.0,7230.0,INR,Available,False
2026-08-06T10:30:00,2026-08-06,Airline Direct,Air India,HYD,DEL,HYD-DEL,0.105,2026-08-21,T+15,Economy,4850.0,940.0,480.0,300.0,6570.0,INR,Available,False
2026-08-06T10:30:00,2026-08-06,Airline Direct,Air India,HYD,DEL,HYD-DEL,0.105,2026-09-05,T+30,Economy,4220.0,820.0,390.0,300.0,5730.0,INR,Available,False
2026-08-06T10:30:00,2026-08-06,Airline Direct,Air India,HYD,DEL,HYD-DEL,0.105,2026-09-20,T+45,Economy,3690.0,760.0,420.0,300.0,5170.0,INR,Available,False
2026-08-06T10:30:00,2026-08-06,OTA Aggregator,Air India Express,HYD,DEL,HYD-DEL,0.105,2026-08-07,T+1,Economy,5970.0,1060.0,620.0,300.0,7950.0,INR,Available,False
2026-08-06T10:30:00,2026-08-06,OTA Aggregator,Air India Express,HYD,DEL,HYD-DEL,0.105,2026-08-13,T+7,Economy,4740.0,1000.0,440.0,300.0,6480.0,INR,Available,False
2026-08-06T10:30:00,2026-08-06,OTA Aggregator,Air India Express,HYD,DEL,HYD-DEL,0.105,2026-08-21,T+15,Economy,4070.0,810.0,400.0,300.0,5580.0,INR,Available,False
2026-08-06T10:30:00,2026-08-06,OTA Aggregator,Air India Express,HYD,DEL,HYD-DEL,0.105,2026-09-05,T+30,Economy,3460.0,750.0,400.0,300.0,4910.0,INR,Available,False
2026-08-06T10:30:00,2026-08-06,OTA Aggregator,Air India Express,HYD,DEL,HYD-DEL,0.105,2026-09-20,T+45,Economy,3190.0,700.0,320.0,300.0,4510.0,INR,Available,False
2026-08-06T10:30:00,2026-08-06,OTA Aggregator,Akasa Air,HYD,DEL,HYD-DEL,0.105,2026-08-07,T+1,Economy,6380.0,1220.0,590.0,300.0,8490.0,INR,Available,False
2026-08-06T10:30:00,2026-08-06,OTA Aggregator,Akasa Air,HYD,DEL,HYD-DEL,0.105,2026-08-13,T+7,Economy,5030.0,960.0,540.0,300.0,6830.0,INR,Available,False
2026-08-06T10:30:00,2026-08-06,OTA Aggregator,Akasa Air,HYD,DEL,HYD-DEL,0.105,2026-08-21,T+15,Economy,4090.0,890.0,450.0,300.0,5730.0,INR,Available,False
2026-08-06T10:30:00,2026-08-06,OTA Aggregator,Akasa Air,HYD,DEL,HYD-DEL,0.105,2026-09-05,T+30,Economy,3350.0,650.0,330.0,300.0,4630.0,INR,Available,False
2026-08-06T10:30:00,2026-08-06,OTA Aggregator,Akasa Air,HYD,DEL,HYD-DEL,0.105,2026-09-20,T+45,Economy,3170.0,750.0,360.0,300.0,4580.0,INR,Available,False
2026-08-06T10:30:00,2026-08-06,OTA Aggregator,SpiceJet,HYD,DEL,HYD-DEL,0.105,2026-08-07,T+1,Economy,6370.0,1190.0,630.0,250.0,8440.0,INR,Available,False
2026-08-06T10:30:00,2026-08-06,OTA Aggregator,SpiceJet,HYD,DEL,HYD-DEL,0.105,2026-08-13,T+7,Economy,4910.0,1010.0,490.0,250.0,6660.0,INR,Available,False
2026-08-06T10:30:00,2026-08-06,OTA Aggregator,SpiceJet,HYD,DEL,HYD-DEL,0.105,2026-08-21,T+15,Economy,4160.0,850.0,430.0,250.0,5690.0,INR,Available,False
2026-08-06T10:30:00,2026-08-06,OTA Aggregator,SpiceJet,HYD,DEL,HYD-DEL,0.105,2026-09-05,T+30,Economy,3480.0,660.0,410.0,250.0,4800.0,INR,Available,False
2026-08-06T10:30:00,2026-08-06,OTA Aggregator,SpiceJet,HYD,DEL,HYD-DEL,0.105,2026-09-20,T+45,Economy,3340.0,780.0,400.0,250.0,4770.0,INR,Available,False
2026-08-07T10:30:00,2026-08-07,Airline Direct,IndiGo,DEL,BOM,DEL-BOM,0.182,2026-08-08,T+1,Economy,9160.0,1600.0,880.0,300.0,11940.0,INR,Available,False
2026-08-07T10:30:00,2026-08-07,Airline Direct,IndiGo,DEL,BOM,DEL-BOM,0.182,2026-08-14,T+7,Economy,7320.0,1420.0,710.0,300.0,9750.0,INR,Available,False
2026-08-07T10:30:00,2026-08-07,Airline Direct,IndiGo,DEL,BOM,DEL-BOM,0.182,2026-08-22,T+15,Economy,6120.0,1120.0,580.0,300.0,8120.0,INR,Available,False
2026-08-07T10:30:00,2026-08-07,Airline Direct,IndiGo,DEL,BOM,DEL-BOM,0.182,2026-09-06,T+30,Economy,5370.0,1050.0,490.0,300.0,7210.0,INR,Available,False
2026-08-07T10:30:00,2026-08-07,Airline Direct,IndiGo,DEL,BOM,DEL-BOM,0.182,2026-09-21,T+45,Economy,4920.0,920.0,520.0,300.0,6660.0,INR,Available,False
2026-08-07T10:30:00,2026-08-07,Airline Direct,Air India,DEL,BOM,DEL-BOM,0.182,2026-08-08,T+1,Economy,10060.0,1850.0,950.0,250.0,13110.0,INR,Available,False
2026-08-07T10:30:00,2026-08-07,Airline Direct,Air India,DEL,BOM,DEL-BOM,0.182,2026-08-14,T+7,Economy,7860.0,1470.0,690.0,250.0,10270.0,INR,Available,False
2026-08-07T10:30:00,2026-08-07,Airline Direct,Air India,DEL,BOM,DEL-BOM,0.182,2026-08-22,T+15,Economy,6600.0,1230.0,650.0,250.0,8730.0,INR,Available,False
2026-08-07T10:30:00,2026-08-07,Airline Direct,Air India,DEL,BOM,DEL-BOM,0.182,2026-09-06,T+30,Economy,5880.0,1140.0,540.0,250.0,7810.0,INR,Available,False
2026-08-07T10:30:00,2026-08-07,Airline Direct,Air India,DEL,BOM,DEL-BOM,0.182,2026-09-21,T+45,Economy,5040.0,990.0,530.0,250.0,6810.0,INR,Available,False
2026-08-07T10:30:00,2026-08-07,OTA Aggregator,Air India Express,DEL,BOM,DEL-BOM,0.182,2026-08-08,T+1,Economy,10580.0,1850.0,990.0,250.0,13670.0,INR,Available,True
2026-08-07T10:30:00,2026-08-07,OTA Aggregator,Air India Express,DEL,BOM,DEL-BOM,0.182,2026-08-14,T+7,Economy,6600.0,1190.0,640.0,250.0,8680.0,INR,Available,False
2026-08-07T10:30:00,2026-08-07,OTA Aggregator,Air India Express,DEL,BOM,DEL-BOM,0.182,2026-08-22,T+15,Economy,5480.0,1100.0,560.0,250.0,7390.0,INR,Available,False
2026-08-07T10:30:00,2026-08-07,OTA Aggregator,Air India Express,DEL,BOM,DEL-BOM,0.182,2026-09-06,T+30,Economy,4700.0,870.0,470.0,250.0,6290.0,INR,Available,False
2026-08-07T10:30:00,2026-08-07,OTA Aggregator,Air India Express,DEL,BOM,DEL-BOM,0.182,2026-09-21,T+45,Economy,4490.0,920.0,420.0,250.0,6080.0,INR,Available,False
2026-08-07T10:30:00,2026-08-07,OTA Aggregator,Akasa Air,DEL,BOM,DEL-BOM,0.182,2026-08-08,T+1,Economy,8590.0,1530.0,830.0,250.0,11200.0,INR,Available,False
2026-08-07T10:30:00,2026-08-07,OTA Aggregator,Akasa Air,DEL,BOM,DEL-BOM,0.182,2026-08-14,T+7,Economy,6590.0,1210.0,650.0,250.0,8700.0,INR,Available,False
2026-08-07T10:30:00,2026-08-07,OTA Aggregator,Akasa Air,DEL,BOM,DEL-BOM,0.182,2026-08-22,T+15,Economy,6010.0,1200.0,630.0,250.0,8090.0,INR,Available,False
2026-08-07T10:30:00,2026-08-07,OTA Aggregator,Akasa Air,DEL,BOM,DEL-BOM,0.182,2026-09-06,T+30,Economy,4670.0,970.0,450.0,250.0,6340.0,INR,Available,False
2026-08-07T10:30:00,2026-08-07,OTA Aggregator,Akasa Air,DEL,BOM,DEL-BOM,0.182,2026-09-21,T+45,Economy,4760.0,950.0,470.0,250.0,6430.0,INR,Available,False
2026-08-07T10:30:00,2026-08-07,OTA Aggregator,SpiceJet,DEL,BOM,DEL-BOM,0.182,2026-08-08,T+1,Economy,8550.0,1610.0,740.0,300.0,11200.0,INR,Available,False
2026-08-07T10:30:00,2026-08-07,OTA Aggregator,SpiceJet,DEL,BOM,DEL-BOM,0.182,2026-08-14,T+7,Economy,7060.0,1310.0,640.0,300.0,9310.0,INR,Available,False
2026-08-07T10:30:00,2026-08-07,OTA Aggregator,SpiceJet,DEL,BOM,DEL-BOM,0.182,2026-08-22,T+15,Economy,5910.0,1090.0,620.0,300.0,7920.0,INR,Available,False
2026-08-07T10:30:00,2026-08-07,OTA Aggregator,SpiceJet,DEL,BOM,DEL-BOM,0.182,2026-09-06,T+30,Economy,5070.0,1000.0,500.0,300.0,6870.0,INR,Available,False
2026-08-07T10:30:00,2026-08-07,OTA Aggregator,SpiceJet,DEL,BOM,DEL-BOM,0.182,2026-09-21,T+45,Economy,4780.0,980.0,460.0,300.0,6520.0,INR,Available,False
2026-08-07T10:30:00,2026-08-07,Airline Direct,IndiGo,DEL,BLR,DEL-BLR,0.154,2026-08-08,T+1,Economy,9590.0,1770.0,910.0,300.0,12570.0,INR,Available,False
2026-08-07T10:30:00,2026-08-07,Airline Direct,IndiGo,DEL,BLR,DEL-BLR,0.154,2026-08-14,T+7,Economy,6730.0,1290.0,640.0,300.0,8960.0,INR,Available,False
2026-08-07T10:30:00,2026-08-07,Airline Direct,IndiGo,DEL,BLR,DEL-BLR,0.154,2026-08-22,T+15,Economy,5950.0,1130.0,550.0,300.0,7930.0,INR,Available,False
2026-08-07T10:30:00,2026-08-07,Airline Direct,IndiGo,DEL,BLR,DEL-BLR,0.154,2026-09-06,T+30,Economy,4800.0,920.0,520.0,300.0,6540.0,INR,Available,False
2026-08-07T10:30:00,2026-08-07,Airline Direct,IndiGo,DEL,BLR,DEL-BLR,0.154,2026-09-21,T+45,Economy,4670.0,880.0,430.0,300.0,6280.0,INR,Available,False
2026-08-07T10:30:00,2026-08-07,Airline Direct,Air India,DEL,BLR,DEL-BLR,0.154,2026-08-08,T+1,Economy,8620.0,1600.0,770.0,250.0,11240.0,INR,Available,False
2026-08-07T10:30:00,2026-08-07,Airline Direct,Air India,DEL,BLR,DEL-BLR,0.154,2026-08-14,T+7,Economy,7360.0,1380.0,720.0,250.0,9710.0,INR,Available,False
2026-08-07T10:30:00,2026-08-07,Airline Direct,Air India,DEL,BLR,DEL-BLR,0.154,2026-08-22,T+15,Economy,6020.0,1190.0,590.0,250.0,8050.0,INR,Available,False
2026-08-07T10:30:00,2026-08-07,Airline Direct,Air India,DEL,BLR,DEL-BLR,0.154,2026-09-06,T+30,Economy,5500.0,1020.0,530.0,250.0,7300.0,INR,Available,False
2026-08-07T10:30:00,2026-08-07,Airline Direct,Air India,DEL,BLR,DEL-BLR,0.154,2026-09-21,T+45,Economy,5100.0,920.0,560.0,250.0,6830.0,INR,Available,False
2026-08-07T10:30:00,2026-08-07,OTA Aggregator,Air India Express,DEL,BLR,DEL-BLR,0.154,2026-08-08,T+1,Economy,7350.0,1320.0,670.0,250.0,9590.0,INR,Available,False
2026-08-07T10:30:00,2026-08-07,OTA Aggregator,Air India Express,DEL,BLR,DEL-BLR,0.154,2026-08-14,T+7,Economy,6380.0,1230.0,650.0,250.0,8510.0,INR,Available,False
2026-08-07T10:30:00,2026-08-07,OTA Aggregator,Air India Express,DEL,BLR,DEL-BLR,0.154,2026-08-22,T+15,Economy,5090.0,980.0,490.0,250.0,6810.0,INR,Available,False
2026-08-07T10:30:00,2026-08-07,OTA Aggregator,Air India Express,DEL,BLR,DEL-BLR,0.154,2026-09-06,T+30,Economy,4810.0,990.0,450.0,250.0,6500.0,INR,Available,False
2026-08-07T10:30:00,2026-08-07,OTA Aggregator,Air India Express,DEL,BLR,DEL-BLR,0.154,2026-09-21,T+45,Economy,4100.0,810.0,470.0,250.0,5630.0,INR,Available,False
2026-08-07T10:30:00,2026-08-07,OTA Aggregator,Akasa Air,DEL,BLR,DEL-BLR,0.154,2026-08-08,T+1,Economy,8080.0,1490.0,700.0,250.0,10520.0,INR,Available,False
2026-08-07T10:30:00,2026-08-07,OTA Aggregator,Akasa Air,DEL,BLR,DEL-BLR,0.154,2026-08-14,T+7,Economy,6680.0,1250.0,660.0,250.0,8840.0,INR,Available,False
2026-08-07T10:30:00,2026-08-07,OTA Aggregator,Akasa Air,DEL,BLR,DEL-BLR,0.154,2026-08-22,T+15,Economy,5510.0,1070.0,590.0,250.0,7420.0,INR,Available,False
2026-08-07T10:30:00,2026-08-07,OTA Aggregator,Akasa Air,DEL,BLR,DEL-BLR,0.154,2026-09-06,T+30,Economy,4620.0,850.0,450.0,250.0,6170.0,INR,Available,False
2026-08-07T10:30:00,2026-08-07,OTA Aggregator,Akasa Air,DEL,BLR,DEL-BLR,0.154,2026-09-21,T+45,Economy,4100.0,860.0,450.0,250.0,5660.0,INR,Available,False
2026-08-07T10:30:00,2026-08-07,OTA Aggregator,SpiceJet,DEL,BLR,DEL-BLR,0.154,2026-08-08,T+1,Economy,8660.0,1560.0,790.0,300.0,11310.0,INR,Available,False
2026-08-07T10:30:00,2026-08-07,OTA Aggregator,SpiceJet,DEL,BLR,DEL-BLR,0.154,2026-08-14,T+7,Economy,6640.0,1290.0,650.0,300.0,8880.0,INR,Available,False
2026-08-07T10:30:00,2026-08-07,OTA Aggregator,SpiceJet,DEL,BLR,DEL-BLR,0.154,2026-08-22,T+15,Economy,5500.0,1090.0,540.0,300.0,7430.0,INR,Available,False
2026-08-07T10:30:00,2026-08-07,OTA Aggregator,SpiceJet,DEL,BLR,DEL-BLR,0.154,2026-09-06,T+30,Economy,4850.0,990.0,520.0,300.0,6660.0,INR,Available,False
2026-08-07T10:30:00,2026-08-07,OTA Aggregator,SpiceJet,DEL,BLR,DEL-BLR,0.154,2026-09-21,T+45,Economy,4510.0,860.0,490.0,300.0,6160.0,INR,Available,False
2026-08-07T10:30:00,2026-08-07,Airline Direct,IndiGo,BOM,BLR,BOM-BLR,0.127,2026-08-08,T+1,Economy,7290.0,1410.0,720.0,300.0,9720.0,INR,Available,False
2026-08-07T10:30:00,2026-08-07,Airline Direct,IndiGo,BOM,BLR,BOM-BLR,0.127,2026-08-14,T+7,Economy,5520.0,1090.0,560.0,300.0,7470.0,INR,Available,False
2026-08-07T10:30:00,2026-08-07,Airline Direct,IndiGo,BOM,BLR,BOM-BLR,0.127,2026-08-22,T+15,Economy,5000.0,970.0,490.0,300.0,6760.0,INR,Available,False
2026-08-07T10:30:00,2026-08-07,Airline Direct,IndiGo,BOM,BLR,BOM-BLR,0.127,2026-09-06,T+30,Economy,4260.0,810.0,470.0,300.0,5840.0,INR,Available,False
2026-08-07T10:30:00,2026-08-07,Airline Direct,IndiGo,BOM,BLR,BOM-BLR,0.127,2026-09-21,T+45,Economy,3810.0,710.0,440.0,300.0,5260.0,INR,Available,False
2026-08-07T10:30:00,2026-08-07,Airline Direct,Air India,BOM,BLR,BOM-BLR,0.127,2026-08-08,T+1,Economy,10550.0,1890.0,990.0,250.0,13680.0,INR,Available,True
2026-08-07T10:30:00,2026-08-07,Airline Direct,Air India,BOM,BLR,BOM-BLR,0.127,2026-08-14,T+7,Economy,5870.0,1140.0,600.0,250.0,7860.0,INR,Available,False
2026-08-07T10:30:00,2026-08-07,Airline Direct,Air India,BOM,BLR,BOM-BLR,0.127,2026-08-22,T+15,Economy,5210.0,1020.0,560.0,250.0,7040.0,INR,Available,False
2026-08-07T10:30:00,2026-08-07,Airline Direct,Air India,BOM,BLR,BOM-BLR,0.127,2026-09-06,T+30,Economy,4590.0,940.0,500.0,250.0,6280.0,INR,Available,False
2026-08-07T10:30:00,2026-08-07,Airline Direct,Air India,BOM,BLR,BOM-BLR,0.127,2026-09-21,T+45,Economy,4130.0,790.0,460.0,250.0,5630.0,INR,Available,False
2026-08-07T10:30:00,2026-08-07,OTA Aggregator,Air India Express,BOM,BLR,BOM-BLR,0.127,2026-08-08,T+1,Economy,6330.0,1240.0,570.0,250.0,8390.0,INR,Available,False
2026-08-07T10:30:00,2026-08-07,OTA Aggregator,Air India Express,BOM,BLR,BOM-BLR,0.127,2026-08-14,T+7,Economy,5480.0,1020.0,520.0,250.0,7270.0,INR,Available,False
2026-08-07T10:30:00,2026-08-07,OTA Aggregator,Air India Express,BOM,BLR,BOM-BLR,0.127,2026-08-22,T+15,Economy,4560.0,950.0,440.0,250.0,6200.0,INR,Available,False
2026-08-07T10:30:00,2026-08-07,OTA Aggregator,Air India Express,BOM,BLR,BOM-BLR,0.127,2026-09-06,T+30,Economy,4020.0,840.0,430.0,250.0,5540.0,INR,Available,False
2026-08-07T10:30:00,2026-08-07,OTA Aggregator,Air India Express,BOM,BLR,BOM-BLR,0.127,2026-09-21,T+45,Economy,3610.0,720.0,370.0,250.0,4950.0,INR,Available,False
2026-08-07T10:30:00,2026-08-07,OTA Aggregator,Akasa Air,BOM,BLR,BOM-BLR,0.127,2026-08-08,T+1,Economy,6840.0,1290.0,630.0,250.0,9010.0,INR,Available,False
2026-08-07T10:30:00,2026-08-07,OTA Aggregator,Akasa Air,BOM,BLR,BOM-BLR,0.127,2026-08-14,T+7,Economy,5280.0,960.0,550.0,250.0,7040.0,INR,Available,False
2026-08-07T10:30:00,2026-08-07,OTA Aggregator,Akasa Air,BOM,BLR,BOM-BLR,0.127,2026-08-22,T+15,Economy,4840.0,920.0,480.0,250.0,6490.0,INR,Available,False
2026-08-07T10:30:00,2026-08-07,OTA Aggregator,Akasa Air,BOM,BLR,BOM-BLR,0.127,2026-09-06,T+30,Economy,3840.0,720.0,390.0,250.0,5200.0,INR,Available,False
2026-08-07T10:30:00,2026-08-07,OTA Aggregator,Akasa Air,BOM,BLR,BOM-BLR,0.127,2026-09-21,T+45,Economy,3830.0,850.0,420.0,250.0,5350.0,INR,Available,False
2026-08-07T10:30:00,2026-08-07,OTA Aggregator,SpiceJet,BOM,BLR,BOM-BLR,0.127,2026-08-08,T+1,Economy,7420.0,1350.0,720.0,300.0,9790.0,INR,Available,False
2026-08-07T10:30:00,2026-08-07,OTA Aggregator,SpiceJet,BOM,BLR,BOM-BLR,0.127,2026-08-14,T+7,Economy,5790.0,1040.0,540.0,300.0,7670.0,INR,Available,False
2026-08-07T10:30:00,2026-08-07,OTA Aggregator,SpiceJet,BOM,BLR,BOM-BLR,0.127,2026-08-22,T+15,Economy,4610.0,980.0,430.0,300.0,6320.0,INR,Available,False
2026-08-07T10:30:00,2026-08-07,OTA Aggregator,SpiceJet,BOM,BLR,BOM-BLR,0.127,2026-09-06,T+30,Economy,3840.0,790.0,380.0,300.0,5310.0,INR,Available,False
2026-08-07T10:30:00,2026-08-07,OTA Aggregator,SpiceJet,BOM,BLR,BOM-BLR,0.127,2026-09-21,T+45,Economy,3950.0,840.0,410.0,300.0,5500.0,INR,Available,False
2026-08-07T10:30:00,2026-08-07,Airline Direct,IndiGo,DEL,CCU,DEL-CCU,0.113,2026-08-08,T+1,Economy,6910.0,1270.0,630.0,300.0,9110.0,INR,Available,False
2026-08-07T10:30:00,2026-08-07,Airline Direct,IndiGo,DEL,CCU,DEL-CCU,0.113,2026-08-14,T+7,Economy,5440.0,1010.0,510.0,300.0,7260.0,INR,Available,False
2026-08-07T10:30:00,2026-08-07,Airline Direct,IndiGo,DEL,CCU,DEL-CCU,0.113,2026-08-22,T+15,Economy,4410.0,900.0,500.0,300.0,6110.0,INR,Available,False
2026-08-07T10:30:00,2026-08-07,Airline Direct,IndiGo,DEL,CCU,DEL-CCU,0.113,2026-09-06,T+30,Economy,3940.0,740.0,460.0,300.0,5440.0,INR,Available,False
2026-08-07T10:30:00,2026-08-07,Airline Direct,IndiGo,DEL,CCU,DEL-CCU,0.113,2026-09-21,T+45,Economy,3740.0,740.0,360.0,300.0,5140.0,INR,Available,False
2026-08-07T10:30:00,2026-08-07,Airline Direct,Air India,DEL,CCU,DEL-CCU,0.113,2026-08-08,T+1,Economy,8080.0,1430.0,700.0,250.0,10460.0,INR,Available,False
2026-08-07T10:30:00,2026-08-07,Airline Direct,Air India,DEL,CCU,DEL-CCU,0.113,2026-08-14,T+7,Economy,6160.0,1230.0,570.0,250.0,8210.0,INR,Available,False
2026-08-07T10:30:00,2026-08-07,Airline Direct,Air India,DEL,CCU,DEL-CCU,0.113,2026-08-22,T+15,Economy,5220.0,1030.0,500.0,250.0,7000.0,INR,Available,False
2026-08-07T10:30:00,2026-08-07,Airline Direct,Air India,DEL,CCU,DEL-CCU,0.113,2026-09-06,T+30,Economy,4520.0,860.0,470.0,250.0,6100.0,INR,Available,False
2026-08-07T10:30:00,2026-08-07,Airline Direct,Air India,DEL,CCU,DEL-CCU,0.113,2026-09-21,T+45,Economy,3980.0,820.0,440.0,250.0,5490.0,INR,Available,False
2026-08-07T10:30:00,2026-08-07,OTA Aggregator,Air India Express,DEL,CCU,DEL-CCU,0.113,2026-08-08,T+1,Economy,6560.0,1210.0,580.0,250.0,8600.0,INR,Available,False
2026-08-07T10:30:00,2026-08-07,OTA Aggregator,Air India Express,DEL,CCU,DEL-CCU,0.113,2026-08-14,T+7,Economy,4750.0,930.0,530.0,250.0,6460.0,INR,Available,False
2026-08-07T10:30:00,2026-08-07,OTA Aggregator,Air India Express,DEL,CCU,DEL-CCU,0.113,2026-08-22,T+15,Economy,4350.0,860.0,480.0,250.0,5940.0,INR,Available,False
2026-08-07T10:30:00,2026-08-07,OTA Aggregator,Air India Express,DEL,CCU,DEL-CCU,0.113,2026-09-06,T+30,Economy,3790.0,850.0,360.0,250.0,5250.0,INR,Available,False
2026-08-07T10:30:00,2026-08-07,OTA Aggregator,Air India Express,DEL,CCU,DEL-CCU,0.113,2026-09-21,T+45,Economy,3300.0,630.0,360.0,250.0,4540.0,INR,Available,False
2026-08-07T10:30:00,2026-08-07,OTA Aggregator,Akasa Air,DEL,CCU,DEL-CCU,0.113,2026-08-08,T+1,Economy,6690.0,1240.0,610.0,250.0,8790.0,INR,Available,False
2026-08-07T10:30:00,2026-08-07,OTA Aggregator,Akasa Air,DEL,CCU,DEL-CCU,0.113,2026-08-14,T+7,Economy,5060.0,970.0,530.0,250.0,6810.0,INR,Available,False
2026-08-07T10:30:00,2026-08-07,OTA Aggregator,Akasa Air,DEL,CCU,DEL-CCU,0.113,2026-08-22,T+15,Economy,4370.0,890.0,460.0,250.0,5970.0,INR,Available,False
2026-08-07T10:30:00,2026-08-07,OTA Aggregator,Akasa Air,DEL,CCU,DEL-CCU,0.113,2026-09-06,T+30,Economy,3780.0,740.0,420.0,250.0,5190.0,INR,Available,False
2026-08-07T10:30:00,2026-08-07,OTA Aggregator,Akasa Air,DEL,CCU,DEL-CCU,0.113,2026-09-21,T+45,Economy,3540.0,670.0,360.0,250.0,4820.0,INR,Available,False
2026-08-07T10:30:00,2026-08-07,OTA Aggregator,SpiceJet,DEL,CCU,DEL-CCU,0.113,2026-08-08,T+1,Economy,6920.0,1250.0,630.0,300.0,9100.0,INR,Available,False
2026-08-07T10:30:00,2026-08-07,OTA Aggregator,SpiceJet,DEL,CCU,DEL-CCU,0.113,2026-08-14,T+7,Economy,5220.0,1050.0,530.0,300.0,7100.0,INR,Available,False
2026-08-07T10:30:00,2026-08-07,OTA Aggregator,SpiceJet,DEL,CCU,DEL-CCU,0.113,2026-08-22,T+15,Economy,4350.0,900.0,410.0,300.0,5960.0,INR,Available,False
2026-08-07T10:30:00,2026-08-07,OTA Aggregator,SpiceJet,DEL,CCU,DEL-CCU,0.113,2026-09-06,T+30,Economy,3940.0,870.0,420.0,300.0,5530.0,INR,Available,False
2026-08-07T10:30:00,2026-08-07,OTA Aggregator,SpiceJet,DEL,CCU,DEL-CCU,0.113,2026-09-21,T+45,Economy,3630.0,710.0,400.0,300.0,5040.0,INR,Available,False
2026-08-07T10:30:00,2026-08-07,Airline Direct,IndiGo,BLR,HYD,BLR-HYD,0.098,2026-08-08,T+1,Economy,5520.0,990.0,530.0,300.0,7340.0,INR,Available,False
2026-08-07T10:30:00,2026-08-07,Airline Direct,IndiGo,BLR,HYD,BLR-HYD,0.098,2026-08-14,T+7,Economy,4260.0,920.0,450.0,300.0,5930.0,INR,Available,False
2026-08-07T10:30:00,2026-08-07,Airline Direct,IndiGo,BLR,HYD,BLR-HYD,0.098,2026-08-22,T+15,Economy,3310.0,680.0,400.0,300.0,4690.0,INR,Available,False
2026-08-07T10:30:00,2026-08-07,Airline Direct,IndiGo,BLR,HYD,BLR-HYD,0.098,2026-09-06,T+30,Economy,3090.0,690.0,380.0,300.0,4460.0,INR,Available,False
2026-08-07T10:30:00,2026-08-07,Airline Direct,IndiGo,BLR,HYD,BLR-HYD,0.098,2026-09-21,T+45,Economy,3030.0,620.0,360.0,300.0,4310.0,INR,Available,False
2026-08-07T10:30:00,2026-08-07,Airline Direct,Air India,BLR,HYD,BLR-HYD,0.098,2026-08-08,T+1,Economy,5630.0,1070.0,570.0,250.0,7520.0,INR,Available,False
2026-08-07T10:30:00,2026-08-07,Airline Direct,Air India,BLR,HYD,BLR-HYD,0.098,2026-08-14,T+7,Economy,4380.0,870.0,400.0,250.0,5900.0,INR,Available,False
2026-08-07T10:30:00,2026-08-07,Airline Direct,Air India,BLR,HYD,BLR-HYD,0.098,2026-08-22,T+15,Economy,3920.0,770.0,410.0,250.0,5350.0,INR,Available,False
2026-08-07T10:30:00,2026-08-07,Airline Direct,Air India,BLR,HYD,BLR-HYD,0.098,2026-09-06,T+30,Economy,3300.0,770.0,320.0,250.0,4640.0,INR,Available,False
2026-08-07T10:30:00,2026-08-07,Airline Direct,Air India,BLR,HYD,BLR-HYD,0.098,2026-09-21,T+45,Economy,2970.0,690.0,330.0,250.0,4240.0,INR,Available,False
2026-08-07T10:30:00,2026-08-07,OTA Aggregator,Air India Express,BLR,HYD,BLR-HYD,0.098,2026-08-08,T+1,Economy,4710.0,880.0,430.0,250.0,6270.0,INR,Available,False
2026-08-07T10:30:00,2026-08-07,OTA Aggregator,Air India Express,BLR,HYD,BLR-HYD,0.098,2026-08-14,T+7,Economy,3910.0,750.0,430.0,250.0,5340.0,INR,Available,False
2026-08-07T10:30:00,2026-08-07,OTA Aggregator,Air India Express,BLR,HYD,BLR-HYD,0.098,2026-08-22,T+15,Economy,3250.0,720.0,320.0,250.0,4540.0,INR,Available,False
2026-08-07T10:30:00,2026-08-07,OTA Aggregator,Air India Express,BLR,HYD,BLR-HYD,0.098,2026-09-06,T+30,Economy,2830.0,600.0,310.0,250.0,3990.0,INR,Available,False
2026-08-07T10:30:00,2026-08-07,OTA Aggregator,Air India Express,BLR,HYD,BLR-HYD,0.098,2026-09-21,T+45,Economy,2600.0,600.0,290.0,250.0,3740.0,INR,Available,False
2026-08-07T10:30:00,2026-08-07,OTA Aggregator,Akasa Air,BLR,HYD,BLR-HYD,0.098,2026-08-08,T+1,Economy,4740.0,980.0,510.0,250.0,6480.0,INR,Available,False
2026-08-07T10:30:00,2026-08-07,OTA Aggregator,Akasa Air,BLR,HYD,BLR-HYD,0.098,2026-08-14,T+7,Economy,3960.0,880.0,400.0,250.0,5490.0,INR,Available,False
2026-08-07T10:30:00,2026-08-07,OTA Aggregator,Akasa Air,BLR,HYD,BLR-HYD,0.098,2026-08-22,T+15,Economy,3280.0,680.0,360.0,250.0,4570.0,INR,Available,False
2026-08-07T10:30:00,2026-08-07,OTA Aggregator,Akasa Air,BLR,HYD,BLR-HYD,0.098,2026-09-06,T+30,Economy,2850.0,640.0,330.0,250.0,4070.0,INR,Available,False
2026-08-07T10:30:00,2026-08-07,OTA Aggregator,Akasa Air,BLR,HYD,BLR-HYD,0.098,2026-09-21,T+45,Economy,2570.0,540.0,340.0,250.0,3700.0,INR,Available,False
2026-08-07T10:30:00,2026-08-07,OTA Aggregator,SpiceJet,BLR,HYD,BLR-HYD,0.098,2026-08-08,T+1,Economy,5310.0,1060.0,520.0,300.0,7190.0,INR,Available,False
2026-08-07T10:30:00,2026-08-07,OTA Aggregator,SpiceJet,BLR,HYD,BLR-HYD,0.098,2026-08-14,T+7,Economy,4030.0,840.0,390.0,300.0,5560.0,INR,Available,False
2026-08-07T10:30:00,2026-08-07,OTA Aggregator,SpiceJet,BLR,HYD,BLR-HYD,0.098,2026-08-22,T+15,Economy,3260.0,730.0,330.0,300.0,4620.0,INR,Available,False
2026-08-07T10:30:00,2026-08-07,OTA Aggregator,SpiceJet,BLR,HYD,BLR-HYD,0.098,2026-09-06,T+30,Economy,2990.0,600.0,310.0,300.0,4200.0,INR,Available,False
2026-08-07T10:30:00,2026-08-07,OTA Aggregator,SpiceJet,BLR,HYD,BLR-HYD,0.098,2026-09-21,T+45,Economy,2710.0,560.0,280.0,300.0,3850.0,INR,Available,False
2026-08-07T10:30:00,2026-08-07,Airline Direct,IndiGo,MAA,DEL,MAA-DEL,0.086,2026-08-08,T+1,Economy,10660.0,1830.0,990.0,300.0,13780.0,INR,Available,True
2026-08-07T10:30:00,2026-08-07,Airline Direct,IndiGo,MAA,DEL,MAA-DEL,0.086,2026-08-14,T+7,Economy,6040.0,1080.0,560.0,300.0,7980.0,INR,Available,False
2026-08-07T10:30:00,2026-08-07,Airline Direct,IndiGo,MAA,DEL,MAA-DEL,0.086,2026-08-22,T+15,Economy,5050.0,990.0,510.0,300.0,6850.0,INR,Available,False
2026-08-07T10:30:00,2026-08-07,Airline Direct,IndiGo,MAA,DEL,MAA-DEL,0.086,2026-09-06,T+30,Economy,4370.0,830.0,500.0,300.0,6000.0,INR,Available,False
2026-08-07T10:30:00,2026-08-07,Airline Direct,IndiGo,MAA,DEL,MAA-DEL,0.086,2026-09-21,T+45,Economy,4140.0,850.0,440.0,300.0,5730.0,INR,Available,False
2026-08-07T10:30:00,2026-08-07,Airline Direct,Air India,MAA,DEL,MAA-DEL,0.086,2026-08-08,T+1,Economy,8190.0,1510.0,780.0,250.0,10730.0,INR,Available,False
2026-08-07T10:30:00,2026-08-07,Airline Direct,Air India,MAA,DEL,MAA-DEL,0.086,2026-08-14,T+7,Economy,6250.0,1130.0,600.0,250.0,8230.0,INR,Available,False
2026-08-07T10:30:00,2026-08-07,Airline Direct,Air India,MAA,DEL,MAA-DEL,0.086,2026-08-22,T+15,Economy,5900.0,1140.0,580.0,250.0,7870.0,INR,Available,False
2026-08-07T10:30:00,2026-08-07,Airline Direct,Air India,MAA,DEL,MAA-DEL,0.086,2026-09-06,T+30,Economy,4920.0,900.0,500.0,250.0,6570.0,INR,Available,False
2026-08-07T10:30:00,2026-08-07,Airline Direct,Air India,MAA,DEL,MAA-DEL,0.086,2026-09-21,T+45,Economy,4510.0,840.0,480.0,250.0,6080.0,INR,Available,False
2026-08-07T10:30:00,2026-08-07,OTA Aggregator,Air India Express,MAA,DEL,MAA-DEL,0.086,2026-08-08,T+1,Economy,7190.0,1310.0,710.0,250.0,9460.0,INR,Available,False
2026-08-07T10:30:00,2026-08-07,OTA Aggregator,Air India Express,MAA,DEL,MAA-DEL,0.086,2026-08-14,T+7,Economy,5710.0,1080.0,510.0,250.0,7550.0,INR,Available,False
2026-08-07T10:30:00,2026-08-07,OTA Aggregator,Air India Express,MAA,DEL,MAA-DEL,0.086,2026-08-22,T+15,Economy,4610.0,960.0,430.0,250.0,6250.0,INR,Available,False
2026-08-07T10:30:00,2026-08-07,OTA Aggregator,Air India Express,MAA,DEL,MAA-DEL,0.086,2026-09-06,T+30,Economy,4610.0,930.0,490.0,250.0,6280.0,INR,Available,False
2026-08-07T10:30:00,2026-08-07,OTA Aggregator,Air India Express,MAA,DEL,MAA-DEL,0.086,2026-09-21,T+45,Economy,3730.0,730.0,350.0,250.0,5060.0,INR,Available,False
2026-08-07T10:30:00,2026-08-07,OTA Aggregator,Akasa Air,MAA,DEL,MAA-DEL,0.086,2026-08-08,T+1,Economy,7630.0,1440.0,740.0,250.0,10060.0,INR,Available,False
2026-08-07T10:30:00,2026-08-07,OTA Aggregator,Akasa Air,MAA,DEL,MAA-DEL,0.086,2026-08-14,T+7,Economy,6180.0,1160.0,580.0,250.0,8170.0,INR,Available,False
2026-08-07T10:30:00,2026-08-07,OTA Aggregator,Akasa Air,MAA,DEL,MAA-DEL,0.086,2026-08-22,T+15,Economy,4920.0,910.0,530.0,250.0,6610.0,INR,Available,False
2026-08-07T10:30:00,2026-08-07,OTA Aggregator,Akasa Air,MAA,DEL,MAA-DEL,0.086,2026-09-06,T+30,Economy,4530.0,960.0,460.0,250.0,6200.0,INR,Available,False
2026-08-07T10:30:00,2026-08-07,OTA Aggregator,Akasa Air,MAA,DEL,MAA-DEL,0.086,2026-09-21,T+45,Economy,3940.0,850.0,460.0,250.0,5500.0,INR,Available,False
2026-08-07T10:30:00,2026-08-07,OTA Aggregator,SpiceJet,MAA,DEL,MAA-DEL,0.086,2026-08-08,T+1,Economy,7520.0,1310.0,740.0,300.0,9870.0,INR,Available,False
2026-08-07T10:30:00,2026-08-07,OTA Aggregator,SpiceJet,MAA,DEL,MAA-DEL,0.086,2026-08-14,T+7,Economy,6130.0,1230.0,550.0,300.0,8210.0,INR,Available,False
2026-08-07T10:30:00,2026-08-07,OTA Aggregator,SpiceJet,MAA,DEL,MAA-DEL,0.086,2026-08-22,T+15,Economy,4670.0,940.0,430.0,300.0,6340.0,INR,Available,False
2026-08-07T10:30:00,2026-08-07,OTA Aggregator,SpiceJet,MAA,DEL,MAA-DEL,0.086,2026-09-06,T+30,Economy,4590.0,900.0,520.0,300.0,6310.0,INR,Available,False
2026-08-07T10:30:00,2026-08-07,OTA Aggregator,SpiceJet,MAA,DEL,MAA-DEL,0.086,2026-09-21,T+45,Economy,3980.0,820.0,400.0,300.0,5500.0,INR,Available,False
2026-08-07T10:30:00,2026-08-07,Airline Direct,IndiGo,BOM,DEL,BOM-DEL,0.135,2026-08-08,T+1,Economy,8730.0,1510.0,790.0,300.0,11330.0,INR,Available,False
2026-08-07T10:30:00,2026-08-07,Airline Direct,IndiGo,BOM,DEL,BOM-DEL,0.135,2026-08-14,T+7,Economy,6600.0,1230.0,650.0,300.0,8780.0,INR,Available,False
2026-08-07T10:30:00,2026-08-07,Airline Direct,IndiGo,BOM,DEL,BOM-DEL,0.135,2026-08-22,T+15,Economy,6130.0,1080.0,560.0,300.0,8070.0,INR,Available,False
2026-08-07T10:30:00,2026-08-07,Airline Direct,IndiGo,BOM,DEL,BOM-DEL,0.135,2026-09-06,T+30,Economy,5270.0,1040.0,520.0,300.0,7130.0,INR,Available,False
2026-08-07T10:30:00,2026-08-07,Airline Direct,IndiGo,BOM,DEL,BOM-DEL,0.135,2026-09-21,T+45,Economy,4740.0,870.0,510.0,300.0,6420.0,INR,Available,False
2026-08-07T10:30:00,2026-08-07,Airline Direct,Air India,BOM,DEL,BOM-DEL,0.135,2026-08-08,T+1,Economy,10150.0,1840.0,940.0,250.0,13180.0,INR,Available,False
2026-08-07T10:30:00,2026-08-07,Airline Direct,Air India,BOM,DEL,BOM-DEL,0.135,2026-08-14,T+7,Economy,7460.0,1310.0,710.0,250.0,9730.0,INR,Available,False
2026-08-07T10:30:00,2026-08-07,Airline Direct,Air India,BOM,DEL,BOM-DEL,0.135,2026-08-22,T+15,Economy,6650.0,1260.0,660.0,250.0,8820.0,INR,Available,False
2026-08-07T10:30:00,2026-08-07,Airline Direct,Air India,BOM,DEL,BOM-DEL,0.135,2026-09-06,T+30,Economy,5420.0,1100.0,560.0,250.0,7330.0,INR,Available,False
2026-08-07T10:30:00,2026-08-07,Airline Direct,Air India,BOM,DEL,BOM-DEL,0.135,2026-09-21,T+45,Economy,4980.0,1030.0,520.0,250.0,6780.0,INR,Available,False
2026-08-07T10:30:00,2026-08-07,OTA Aggregator,Air India Express,BOM,DEL,BOM-DEL,0.135,2026-08-08,T+1,Economy,8700.0,1580.0,810.0,250.0,11340.0,INR,Available,False
2026-08-07T10:30:00,2026-08-07,OTA Aggregator,Air India Express,BOM,DEL,BOM-DEL,0.135,2026-08-14,T+7,Economy,6570.0,1170.0,620.0,250.0,8610.0,INR,Available,False
2026-08-07T10:30:00,2026-08-07,OTA Aggregator,Air India Express,BOM,DEL,BOM-DEL,0.135,2026-08-22,T+15,Economy,5210.0,960.0,500.0,250.0,6920.0,INR,Available,False
2026-08-07T10:30:00,2026-08-07,OTA Aggregator,Air India Express,BOM,DEL,BOM-DEL,0.135,2026-09-06,T+30,Economy,4850.0,910.0,460.0,250.0,6470.0,INR,Available,False
2026-08-07T10:30:00,2026-08-07,OTA Aggregator,Air India Express,BOM,DEL,BOM-DEL,0.135,2026-09-21,T+45,Economy,4450.0,890.0,420.0,250.0,6010.0,INR,Available,False
2026-08-07T10:30:00,2026-08-07,OTA Aggregator,Akasa Air,BOM,DEL,BOM-DEL,0.135,2026-08-08,T+1,Economy,8340.0,1540.0,760.0,250.0,10890.0,INR,Available,False
2026-08-07T10:30:00,2026-08-07,OTA Aggregator,Akasa Air,BOM,DEL,BOM-DEL,0.135,2026-08-14,T+7,Economy,6590.0,1270.0,600.0,250.0,8710.0,INR,Available,False
2026-08-07T10:30:00,2026-08-07,OTA Aggregator,Akasa Air,BOM,DEL,BOM-DEL,0.135,2026-08-22,T+15,Economy,5710.0,1120.0,530.0,250.0,7610.0,INR,Available,False
2026-08-07T10:30:00,2026-08-07,OTA Aggregator,Akasa Air,BOM,DEL,BOM-DEL,0.135,2026-09-06,T+30,Economy,4820.0,920.0,460.0,250.0,6450.0,INR,Available,False
2026-08-07T10:30:00,2026-08-07,OTA Aggregator,Akasa Air,BOM,DEL,BOM-DEL,0.135,2026-09-21,T+45,Economy,4500.0,850.0,480.0,250.0,6080.0,INR,Available,False
2026-08-07T10:30:00,2026-08-07,OTA Aggregator,SpiceJet,BOM,DEL,BOM-DEL,0.135,2026-08-08,T+1,Economy,8710.0,1590.0,830.0,300.0,11430.0,INR,Available,False
2026-08-07T10:30:00,2026-08-07,OTA Aggregator,SpiceJet,BOM,DEL,BOM-DEL,0.135,2026-08-14,T+7,Economy,6290.0,1220.0,630.0,300.0,8440.0,INR,Available,False
2026-08-07T10:30:00,2026-08-07,OTA Aggregator,SpiceJet,BOM,DEL,BOM-DEL,0.135,2026-08-22,T+15,Economy,5440.0,1040.0,490.0,300.0,7270.0,INR,Available,False
2026-08-07T10:30:00,2026-08-07,OTA Aggregator,SpiceJet,BOM,DEL,BOM-DEL,0.135,2026-09-06,T+30,Economy,5140.0,960.0,460.0,300.0,6860.0,INR,Available,False
2026-08-07T10:30:00,2026-08-07,OTA Aggregator,SpiceJet,BOM,DEL,BOM-DEL,0.135,2026-09-21,T+45,Economy,4450.0,900.0,410.0,300.0,6060.0,INR,Available,False
2026-08-07T10:30:00,2026-08-07,Airline Direct,IndiGo,HYD,DEL,HYD-DEL,0.105,2026-08-08,T+1,Economy,6810.0,1240.0,680.0,300.0,9030.0,INR,Available,False
2026-08-07T10:30:00,2026-08-07,Airline Direct,IndiGo,HYD,DEL,HYD-DEL,0.105,2026-08-14,T+7,Economy,5100.0,1050.0,560.0,300.0,7010.0,INR,Available,False
2026-08-07T10:30:00,2026-08-07,Airline Direct,IndiGo,HYD,DEL,HYD-DEL,0.105,2026-08-22,T+15,Economy,4510.0,950.0,500.0,300.0,6260.0,INR,Available,False
2026-08-07T10:30:00,2026-08-07,Airline Direct,IndiGo,HYD,DEL,HYD-DEL,0.105,2026-09-06,T+30,Economy,3890.0,730.0,370.0,300.0,5290.0,INR,Available,False
2026-08-07T10:30:00,2026-08-07,Airline Direct,IndiGo,HYD,DEL,HYD-DEL,0.105,2026-09-21,T+45,Economy,3330.0,780.0,350.0,300.0,4760.0,INR,Available,False
2026-08-07T10:30:00,2026-08-07,Airline Direct,Air India,HYD,DEL,HYD-DEL,0.105,2026-08-08,T+1,Economy,7420.0,1440.0,670.0,250.0,9780.0,INR,Available,False
2026-08-07T10:30:00,2026-08-07,Airline Direct,Air India,HYD,DEL,HYD-DEL,0.105,2026-08-14,T+7,Economy,5700.0,1020.0,550.0,250.0,7520.0,INR,Available,False
2026-08-07T10:30:00,2026-08-07,Airline Direct,Air India,HYD,DEL,HYD-DEL,0.105,2026-08-22,T+15,Economy,4950.0,980.0,480.0,250.0,6660.0,INR,Available,False
2026-08-07T10:30:00,2026-08-07,Airline Direct,Air India,HYD,DEL,HYD-DEL,0.105,2026-09-06,T+30,Economy,4050.0,850.0,400.0,250.0,5550.0,INR,Available,False
2026-08-07T10:30:00,2026-08-07,Airline Direct,Air India,HYD,DEL,HYD-DEL,0.105,2026-09-21,T+45,Economy,3980.0,740.0,450.0,250.0,5420.0,INR,Available,False
2026-08-07T10:30:00,2026-08-07,OTA Aggregator,Air India Express,HYD,DEL,HYD-DEL,0.105,2026-08-08,T+1,Economy,6290.0,1190.0,620.0,250.0,8350.0,INR,Available,False
2026-08-07T10:30:00,2026-08-07,OTA Aggregator,Air India Express,HYD,DEL,HYD-DEL,0.105,2026-08-14,T+7,Economy,4790.0,950.0,530.0,250.0,6520.0,INR,Available,False
2026-08-07T10:30:00,2026-08-07,OTA Aggregator,Air India Express,HYD,DEL,HYD-DEL,0.105,2026-08-22,T+15,Economy,4200.0,890.0,430.0,250.0,5770.0,INR,Available,False
2026-08-07T10:30:00,2026-08-07,OTA Aggregator,Air India Express,HYD,DEL,HYD-DEL,0.105,2026-09-06,T+30,Economy,3420.0,680.0,380.0,250.0,4730.0,INR,Available,False
2026-08-07T10:30:00,2026-08-07,OTA Aggregator,Air India Express,HYD,DEL,HYD-DEL,0.105,2026-09-21,T+45,Economy,3410.0,780.0,420.0,250.0,4860.0,INR,Available,False
2026-08-07T10:30:00,2026-08-07,OTA Aggregator,Akasa Air,HYD,DEL,HYD-DEL,0.105,2026-08-08,T+1,Economy,6370.0,1270.0,660.0,250.0,8550.0,INR,Available,False
2026-08-07T10:30:00,2026-08-07,OTA Aggregator,Akasa Air,HYD,DEL,HYD-DEL,0.105,2026-08-14,T+7,Economy,4500.0,920.0,490.0,250.0,6160.0,INR,Available,False
2026-08-07T10:30:00,2026-08-07,OTA Aggregator,Akasa Air,HYD,DEL,HYD-DEL,0.105,2026-08-22,T+15,Economy,4240.0,790.0,430.0,250.0,5710.0,INR,Available,False
2026-08-07T10:30:00,2026-08-07,OTA Aggregator,Akasa Air,HYD,DEL,HYD-DEL,0.105,2026-09-06,T+30,Economy,3800.0,810.0,420.0,250.0,5280.0,INR,Available,False
2026-08-07T10:30:00,2026-08-07,OTA Aggregator,Akasa Air,HYD,DEL,HYD-DEL,0.105,2026-09-21,T+45,Economy,3370.0,660.0,370.0,250.0,4650.0,INR,Available,False
2026-08-07T10:30:00,2026-08-07,OTA Aggregator,SpiceJet,HYD,DEL,HYD-DEL,0.105,2026-08-08,T+1,Economy,6390.0,1230.0,630.0,300.0,8550.0,INR,Available,False
2026-08-07T10:30:00,2026-08-07,OTA Aggregator,SpiceJet,HYD,DEL,HYD-DEL,0.105,2026-08-14,T+7,Economy,4830.0,970.0,500.0,300.0,6600.0,INR,Available,False
2026-08-07T10:30:00,2026-08-07,OTA Aggregator,SpiceJet,HYD,DEL,HYD-DEL,0.105,2026-08-22,T+15,Economy,4150.0,790.0,450.0,300.0,5690.0,INR,Available,False
2026-08-07T10:30:00,2026-08-07,OTA Aggregator,SpiceJet,HYD,DEL,HYD-DEL,0.105,2026-09-06,T+30,Economy,3930.0,850.0,380.0,300.0,5460.0,INR,Available,False
2026-08-07T10:30:00,2026-08-07,OTA Aggregator,SpiceJet,HYD,DEL,HYD-DEL,0.105,2026-09-21,T+45,Economy,3320.0,630.0,390.0,300.0,4640.0,INR,Available,False
2026-08-08T10:30:00,2026-08-08,Airline Direct,IndiGo,DEL,BOM,DEL-BOM,0.182,2026-08-09,T+1,Economy,10420.0,1890.0,980.0,250.0,13540.0,INR,Available,False
2026-08-08T10:30:00,2026-08-08,Airline Direct,IndiGo,DEL,BOM,DEL-BOM,0.182,2026-08-15,T+7,Economy,7850.0,1440.0,730.0,250.0,10270.0,INR,Available,False
2026-08-08T10:30:00,2026-08-08,Airline Direct,IndiGo,DEL,BOM,DEL-BOM,0.182,2026-08-23,T+15,Economy,6250.0,1190.0,580.0,250.0,8270.0,INR,Available,False
2026-08-08T10:30:00,2026-08-08,Airline Direct,IndiGo,DEL,BOM,DEL-BOM,0.182,2026-09-07,T+30,Economy,5590.0,1130.0,560.0,250.0,7530.0,INR,Available,False
2026-08-08T10:30:00,2026-08-08,Airline Direct,IndiGo,DEL,BOM,DEL-BOM,0.182,2026-09-22,T+45,Economy,4880.0,890.0,440.0,250.0,6460.0,INR,Available,False
2026-08-08T10:30:00,2026-08-08,Airline Direct,Air India,DEL,BOM,DEL-BOM,0.182,2026-08-09,T+1,Economy,11090.0,1890.0,1000.0,300.0,14280.0,INR,Available,False
2026-08-08T10:30:00,2026-08-08,Airline Direct,Air India,DEL,BOM,DEL-BOM,0.182,2026-08-15,T+7,Economy,7910.0,1500.0,770.0,300.0,10480.0,INR,Available,False
2026-08-08T10:30:00,2026-08-08,Airline Direct,Air India,DEL,BOM,DEL-BOM,0.182,2026-08-23,T+15,Economy,7170.0,1280.0,700.0,300.0,9450.0,INR,Available,False
2026-08-08T10:30:00,2026-08-08,Airline Direct,Air India,DEL,BOM,DEL-BOM,0.182,2026-09-07,T+30,Economy,6290.0,1260.0,560.0,300.0,8410.0,INR,Available,False
2026-08-08T10:30:00,2026-08-08,Airline Direct,Air India,DEL,BOM,DEL-BOM,0.182,2026-09-22,T+45,Economy,5490.0,1110.0,550.0,300.0,7450.0,INR,Available,False
2026-08-08T10:30:00,2026-08-08,OTA Aggregator,Air India Express,DEL,BOM,DEL-BOM,0.182,2026-08-09,T+1,Economy,9080.0,1560.0,810.0,300.0,11750.0,INR,Available,False
2026-08-08T10:30:00,2026-08-08,OTA Aggregator,Air India Express,DEL,BOM,DEL-BOM,0.182,2026-08-15,T+7,Economy,7130.0,1250.0,720.0,300.0,9400.0,INR,Available,False
2026-08-08T10:30:00,2026-08-08,OTA Aggregator,Air India Express,DEL,BOM,DEL-BOM,0.182,2026-08-23,T+15,Economy,6050.0,1210.0,540.0,300.0,8100.0,INR,Available,False
2026-08-08T10:30:00,2026-08-08,OTA Aggregator,Air India Express,DEL,BOM,DEL-BOM,0.182,2026-09-07,T+30,Economy,5250.0,1000.0,480.0,300.0,7030.0,INR,Available,False
2026-08-08T10:30:00,2026-08-08,OTA Aggregator,Air India Express,DEL,BOM,DEL-BOM,0.182,2026-09-22,T+45,Economy,4670.0,920.0,450.0,300.0,6340.0,INR,Available,False
2026-08-08T10:30:00,2026-08-08,OTA Aggregator,Akasa Air,DEL,BOM,DEL-BOM,0.182,2026-08-09,T+1,Economy,9060.0,1570.0,790.0,300.0,11720.0,INR,Available,False
2026-08-08T10:30:00,2026-08-08,OTA Aggregator,Akasa Air,DEL,BOM,DEL-BOM,0.182,2026-08-15,T+7,Economy,7150.0,1290.0,700.0,300.0,9440.0,INR,Available,False
2026-08-08T10:30:00,2026-08-08,OTA Aggregator,Akasa Air,DEL,BOM,DEL-BOM,0.182,2026-08-23,T+15,Economy,6210.0,1140.0,580.0,300.0,8230.0,INR,Available,False
2026-08-08T10:30:00,2026-08-08,OTA Aggregator,Akasa Air,DEL,BOM,DEL-BOM,0.182,2026-09-07,T+30,Economy,5220.0,970.0,500.0,300.0,6990.0,INR,Available,False
2026-08-08T10:30:00,2026-08-08,OTA Aggregator,Akasa Air,DEL,BOM,DEL-BOM,0.182,2026-09-22,T+45,Economy,4820.0,970.0,440.0,300.0,6530.0,INR,Available,False
2026-08-08T10:30:00,2026-08-08,OTA Aggregator,SpiceJet,DEL,BOM,DEL-BOM,0.182,2026-08-09,T+1,Economy,9690.0,1700.0,910.0,250.0,12550.0,INR,Available,False
2026-08-08T10:30:00,2026-08-08,OTA Aggregator,SpiceJet,DEL,BOM,DEL-BOM,0.182,2026-08-15,T+7,Economy,7180.0,1270.0,630.0,250.0,9330.0,INR,Available,False
2026-08-08T10:30:00,2026-08-08,OTA Aggregator,SpiceJet,DEL,BOM,DEL-BOM,0.182,2026-08-23,T+15,Economy,5820.0,1120.0,600.0,250.0,7790.0,INR,Available,False
2026-08-08T10:30:00,2026-08-08,OTA Aggregator,SpiceJet,DEL,BOM,DEL-BOM,0.182,2026-09-07,T+30,Economy,5390.0,980.0,540.0,250.0,7160.0,INR,Available,False
2026-08-08T10:30:00,2026-08-08,OTA Aggregator,SpiceJet,DEL,BOM,DEL-BOM,0.182,2026-09-22,T+45,Economy,4790.0,960.0,460.0,250.0,6460.0,INR,Available,False
2026-08-08T10:30:00,2026-08-08,Airline Direct,IndiGo,DEL,BLR,DEL-BLR,0.154,2026-08-09,T+1,Economy,9340.0,1610.0,840.0,250.0,12040.0,INR,Available,False
2026-08-08T10:30:00,2026-08-08,Airline Direct,IndiGo,DEL,BLR,DEL-BLR,0.154,2026-08-15,T+7,Economy,7430.0,1300.0,690.0,250.0,9670.0,INR,Available,False
2026-08-08T10:30:00,2026-08-08,Airline Direct,IndiGo,DEL,BLR,DEL-BLR,0.154,2026-08-23,T+15,Economy,6010.0,1130.0,600.0,250.0,7990.0,INR,Available,False
2026-08-08T10:30:00,2026-08-08,Airline Direct,IndiGo,DEL,BLR,DEL-BLR,0.154,2026-09-07,T+30,Economy,5670.0,1120.0,590.0,250.0,7630.0,INR,Available,False
2026-08-08T10:30:00,2026-08-08,Airline Direct,IndiGo,DEL,BLR,DEL-BLR,0.154,2026-09-22,T+45,Economy,5050.0,960.0,510.0,250.0,6770.0,INR,Available,False
2026-08-08T10:30:00,2026-08-08,Airline Direct,Air India,DEL,BLR,DEL-BLR,0.154,2026-08-09,T+1,Economy,9980.0,1770.0,920.0,300.0,12970.0,INR,Available,False
2026-08-08T10:30:00,2026-08-08,Airline Direct,Air India,DEL,BLR,DEL-BLR,0.154,2026-08-15,T+7,Economy,8000.0,1450.0,740.0,300.0,10490.0,INR,Available,False
2026-08-08T10:30:00,2026-08-08,Airline Direct,Air India,DEL,BLR,DEL-BLR,0.154,2026-08-23,T+15,Economy,6520.0,1270.0,610.0,300.0,8700.0,INR,Available,False
2026-08-08T10:30:00,2026-08-08,Airline Direct,Air India,DEL,BLR,DEL-BLR,0.154,2026-09-07,T+30,Economy,5970.0,1100.0,570.0,300.0,7940.0,INR,Available,False
2026-08-08T10:30:00,2026-08-08,Airline Direct,Air India,DEL,BLR,DEL-BLR,0.154,2026-09-22,T+45,Economy,5210.0,960.0,560.0,300.0,7030.0,INR,Available,False
2026-08-08T10:30:00,2026-08-08,OTA Aggregator,Air India Express,DEL,BLR,DEL-BLR,0.154,2026-08-09,T+1,Economy,8690.0,1580.0,800.0,300.0,11370.0,INR,Available,False
2026-08-08T10:30:00,2026-08-08,OTA Aggregator,Air India Express,DEL,BLR,DEL-BLR,0.154,2026-08-15,T+7,Economy,7140.0,1280.0,680.0,300.0,9400.0,INR,Available,False
2026-08-08T10:30:00,2026-08-08,OTA Aggregator,Air India Express,DEL,BLR,DEL-BLR,0.154,2026-08-23,T+15,Economy,5610.0,1050.0,560.0,300.0,7520.0,INR,Available,False
2026-08-08T10:30:00,2026-08-08,OTA Aggregator,Air India Express,DEL,BLR,DEL-BLR,0.154,2026-09-07,T+30,Economy,4940.0,920.0,470.0,300.0,6630.0,INR,Available,False
2026-08-08T10:30:00,2026-08-08,OTA Aggregator,Air India Express,DEL,BLR,DEL-BLR,0.154,2026-09-22,T+45,Economy,4340.0,830.0,420.0,300.0,5890.0,INR,Available,False
2026-08-08T10:30:00,2026-08-08,OTA Aggregator,Akasa Air,DEL,BLR,DEL-BLR,0.154,2026-08-09,T+1,Economy,8600.0,1620.0,800.0,300.0,11320.0,INR,Available,False
2026-08-08T10:30:00,2026-08-08,OTA Aggregator,Akasa Air,DEL,BLR,DEL-BLR,0.154,2026-08-15,T+7,Economy,6960.0,1240.0,640.0,300.0,9140.0,INR,Available,False
2026-08-08T10:30:00,2026-08-08,OTA Aggregator,Akasa Air,DEL,BLR,DEL-BLR,0.154,2026-08-23,T+15,Economy,5660.0,1020.0,560.0,300.0,7540.0,INR,Available,False
2026-08-08T10:30:00,2026-08-08,OTA Aggregator,Akasa Air,DEL,BLR,DEL-BLR,0.154,2026-09-07,T+30,Economy,5220.0,1060.0,550.0,300.0,7130.0,INR,Available,False
2026-08-08T10:30:00,2026-08-08,OTA Aggregator,Akasa Air,DEL,BLR,DEL-BLR,0.154,2026-09-22,T+45,Economy,4700.0,890.0,450.0,300.0,6340.0,INR,Available,False
2026-08-08T10:30:00,2026-08-08,OTA Aggregator,SpiceJet,DEL,BLR,DEL-BLR,0.154,2026-08-09,T+1,Economy,8650.0,1520.0,770.0,250.0,11190.0,INR,Available,False
2026-08-08T10:30:00,2026-08-08,OTA Aggregator,SpiceJet,DEL,BLR,DEL-BLR,0.154,2026-08-15,T+7,Economy,7040.0,1340.0,630.0,250.0,9260.0,INR,Available,False
2026-08-08T10:30:00,2026-08-08,OTA Aggregator,SpiceJet,DEL,BLR,DEL-BLR,0.154,2026-08-23,T+15,Economy,6140.0,1150.0,580.0,250.0,8120.0,INR,Available,False
2026-08-08T10:30:00,2026-08-08,OTA Aggregator,SpiceJet,DEL,BLR,DEL-BLR,0.154,2026-09-07,T+30,Economy,5110.0,1060.0,460.0,250.0,6880.0,INR,Available,False
2026-08-08T10:30:00,2026-08-08,OTA Aggregator,SpiceJet,DEL,BLR,DEL-BLR,0.154,2026-09-22,T+45,Economy,4560.0,870.0,440.0,250.0,6120.0,INR,Available,False
2026-08-08T10:30:00,2026-08-08,Airline Direct,IndiGo,BOM,BLR,BOM-BLR,0.127,2026-08-09,T+1,Economy,7990.0,1450.0,770.0,250.0,10460.0,INR,Available,False
2026-08-08T10:30:00,2026-08-08,Airline Direct,IndiGo,BOM,BLR,BOM-BLR,0.127,2026-08-15,T+7,Economy,6060.0,1090.0,580.0,250.0,7980.0,INR,Available,False
2026-08-08T10:30:00,2026-08-08,Airline Direct,IndiGo,BOM,BLR,BOM-BLR,0.127,2026-08-23,T+15,Economy,5550.0,1140.0,570.0,250.0,7510.0,INR,Available,False
2026-08-08T10:30:00,2026-08-08,Airline Direct,IndiGo,BOM,BLR,BOM-BLR,0.127,2026-09-07,T+30,Economy,4300.0,850.0,480.0,250.0,5880.0,INR,Available,False
2026-08-08T10:30:00,2026-08-08,Airline Direct,IndiGo,BOM,BLR,BOM-BLR,0.127,2026-09-22,T+45,Economy,4070.0,830.0,440.0,250.0,5590.0,INR,Available,False
2026-08-08T10:30:00,2026-08-08,Airline Direct,Air India,BOM,BLR,BOM-BLR,0.127,2026-08-09,T+1,Economy,8210.0,1490.0,760.0,300.0,10760.0,INR,Available,False
2026-08-08T10:30:00,2026-08-08,Airline Direct,Air India,BOM,BLR,BOM-BLR,0.127,2026-08-15,T+7,Economy,6110.0,1200.0,550.0,300.0,8160.0,INR,Available,False
2026-08-08T10:30:00,2026-08-08,Airline Direct,Air India,BOM,BLR,BOM-BLR,0.127,2026-08-23,T+15,Economy,5950.0,1060.0,570.0,300.0,7880.0,INR,Available,False
2026-08-08T10:30:00,2026-08-08,Airline Direct,Air India,BOM,BLR,BOM-BLR,0.127,2026-09-07,T+30,Economy,4780.0,960.0,460.0,300.0,6500.0,INR,Available,False
2026-08-08T10:30:00,2026-08-08,Airline Direct,Air India,BOM,BLR,BOM-BLR,0.127,2026-09-22,T+45,Economy,4540.0,850.0,450.0,300.0,6140.0,INR,Available,False
2026-08-08T10:30:00,2026-08-08,OTA Aggregator,Air India Express,BOM,BLR,BOM-BLR,0.127,2026-08-09,T+1,Economy,7160.0,1260.0,700.0,300.0,9420.0,INR,Available,False
2026-08-08T10:30:00,2026-08-08,OTA Aggregator,Air India Express,BOM,BLR,BOM-BLR,0.127,2026-08-15,T+7,Economy,5860.0,1070.0,590.0,300.0,7820.0,INR,Available,False
2026-08-08T10:30:00,2026-08-08,OTA Aggregator,Air India Express,BOM,BLR,BOM-BLR,0.127,2026-08-23,T+15,Economy,4910.0,940.0,450.0,300.0,6600.0,INR,Available,False
2026-08-08T10:30:00,2026-08-08,OTA Aggregator,Air India Express,BOM,BLR,BOM-BLR,0.127,2026-09-07,T+30,Economy,4170.0,770.0,470.0,300.0,5710.0,INR,Available,False
2026-08-08T10:30:00,2026-08-08,OTA Aggregator,Air India Express,BOM,BLR,BOM-BLR,0.127,2026-09-22,T+45,Economy,4030.0,780.0,410.0,300.0,5520.0,INR,Available,False
2026-08-08T10:30:00,2026-08-08,OTA Aggregator,Akasa Air,BOM,BLR,BOM-BLR,0.127,2026-08-09,T+1,Economy,9340.0,1740.0,860.0,300.0,12240.0,INR,Available,True
2026-08-08T10:30:00,2026-08-08,OTA Aggregator,Akasa Air,BOM,BLR,BOM-BLR,0.127,2026-08-15,T+7,Economy,5710.0,1110.0,570.0,300.0,7690.0,INR,Available,False
2026-08-08T10:30:00,2026-08-08,OTA Aggregator,Akasa Air,BOM,BLR,BOM-BLR,0.127,2026-08-23,T+15,Economy,4920.0,930.0,530.0,300.0,6680.0,INR,Available,False
2026-08-08T10:30:00,2026-08-08,OTA Aggregator,Akasa Air,BOM,BLR,BOM-BLR,0.127,2026-09-07,T+30,Economy,4120.0,800.0,480.0,300.0,5700.0,INR,Available,False
2026-08-08T10:30:00,2026-08-08,OTA Aggregator,Akasa Air,BOM,BLR,BOM-BLR,0.127,2026-09-22,T+45,Economy,4040.0,750.0,440.0,300.0,5530.0,INR,Available,False
2026-08-08T10:30:00,2026-08-08,OTA Aggregator,SpiceJet,BOM,BLR,BOM-BLR,0.127,2026-08-09,T+1,Economy,7820.0,1400.0,710.0,250.0,10180.0,INR,Available,False
2026-08-08T10:30:00,2026-08-08,OTA Aggregator,SpiceJet,BOM,BLR,BOM-BLR,0.127,2026-08-15,T+7,Economy,6160.0,1100.0,590.0,250.0,8100.0,INR,Available,False
2026-08-08T10:30:00,2026-08-08,OTA Aggregator,SpiceJet,BOM,BLR,BOM-BLR,0.127,2026-08-23,T+15,Economy,4850.0,1000.0,530.0,250.0,6630.0,INR,Available,False
2026-08-08T10:30:00,2026-08-08,OTA Aggregator,SpiceJet,BOM,BLR,BOM-BLR,0.127,2026-09-07,T+30,Economy,4150.0,790.0,420.0,250.0,5610.0,INR,Available,False
2026-08-08T10:30:00,2026-08-08,OTA Aggregator,SpiceJet,BOM,BLR,BOM-BLR,0.127,2026-09-22,T+45,Economy,3840.0,860.0,400.0,250.0,5350.0,INR,Available,False
2026-08-08T10:30:00,2026-08-08,Airline Direct,IndiGo,DEL,CCU,DEL-CCU,0.113,2026-08-09,T+1,Economy,7590.0,1350.0,700.0,250.0,9890.0,INR,Available,False
2026-08-08T10:30:00,2026-08-08,Airline Direct,IndiGo,DEL,CCU,DEL-CCU,0.113,2026-08-15,T+7,Economy,6040.0,1180.0,590.0,250.0,8060.0,INR,Available,False
2026-08-08T10:30:00,2026-08-08,Airline Direct,IndiGo,DEL,CCU,DEL-CCU,0.113,2026-08-23,T+15,Economy,5070.0,1050.0,540.0,250.0,6910.0,INR,Available,False
2026-08-08T10:30:00,2026-08-08,Airline Direct,IndiGo,DEL,CCU,DEL-CCU,0.113,2026-09-07,T+30,Economy,4150.0,820.0,470.0,250.0,5690.0,INR,Available,False
2026-08-08T10:30:00,2026-08-08,Airline Direct,IndiGo,DEL,CCU,DEL-CCU,0.113,2026-09-22,T+45,Economy,4190.0,900.0,480.0,250.0,5820.0,INR,Available,False
2026-08-08T10:30:00,2026-08-08,Airline Direct,Air India,DEL,CCU,DEL-CCU,0.113,2026-08-09,T+1,Economy,8440.0,1480.0,740.0,300.0,10960.0,INR,Available,False
2026-08-08T10:30:00,2026-08-08,Airline Direct,Air India,DEL,CCU,DEL-CCU,0.113,2026-08-15,T+7,Economy,6020.0,1110.0,570.0,300.0,8000.0,INR,Available,False
2026-08-08T10:30:00,2026-08-08,Airline Direct,Air India,DEL,CCU,DEL-CCU,0.113,2026-08-23,T+15,Economy,5370.0,1000.0,530.0,300.0,7200.0,INR,Available,False
2026-08-08T10:30:00,2026-08-08,Airline Direct,Air India,DEL,CCU,DEL-CCU,0.113,2026-09-07,T+30,Economy,4910.0,930.0,500.0,300.0,6640.0,INR,Available,False
2026-08-08T10:30:00,2026-08-08,Airline Direct,Air India,DEL,CCU,DEL-CCU,0.113,2026-09-22,T+45,Economy,4090.0,770.0,430.0,300.0,5590.0,INR,Available,False
2026-08-08T10:30:00,2026-08-08,OTA Aggregator,Air India Express,DEL,CCU,DEL-CCU,0.113,2026-08-09,T+1,Economy,6850.0,1250.0,670.0,300.0,9070.0,INR,Available,False
2026-08-08T10:30:00,2026-08-08,OTA Aggregator,Air India Express,DEL,CCU,DEL-CCU,0.113,2026-08-15,T+7,Economy,5430.0,1090.0,540.0,300.0,7360.0,INR,Available,False
2026-08-08T10:30:00,2026-08-08,OTA Aggregator,Air India Express,DEL,CCU,DEL-CCU,0.113,2026-08-23,T+15,Economy,4570.0,930.0,510.0,300.0,6310.0,INR,Available,False
2026-08-08T10:30:00,2026-08-08,OTA Aggregator,Air India Express,DEL,CCU,DEL-CCU,0.113,2026-09-07,T+30,Economy,3720.0,700.0,430.0,300.0,5150.0,INR,Available,False
2026-08-08T10:30:00,2026-08-08,OTA Aggregator,Air India Express,DEL,CCU,DEL-CCU,0.113,2026-09-22,T+45,Economy,3510.0,780.0,340.0,300.0,4930.0,INR,Available,False
2026-08-08T10:30:00,2026-08-08,OTA Aggregator,Akasa Air,DEL,CCU,DEL-CCU,0.113,2026-08-09,T+1,Economy,6780.0,1330.0,610.0,300.0,9020.0,INR,Available,False
2026-08-08T10:30:00,2026-08-08,OTA Aggregator,Akasa Air,DEL,CCU,DEL-CCU,0.113,2026-08-15,T+7,Economy,5910.0,1060.0,580.0,300.0,7850.0,INR,Available,False
2026-08-08T10:30:00,2026-08-08,OTA Aggregator,Akasa Air,DEL,CCU,DEL-CCU,0.113,2026-08-23,T+15,Economy,4710.0,870.0,440.0,300.0,6320.0,INR,Available,False
2026-08-08T10:30:00,2026-08-08,OTA Aggregator,Akasa Air,DEL,CCU,DEL-CCU,0.113,2026-09-07,T+30,Economy,4330.0,880.0,430.0,300.0,5940.0,INR,Available,False
2026-08-08T10:30:00,2026-08-08,OTA Aggregator,Akasa Air,DEL,CCU,DEL-CCU,0.113,2026-09-22,T+45,Economy,3700.0,740.0,350.0,300.0,5090.0,INR,Available,False
2026-08-08T10:30:00,2026-08-08,OTA Aggregator,SpiceJet,DEL,CCU,DEL-CCU,0.113,2026-08-09,T+1,Economy,9160.0,1670.0,830.0,250.0,11910.0,INR,Available,True
2026-08-08T10:30:00,2026-08-08,OTA Aggregator,SpiceJet,DEL,CCU,DEL-CCU,0.113,2026-08-15,T+7,Economy,5670.0,1050.0,560.0,250.0,7530.0,INR,Available,False
2026-08-08T10:30:00,2026-08-08,OTA Aggregator,SpiceJet,DEL,CCU,DEL-CCU,0.113,2026-08-23,T+15,Economy,4520.0,880.0,490.0,250.0,6140.0,INR,Available,False
2026-08-08T10:30:00,2026-08-08,OTA Aggregator,SpiceJet,DEL,CCU,DEL-CCU,0.113,2026-09-07,T+30,Economy,4110.0,810.0,420.0,250.0,5590.0,INR,Available,False
2026-08-08T10:30:00,2026-08-08,OTA Aggregator,SpiceJet,DEL,CCU,DEL-CCU,0.113,2026-09-22,T+45,Economy,3970.0,860.0,400.0,250.0,5480.0,INR,Available,False
2026-08-08T10:30:00,2026-08-08,Airline Direct,IndiGo,BLR,HYD,BLR-HYD,0.098,2026-08-09,T+1,Economy,5390.0,1000.0,520.0,250.0,7160.0,INR,Available,False
2026-08-08T10:30:00,2026-08-08,Airline Direct,IndiGo,BLR,HYD,BLR-HYD,0.098,2026-08-15,T+7,Economy,3960.0,850.0,450.0,250.0,5510.0,INR,Available,False
2026-08-08T10:30:00,2026-08-08,Airline Direct,IndiGo,BLR,HYD,BLR-HYD,0.098,2026-08-23,T+15,Economy,3640.0,730.0,430.0,250.0,5050.0,INR,Available,False
2026-08-08T10:30:00,2026-08-08,Airline Direct,IndiGo,BLR,HYD,BLR-HYD,0.098,2026-09-07,T+30,Economy,3000.0,600.0,380.0,250.0,4230.0,INR,Available,False
2026-08-08T10:30:00,2026-08-08,Airline Direct,IndiGo,BLR,HYD,BLR-HYD,0.098,2026-09-22,T+45,Economy,3030.0,590.0,340.0,250.0,4210.0,INR,Available,False
2026-08-08T10:30:00,2026-08-08,Airline Direct,Air India,BLR,HYD,BLR-HYD,0.098,2026-08-09,T+1,Economy,6570.0,1180.0,640.0,300.0,8690.0,INR,Available,False
2026-08-08T10:30:00,2026-08-08,Airline Direct,Air India,BLR,HYD,BLR-HYD,0.098,2026-08-15,T+7,Economy,4750.0,970.0,440.0,300.0,6460.0,INR,Available,False
2026-08-08T10:30:00,2026-08-08,Airline Direct,Air India,BLR,HYD,BLR-HYD,0.098,2026-08-23,T+15,Economy,4100.0,820.0,390.0,300.0,5610.0,INR,Available,False
2026-08-08T10:30:00,2026-08-08,Airline Direct,Air India,BLR,HYD,BLR-HYD,0.098,2026-09-07,T+30,Economy,3590.0,770.0,340.0,300.0,5000.0,INR,Available,False
2026-08-08T10:30:00,2026-08-08,Airline Direct,Air India,BLR,HYD,BLR-HYD,0.098,2026-09-22,T+45,Economy,3250.0,670.0,370.0,300.0,4590.0,INR,Available,False
2026-08-08T10:30:00,2026-08-08,OTA Aggregator,Air India Express,BLR,HYD,BLR-HYD,0.098,2026-08-09,T+1,Economy,5450.0,1060.0,520.0,300.0,7330.0,INR,Available,False
2026-08-08T10:30:00,2026-08-08,OTA Aggregator,Air India Express,BLR,HYD,BLR-HYD,0.098,2026-08-15,T+7,Economy,3990.0,780.0,380.0,300.0,5450.0,INR,Available,False
2026-08-08T10:30:00,2026-08-08,OTA Aggregator,Air India Express,BLR,HYD,BLR-HYD,0.098,2026-08-23,T+15,Economy,3310.0,730.0,380.0,300.0,4720.0,INR,Available,False
2026-08-08T10:30:00,2026-08-08,OTA Aggregator,Air India Express,BLR,HYD,BLR-HYD,0.098,2026-09-07,T+30,Economy,2810.0,560.0,310.0,300.0,3980.0,INR,Available,False
2026-08-08T10:30:00,2026-08-08,OTA Aggregator,Air India Express,BLR,HYD,BLR-HYD,0.098,2026-09-22,T+45,Economy,2720.0,660.0,270.0,300.0,3950.0,INR,Available,False
2026-08-08T10:30:00,2026-08-08,OTA Aggregator,Akasa Air,BLR,HYD,BLR-HYD,0.098,2026-08-09,T+1,Economy,5290.0,970.0,560.0,300.0,7120.0,INR,Available,False
2026-08-08T10:30:00,2026-08-08,OTA Aggregator,Akasa Air,BLR,HYD,BLR-HYD,0.098,2026-08-15,T+7,Economy,3910.0,800.0,440.0,300.0,5450.0,INR,Available,False
2026-08-08T10:30:00,2026-08-08,OTA Aggregator,Akasa Air,BLR,HYD,BLR-HYD,0.098,2026-08-23,T+15,Economy,3560.0,810.0,360.0,300.0,5030.0,INR,Available,False
2026-08-08T10:30:00,2026-08-08,OTA Aggregator,Akasa Air,BLR,HYD,BLR-HYD,0.098,2026-09-07,T+30,Economy,3080.0,690.0,340.0,300.0,4410.0,INR,Available,False
2026-08-08T10:30:00,2026-08-08,OTA Aggregator,Akasa Air,BLR,HYD,BLR-HYD,0.098,2026-09-22,T+45,Economy,2880.0,670.0,330.0,300.0,4180.0,INR,Available,False
2026-08-08T10:30:00,2026-08-08,OTA Aggregator,SpiceJet,BLR,HYD,BLR-HYD,0.098,2026-08-09,T+1,Economy,5330.0,1080.0,490.0,250.0,7150.0,INR,Available,False
2026-08-08T10:30:00,2026-08-08,OTA Aggregator,SpiceJet,BLR,HYD,BLR-HYD,0.098,2026-08-15,T+7,Economy,4490.0,940.0,460.0,250.0,6140.0,INR,Available,False
2026-08-08T10:30:00,2026-08-08,OTA Aggregator,SpiceJet,BLR,HYD,BLR-HYD,0.098,2026-08-23,T+15,Economy,3560.0,730.0,430.0,250.0,4970.0,INR,Available,False
2026-08-08T10:30:00,2026-08-08,OTA Aggregator,SpiceJet,BLR,HYD,BLR-HYD,0.098,2026-09-07,T+30,Economy,3250.0,660.0,390.0,250.0,4550.0,INR,Available,False
2026-08-08T10:30:00,2026-08-08,OTA Aggregator,SpiceJet,BLR,HYD,BLR-HYD,0.098,2026-09-22,T+45,Economy,3110.0,640.0,360.0,250.0,4360.0,INR,Available,False
2026-08-08T10:30:00,2026-08-08,Airline Direct,IndiGo,MAA,DEL,MAA-DEL,0.086,2026-08-09,T+1,Economy,7740.0,1340.0,700.0,250.0,10030.0,INR,Available,False
2026-08-08T10:30:00,2026-08-08,Airline Direct,IndiGo,MAA,DEL,MAA-DEL,0.086,2026-08-15,T+7,Economy,6570.0,1260.0,610.0,250.0,8690.0,INR,Available,False
2026-08-08T10:30:00,2026-08-08,Airline Direct,IndiGo,MAA,DEL,MAA-DEL,0.086,2026-08-23,T+15,Economy,5690.0,1110.0,590.0,250.0,7640.0,INR,Available,False
2026-08-08T10:30:00,2026-08-08,Airline Direct,IndiGo,MAA,DEL,MAA-DEL,0.086,2026-09-07,T+30,Economy,4860.0,1000.0,470.0,250.0,6580.0,INR,Available,False
2026-08-08T10:30:00,2026-08-08,Airline Direct,IndiGo,MAA,DEL,MAA-DEL,0.086,2026-09-22,T+45,Economy,4580.0,980.0,420.0,250.0,6230.0,INR,Available,False
2026-08-08T10:30:00,2026-08-08,Airline Direct,Air India,MAA,DEL,MAA-DEL,0.086,2026-08-09,T+1,Economy,9760.0,1680.0,920.0,300.0,12660.0,INR,Available,False
2026-08-08T10:30:00,2026-08-08,Airline Direct,Air India,MAA,DEL,MAA-DEL,0.086,2026-08-15,T+7,Economy,7380.0,1310.0,700.0,300.0,9690.0,INR,Available,False
2026-08-08T10:30:00,2026-08-08,Airline Direct,Air India,MAA,DEL,MAA-DEL,0.086,2026-08-23,T+15,Economy,5910.0,1130.0,560.0,300.0,7900.0,INR,Available,False
2026-08-08T10:30:00,2026-08-08,Airline Direct,Air India,MAA,DEL,MAA-DEL,0.086,2026-09-07,T+30,Economy,5080.0,940.0,470.0,300.0,6790.0,INR,Available,False
2026-08-08T10:30:00,2026-08-08,Airline Direct,Air India,MAA,DEL,MAA-DEL,0.086,2026-09-22,T+45,Economy,5100.0,1050.0,470.0,300.0,6920.0,INR,Available,False
2026-08-08T10:30:00,2026-08-08,OTA Aggregator,Air India Express,MAA,DEL,MAA-DEL,0.086,2026-08-09,T+1,Economy,7730.0,1350.0,670.0,300.0,10050.0,INR,Available,False
2026-08-08T10:30:00,2026-08-08,OTA Aggregator,Air India Express,MAA,DEL,MAA-DEL,0.086,2026-08-15,T+7,Economy,6280.0,1130.0,580.0,300.0,8290.0,INR,Available,False
2026-08-08T10:30:00,2026-08-08,OTA Aggregator,Air India Express,MAA,DEL,MAA-DEL,0.086,2026-08-23,T+15,Economy,5460.0,980.0,570.0,300.0,7310.0,INR,Available,False
2026-08-08T10:30:00,2026-08-08,OTA Aggregator,Air India Express,MAA,DEL,MAA-DEL,0.086,2026-09-07,T+30,Economy,4570.0,970.0,460.0,300.0,6300.0,INR,Available,False
2026-08-08T10:30:00,2026-08-08,OTA Aggregator,Air India Express,MAA,DEL,MAA-DEL,0.086,2026-09-22,T+45,Economy,4080.0,760.0,380.0,300.0,5520.0,INR,Available,False
2026-08-08T10:30:00,2026-08-08,OTA Aggregator,Akasa Air,MAA,DEL,MAA-DEL,0.086,2026-08-09,T+1,Economy,9360.0,1690.0,800.0,300.0,12150.0,INR,Available,True
2026-08-08T10:30:00,2026-08-08,OTA Aggregator,Akasa Air,MAA,DEL,MAA-DEL,0.086,2026-08-15,T+7,Economy,6480.0,1250.0,600.0,300.0,8630.0,INR,Available,False
2026-08-08T10:30:00,2026-08-08,OTA Aggregator,Akasa Air,MAA,DEL,MAA-DEL,0.086,2026-08-23,T+15,Economy,5290.0,1010.0,570.0,300.0,7170.0,INR,Available,False
2026-08-08T10:30:00,2026-08-08,OTA Aggregator,Akasa Air,MAA,DEL,MAA-DEL,0.086,2026-09-07,T+30,Economy,4510.0,900.0,440.0,300.0,6150.0,INR,Available,False
2026-08-08T10:30:00,2026-08-08,OTA Aggregator,Akasa Air,MAA,DEL,MAA-DEL,0.086,2026-09-22,T+45,Economy,4070.0,890.0,410.0,300.0,5670.0,INR,Available,False
2026-08-08T10:30:00,2026-08-08,OTA Aggregator,SpiceJet,MAA,DEL,MAA-DEL,0.086,2026-08-09,T+1,Economy,8470.0,1460.0,770.0,250.0,10950.0,INR,Available,False
2026-08-08T10:30:00,2026-08-08,OTA Aggregator,SpiceJet,MAA,DEL,MAA-DEL,0.086,2026-08-15,T+7,Economy,6420.0,1160.0,590.0,250.0,8420.0,INR,Available,False
2026-08-08T10:30:00,2026-08-08,OTA Aggregator,SpiceJet,MAA,DEL,MAA-DEL,0.086,2026-08-23,T+15,Economy,5480.0,1100.0,580.0,250.0,7410.0,INR,Available,False
2026-08-08T10:30:00,2026-08-08,OTA Aggregator,SpiceJet,MAA,DEL,MAA-DEL,0.086,2026-09-07,T+30,Economy,4670.0,900.0,510.0,250.0,6330.0,INR,Available,False
2026-08-08T10:30:00,2026-08-08,OTA Aggregator,SpiceJet,MAA,DEL,MAA-DEL,0.086,2026-09-22,T+45,Economy,4180.0,780.0,410.0,250.0,5620.0,INR,Available,False
2026-08-08T10:30:00,2026-08-08,Airline Direct,IndiGo,BOM,DEL,BOM-DEL,0.135,2026-08-09,T+1,Economy,8520.0,1520.0,780.0,250.0,11070.0,INR,Available,False
2026-08-08T10:30:00,2026-08-08,Airline Direct,IndiGo,BOM,DEL,BOM-DEL,0.135,2026-08-15,T+7,Economy,7220.0,1280.0,680.0,250.0,9430.0,INR,Available,False
2026-08-08T10:30:00,2026-08-08,Airline Direct,IndiGo,BOM,DEL,BOM-DEL,0.135,2026-08-23,T+15,Economy,6370.0,1140.0,570.0,250.0,8330.0,INR,Available,False
2026-08-08T10:30:00,2026-08-08,Airline Direct,IndiGo,BOM,DEL,BOM-DEL,0.135,2026-09-07,T+30,Economy,5560.0,1030.0,530.0,250.0,7370.0,INR,Available,False
2026-08-08T10:30:00,2026-08-08,Airline Direct,IndiGo,BOM,DEL,BOM-DEL,0.135,2026-09-22,T+45,Economy,5290.0,950.0,480.0,250.0,6970.0,INR,Available,False
2026-08-08T10:30:00,2026-08-08,Airline Direct,Air India,BOM,DEL,BOM-DEL,0.135,2026-08-09,T+1,Economy,9940.0,1790.0,860.0,300.0,12890.0,INR,Available,False
2026-08-08T10:30:00,2026-08-08,Airline Direct,Air India,BOM,DEL,BOM-DEL,0.135,2026-08-15,T+7,Economy,7540.0,1440.0,740.0,300.0,10020.0,INR,Available,False
2026-08-08T10:30:00,2026-08-08,Airline Direct,Air India,BOM,DEL,BOM-DEL,0.135,2026-08-23,T+15,Economy,6920.0,1250.0,630.0,300.0,9100.0,INR,Available,False
2026-08-08T10:30:00,2026-08-08,Airline Direct,Air India,BOM,DEL,BOM-DEL,0.135,2026-09-07,T+30,Economy,5560.0,1090.0,580.0,300.0,7530.0,INR,Available,False
2026-08-08T10:30:00,2026-08-08,Airline Direct,Air India,BOM,DEL,BOM-DEL,0.135,2026-09-22,T+45,Economy,5290.0,1050.0,560.0,300.0,7200.0,INR,Available,False
2026-08-08T10:30:00,2026-08-08,OTA Aggregator,Air India Express,BOM,DEL,BOM-DEL,0.135,2026-08-09,T+1,Economy,8390.0,1500.0,790.0,300.0,10980.0,INR,Available,False
2026-08-08T10:30:00,2026-08-08,OTA Aggregator,Air India Express,BOM,DEL,BOM-DEL,0.135,2026-08-15,T+7,Economy,6660.0,1210.0,590.0,300.0,8760.0,INR,Available,False
2026-08-08T10:30:00,2026-08-08,OTA Aggregator,Air India Express,BOM,DEL,BOM-DEL,0.135,2026-08-23,T+15,Economy,5860.0,1120.0,610.0,300.0,7890.0,INR,Available,False
2026-08-08T10:30:00,2026-08-08,OTA Aggregator,Air India Express,BOM,DEL,BOM-DEL,0.135,2026-09-07,T+30,Economy,5180.0,970.0,510.0,300.0,6960.0,INR,Available,False
2026-08-08T10:30:00,2026-08-08,OTA Aggregator,Air India Express,BOM,DEL,BOM-DEL,0.135,2026-09-22,T+45,Economy,4380.0,860.0,430.0,300.0,5970.0,INR,Available,False
2026-08-08T10:30:00,2026-08-08,OTA Aggregator,Akasa Air,BOM,DEL,BOM-DEL,0.135,2026-08-09,T+1,Economy,9470.0,1740.0,830.0,300.0,12340.0,INR,Available,False
2026-08-08T10:30:00,2026-08-08,OTA Aggregator,Akasa Air,BOM,DEL,BOM-DEL,0.135,2026-08-15,T+7,Economy,6930.0,1330.0,660.0,300.0,9220.0,INR,Available,False
2026-08-08T10:30:00,2026-08-08,OTA Aggregator,Akasa Air,BOM,DEL,BOM-DEL,0.135,2026-08-23,T+15,Economy,5950.0,1170.0,530.0,300.0,7950.0,INR,Available,False
2026-08-08T10:30:00,2026-08-08,OTA Aggregator,Akasa Air,BOM,DEL,BOM-DEL,0.135,2026-09-07,T+30,Economy,4930.0,1000.0,470.0,300.0,6700.0,INR,Available,False
2026-08-08T10:30:00,2026-08-08,OTA Aggregator,Akasa Air,BOM,DEL,BOM-DEL,0.135,2026-09-22,T+45,Economy,4580.0,960.0,430.0,300.0,6270.0,INR,Available,False
2026-08-08T10:30:00,2026-08-08,OTA Aggregator,SpiceJet,BOM,DEL,BOM-DEL,0.135,2026-08-09,T+1,Economy,9400.0,1710.0,860.0,250.0,12220.0,INR,Available,False
2026-08-08T10:30:00,2026-08-08,OTA Aggregator,SpiceJet,BOM,DEL,BOM-DEL,0.135,2026-08-15,T+7,Economy,7140.0,1330.0,690.0,250.0,9410.0,INR,Available,False
2026-08-08T10:30:00,2026-08-08,OTA Aggregator,SpiceJet,BOM,DEL,BOM-DEL,0.135,2026-08-23,T+15,Economy,5630.0,1040.0,580.0,250.0,7500.0,INR,Available,False
2026-08-08T10:30:00,2026-08-08,OTA Aggregator,SpiceJet,BOM,DEL,BOM-DEL,0.135,2026-09-07,T+30,Economy,5540.0,1020.0,560.0,250.0,7370.0,INR,Available,False
2026-08-08T10:30:00,2026-08-08,OTA Aggregator,SpiceJet,BOM,DEL,BOM-DEL,0.135,2026-09-22,T+45,Economy,4890.0,990.0,460.0,250.0,6590.0,INR,Available,False
2026-08-08T10:30:00,2026-08-08,Airline Direct,IndiGo,HYD,DEL,HYD-DEL,0.105,2026-08-09,T+1,Economy,8490.0,1480.0,790.0,250.0,11010.0,INR,Available,True
2026-08-08T10:30:00,2026-08-08,Airline Direct,IndiGo,HYD,DEL,HYD-DEL,0.105,2026-08-15,T+7,Economy,5330.0,1020.0,570.0,250.0,7170.0,INR,Available,False
2026-08-08T10:30:00,2026-08-08,Airline Direct,IndiGo,HYD,DEL,HYD-DEL,0.105,2026-08-23,T+15,Economy,4880.0,930.0,490.0,250.0,6550.0,INR,Available,False
2026-08-08T10:30:00,2026-08-08,Airline Direct,IndiGo,HYD,DEL,HYD-DEL,0.105,2026-09-07,T+30,Economy,3910.0,810.0,380.0,250.0,5350.0,INR,Available,False
2026-08-08T10:30:00,2026-08-08,Airline Direct,IndiGo,HYD,DEL,HYD-DEL,0.105,2026-09-22,T+45,Economy,3990.0,780.0,440.0,250.0,5460.0,INR,Available,False
2026-08-08T10:30:00,2026-08-08,Airline Direct,Air India,HYD,DEL,HYD-DEL,0.105,2026-08-09,T+1,Economy,7740.0,1410.0,680.0,300.0,10130.0,INR,Available,False
2026-08-08T10:30:00,2026-08-08,Airline Direct,Air India,HYD,DEL,HYD-DEL,0.105,2026-08-15,T+7,Economy,6120.0,1090.0,600.0,300.0,8110.0,INR,Available,False
2026-08-08T10:30:00,2026-08-08,Airline Direct,Air India,HYD,DEL,HYD-DEL,0.105,2026-08-23,T+15,Economy,5160.0,990.0,480.0,300.0,6930.0,INR,Available,False
2026-08-08T10:30:00,2026-08-08,Airline Direct,Air India,HYD,DEL,HYD-DEL,0.105,2026-09-07,T+30,Economy,4360.0,900.0,430.0,300.0,5990.0,INR,Available,False
2026-08-08T10:30:00,2026-08-08,Airline Direct,Air India,HYD,DEL,HYD-DEL,0.105,2026-09-22,T+45,Economy,4310.0,920.0,470.0,300.0,6000.0,INR,Available,False
2026-08-08T10:30:00,2026-08-08,OTA Aggregator,Air India Express,HYD,DEL,HYD-DEL,0.105,2026-08-09,T+1,Economy,6600.0,1260.0,670.0,300.0,8830.0,INR,Available,False
2026-08-08T10:30:00,2026-08-08,OTA Aggregator,Air India Express,HYD,DEL,HYD-DEL,0.105,2026-08-15,T+7,Economy,4900.0,980.0,510.0,300.0,6690.0,INR,Available,False
2026-08-08T10:30:00,2026-08-08,OTA Aggregator,Air India Express,HYD,DEL,HYD-DEL,0.105,2026-08-23,T+15,Economy,4200.0,860.0,390.0,300.0,5750.0,INR,Available,False
2026-08-08T10:30:00,2026-08-08,OTA Aggregator,Air India Express,HYD,DEL,HYD-DEL,0.105,2026-09-07,T+30,Economy,3620.0,780.0,400.0,300.0,5100.0,INR,Available,False
2026-08-08T10:30:00,2026-08-08,OTA Aggregator,Air India Express,HYD,DEL,HYD-DEL,0.105,2026-09-22,T+45,Economy,3580.0,720.0,350.0,300.0,4950.0,INR,Available,False
2026-08-08T10:30:00,2026-08-08,OTA Aggregator,Akasa Air,HYD,DEL,HYD-DEL,0.105,2026-08-09,T+1,Economy,6740.0,1240.0,660.0,300.0,8940.0,INR,Available,False
2026-08-08T10:30:00,2026-08-08,OTA Aggregator,Akasa Air,HYD,DEL,HYD-DEL,0.105,2026-08-15,T+7,Economy,5280.0,1060.0,480.0,300.0,7120.0,INR,Available,False
2026-08-08T10:30:00,2026-08-08,OTA Aggregator,Akasa Air,HYD,DEL,HYD-DEL,0.105,2026-08-23,T+15,Economy,4200.0,770.0,440.0,300.0,5710.0,INR,Available,False
2026-08-08T10:30:00,2026-08-08,OTA Aggregator,Akasa Air,HYD,DEL,HYD-DEL,0.105,2026-09-07,T+30,Economy,3720.0,820.0,440.0,300.0,5280.0,INR,Available,False
2026-08-08T10:30:00,2026-08-08,OTA Aggregator,Akasa Air,HYD,DEL,HYD-DEL,0.105,2026-09-22,T+45,Economy,3590.0,690.0,390.0,300.0,4970.0,INR,Available,False
2026-08-08T10:30:00,2026-08-08,OTA Aggregator,SpiceJet,HYD,DEL,HYD-DEL,0.105,2026-08-09,T+1,Economy,7490.0,1390.0,690.0,250.0,9820.0,INR,Available,False
2026-08-08T10:30:00,2026-08-08,OTA Aggregator,SpiceJet,HYD,DEL,HYD-DEL,0.105,2026-08-15,T+7,Economy,5210.0,980.0,480.0,250.0,6920.0,INR,Available,False
2026-08-08T10:30:00,2026-08-08,OTA Aggregator,SpiceJet,HYD,DEL,HYD-DEL,0.105,2026-08-23,T+15,Economy,4460.0,840.0,510.0,250.0,6060.0,INR,Available,False
2026-08-08T10:30:00,2026-08-08,OTA Aggregator,SpiceJet,HYD,DEL,HYD-DEL,0.105,2026-09-07,T+30,Economy,4100.0,890.0,480.0,250.0,5720.0,INR,Available,False
2026-08-08T10:30:00,2026-08-08,OTA Aggregator,SpiceJet,HYD,DEL,HYD-DEL,0.105,2026-09-22,T+45,Economy,3280.0,710.0,390.0,250.0,4630.0,INR,Available,False
2026-08-09T10:30:00,2026-08-09,Airline Direct,IndiGo,DEL,BOM,DEL-BOM,0.182,2026-08-10,T+1,Economy,9500.0,1720.0,880.0,300.0,12400.0,INR,Available,False
2026-08-09T10:30:00,2026-08-09,Airline Direct,IndiGo,DEL,BOM,DEL-BOM,0.182,2026-08-16,T+7,Economy,7360.0,1320.0,650.0,300.0,9630.0,INR,Available,False
2026-08-09T10:30:00,2026-08-09,Airline Direct,IndiGo,DEL,BOM,DEL-BOM,0.182,2026-08-24,T+15,Economy,6310.0,1200.0,620.0,300.0,8430.0,INR,Available,False
2026-08-09T10:30:00,2026-08-09,Airline Direct,IndiGo,DEL,BOM,DEL-BOM,0.182,2026-09-08,T+30,Economy,5730.0,1120.0,580.0,300.0,7730.0,INR,Available,False
2026-08-09T10:30:00,2026-08-09,Airline Direct,IndiGo,DEL,BOM,DEL-BOM,0.182,2026-09-23,T+45,Economy,5210.0,1040.0,530.0,300.0,7080.0,INR,Available,False
2026-08-09T10:30:00,2026-08-09,Airline Direct,Air India,DEL,BOM,DEL-BOM,0.182,2026-08-10,T+1,Economy,11110.0,1880.0,970.0,250.0,14210.0,INR,Available,False
2026-08-09T10:30:00,2026-08-09,Airline Direct,Air India,DEL,BOM,DEL-BOM,0.182,2026-08-16,T+7,Economy,8860.0,1650.0,780.0,250.0,11540.0,INR,Available,False
2026-08-09T10:30:00,2026-08-09,Airline Direct,Air India,DEL,BOM,DEL-BOM,0.182,2026-08-24,T+15,Economy,6790.0,1210.0,690.0,250.0,8940.0,INR,Available,False
2026-08-09T10:30:00,2026-08-09,Airline Direct,Air India,DEL,BOM,DEL-BOM,0.182,2026-09-08,T+30,Economy,6110.0,1170.0,590.0,250.0,8120.0,INR,Available,False
2026-08-09T10:30:00,2026-08-09,Airline Direct,Air India,DEL,BOM,DEL-BOM,0.182,2026-09-23,T+45,Economy,5440.0,980.0,490.0,250.0,7160.0,INR,Available,False
2026-08-09T10:30:00,2026-08-09,OTA Aggregator,Air India Express,DEL,BOM,DEL-BOM,0.182,2026-08-10,T+1,Economy,9180.0,1600.0,850.0,250.0,11880.0,INR,Available,False
2026-08-09T10:30:00,2026-08-09,OTA Aggregator,Air India Express,DEL,BOM,DEL-BOM,0.182,2026-08-16,T+7,Economy,6810.0,1310.0,600.0,250.0,8970.0,INR,Available,False
2026-08-09T10:30:00,2026-08-09,OTA Aggregator,Air India Express,DEL,BOM,DEL-BOM,0.182,2026-08-24,T+15,Economy,6410.0,1160.0,590.0,250.0,8410.0,INR,Available,False
2026-08-09T10:30:00,2026-08-09,OTA Aggregator,Air India Express,DEL,BOM,DEL-BOM,0.182,2026-09-08,T+30,Economy,5210.0,1030.0,560.0,250.0,7050.0,INR,Available,False
2026-08-09T10:30:00,2026-08-09,OTA Aggregator,Air India Express,DEL,BOM,DEL-BOM,0.182,2026-09-23,T+45,Economy,4850.0,990.0,470.0,250.0,6560.0,INR,Available,False
2026-08-09T10:30:00,2026-08-09,OTA Aggregator,Akasa Air,DEL,BOM,DEL-BOM,0.182,2026-08-10,T+1,Economy,9740.0,1730.0,850.0,250.0,12570.0,INR,Available,False
2026-08-09T10:30:00,2026-08-09,OTA Aggregator,Akasa Air,DEL,BOM,DEL-BOM,0.182,2026-08-16,T+7,Economy,7320.0,1320.0,730.0,250.0,9620.0,INR,Available,False
2026-08-09T10:30:00,2026-08-09,OTA Aggregator,Akasa Air,DEL,BOM,DEL-BOM,0.182,2026-08-24,T+15,Economy,6510.0,1140.0,600.0,250.0,8500.0,INR,Available,False
2026-08-09T10:30:00,2026-08-09,OTA Aggregator,Akasa Air,DEL,BOM,DEL-BOM,0.182,2026-09-08,T+30,Economy,5130.0,1020.0,500.0,250.0,6900.0,INR,Available,False
2026-08-09T10:30:00,2026-08-09,OTA Aggregator,Akasa Air,DEL,BOM,DEL-BOM,0.182,2026-09-23,T+45,Economy,5110.0,1030.0,500.0,250.0,6890.0,INR,Available,False
2026-08-09T10:30:00,2026-08-09,OTA Aggregator,SpiceJet,DEL,BOM,DEL-BOM,0.182,2026-08-10,T+1,Economy,9740.0,1680.0,890.0,300.0,12610.0,INR,Available,False
2026-08-09T10:30:00,2026-08-09,OTA Aggregator,SpiceJet,DEL,BOM,DEL-BOM,0.182,2026-08-16,T+7,Economy,7310.0,1410.0,670.0,300.0,9690.0,INR,Available,False
2026-08-09T10:30:00,2026-08-09,OTA Aggregator,SpiceJet,DEL,BOM,DEL-BOM,0.182,2026-08-24,T+15,Economy,6210.0,1170.0,560.0,300.0,8240.0,INR,Available,False
2026-08-09T10:30:00,2026-08-09,OTA Aggregator,SpiceJet,DEL,BOM,DEL-BOM,0.182,2026-09-08,T+30,Economy,5340.0,1050.0,580.0,300.0,7270.0,INR,Available,False
2026-08-09T10:30:00,2026-08-09,OTA Aggregator,SpiceJet,DEL,BOM,DEL-BOM,0.182,2026-09-23,T+45,Economy,4640.0,900.0,430.0,300.0,6270.0,INR,Available,False
2026-08-09T10:30:00,2026-08-09,Airline Direct,IndiGo,DEL,BLR,DEL-BLR,0.154,2026-08-10,T+1,Economy,9130.0,1620.0,820.0,300.0,11870.0,INR,Available,False
2026-08-09T10:30:00,2026-08-09,Airline Direct,IndiGo,DEL,BLR,DEL-BLR,0.154,2026-08-16,T+7,Economy,7040.0,1320.0,620.0,300.0,9280.0,INR,Available,False
2026-08-09T10:30:00,2026-08-09,Airline Direct,IndiGo,DEL,BLR,DEL-BLR,0.154,2026-08-24,T+15,Economy,6570.0,1270.0,670.0,300.0,8810.0,INR,Available,False
2026-08-09T10:30:00,2026-08-09,Airline Direct,IndiGo,DEL,BLR,DEL-BLR,0.154,2026-09-08,T+30,Economy,5420.0,990.0,530.0,300.0,7240.0,INR,Available,False
2026-08-09T10:30:00,2026-08-09,Airline Direct,IndiGo,DEL,BLR,DEL-BLR,0.154,2026-09-23,T+45,Economy,4940.0,980.0,500.0,300.0,6720.0,INR,Available,False
2026-08-09T10:30:00,2026-08-09,Airline Direct,Air India,DEL,BLR,DEL-BLR,0.154,2026-08-10,T+1,Economy,9510.0,1680.0,830.0,250.0,12270.0,INR,Available,False
2026-08-09T10:30:00,2026-08-09,Airline Direct,Air India,DEL,BLR,DEL-BLR,0.154,2026-08-16,T+7,Economy,7520.0,1410.0,670.0,250.0,9850.0,INR,Available,False
2026-08-09T10:30:00,2026-08-09,Airline Direct,Air India,DEL,BLR,DEL-BLR,0.154,2026-08-24,T+15,Economy,6660.0,1250.0,670.0,250.0,8830.0,INR,Available,False
2026-08-09T10:30:00,2026-08-09,Airline Direct,Air India,DEL,BLR,DEL-BLR,0.154,2026-09-08,T+30,Economy,5640.0,1090.0,540.0,250.0,7520.0,INR,Available,False
2026-08-09T10:30:00,2026-08-09,Airline Direct,Air India,DEL,BLR,DEL-BLR,0.154,2026-09-23,T+45,Economy,5350.0,970.0,530.0,250.0,7100.0,INR,Available,False
2026-08-09T10:30:00,2026-08-09,OTA Aggregator,Air India Express,DEL,BLR,DEL-BLR,0.154,2026-08-10,T+1,Economy,9030.0,1600.0,800.0,250.0,11680.0,INR,Available,False
2026-08-09T10:30:00,2026-08-09,OTA Aggregator,Air India Express,DEL,BLR,DEL-BLR,0.154,2026-08-16,T+7,Economy,6630.0,1230.0,640.0,250.0,8750.0,INR,Available,False
2026-08-09T10:30:00,2026-08-09,OTA Aggregator,Air India Express,DEL,BLR,DEL-BLR,0.154,2026-08-24,T+15,Economy,5640.0,1010.0,600.0,250.0,7500.0,INR,Available,False
2026-08-09T10:30:00,2026-08-09,OTA Aggregator,Air India Express,DEL,BLR,DEL-BLR,0.154,2026-09-08,T+30,Economy,5010.0,1030.0,460.0,250.0,6750.0,INR,Available,False
2026-08-09T10:30:00,2026-08-09,OTA Aggregator,Air India Express,DEL,BLR,DEL-BLR,0.154,2026-09-23,T+45,Economy,4760.0,930.0,490.0,250.0,6430.0,INR,Available,False
2026-08-09T10:30:00,2026-08-09,OTA Aggregator,Akasa Air,DEL,BLR,DEL-BLR,0.154,2026-08-10,T+1,Economy,8950.0,1670.0,780.0,250.0,11650.0,INR,Available,False
2026-08-09T10:30:00,2026-08-09,OTA Aggregator,Akasa Air,DEL,BLR,DEL-BLR,0.154,2026-08-16,T+7,Economy,6920.0,1340.0,700.0,250.0,9210.0,INR,Available,False
2026-08-09T10:30:00,2026-08-09,OTA Aggregator,Akasa Air,DEL,BLR,DEL-BLR,0.154,2026-08-24,T+15,Economy,5890.0,1050.0,560.0,250.0,7750.0,INR,Available,False
2026-08-09T10:30:00,2026-08-09,OTA Aggregator,Akasa Air,DEL,BLR,DEL-BLR,0.154,2026-09-08,T+30,Economy,4880.0,960.0,500.0,250.0,6590.0,INR,Available,False
2026-08-09T10:30:00,2026-08-09,OTA Aggregator,Akasa Air,DEL,BLR,DEL-BLR,0.154,2026-09-23,T+45,Economy,4660.0,920.0,500.0,250.0,6330.0,INR,Available,False
2026-08-09T10:30:00,2026-08-09,OTA Aggregator,SpiceJet,DEL,BLR,DEL-BLR,0.154,2026-08-10,T+1,Economy,9130.0,1560.0,880.0,300.0,11870.0,INR,Available,False
2026-08-09T10:30:00,2026-08-09,OTA Aggregator,SpiceJet,DEL,BLR,DEL-BLR,0.154,2026-08-16,T+7,Economy,6770.0,1250.0,660.0,300.0,8980.0,INR,Available,False
2026-08-09T10:30:00,2026-08-09,OTA Aggregator,SpiceJet,DEL,BLR,DEL-BLR,0.154,2026-08-24,T+15,Economy,5820.0,1090.0,520.0,300.0,7730.0,INR,Available,False
2026-08-09T10:30:00,2026-08-09,OTA Aggregator,SpiceJet,DEL,BLR,DEL-BLR,0.154,2026-09-08,T+30,Economy,5290.0,1000.0,490.0,300.0,7080.0,INR,Available,False
2026-08-09T10:30:00,2026-08-09,OTA Aggregator,SpiceJet,DEL,BLR,DEL-BLR,0.154,2026-09-23,T+45,Economy,4760.0,930.0,440.0,300.0,6430.0,INR,Available,False
2026-08-09T10:30:00,2026-08-09,Airline Direct,IndiGo,BOM,BLR,BOM-BLR,0.127,2026-08-10,T+1,Economy,8050.0,1440.0,770.0,300.0,10560.0,INR,Available,False
2026-08-09T10:30:00,2026-08-09,Airline Direct,IndiGo,BOM,BLR,BOM-BLR,0.127,2026-08-16,T+7,Economy,6210.0,1180.0,630.0,300.0,8320.0,INR,Available,False
2026-08-09T10:30:00,2026-08-09,Airline Direct,IndiGo,BOM,BLR,BOM-BLR,0.127,2026-08-24,T+15,Economy,5440.0,1060.0,530.0,300.0,7330.0,INR,Available,False
2026-08-09T10:30:00,2026-08-09,Airline Direct,IndiGo,BOM,BLR,BOM-BLR,0.127,2026-09-08,T+30,Economy,4620.0,980.0,470.0,300.0,6370.0,INR,Available,False
2026-08-09T10:30:00,2026-08-09,Airline Direct,IndiGo,BOM,BLR,BOM-BLR,0.127,2026-09-23,T+45,Economy,3970.0,830.0,420.0,300.0,5520.0,INR,Available,False
2026-08-09T10:30:00,2026-08-09,Airline Direct,Air India,BOM,BLR,BOM-BLR,0.127,2026-08-10,T+1,Economy,8720.0,1500.0,810.0,250.0,11280.0,INR,Available,False
2026-08-09T10:30:00,2026-08-09,Airline Direct,Air India,BOM,BLR,BOM-BLR,0.127,2026-08-16,T+7,Economy,6640.0,1200.0,650.0,250.0,8740.0,INR,Available,False
2026-08-09T10:30:00,2026-08-09,Airline Direct,Air India,BOM,BLR,BOM-BLR,0.127,2026-08-24,T+15,Economy,5940.0,1060.0,570.0,250.0,7820.0,INR,Available,False
2026-08-09T10:30:00,2026-08-09,Airline Direct,Air India,BOM,BLR,BOM-BLR,0.127,2026-09-08,T+30,Economy,4830.0,900.0,480.0,250.0,6460.0,INR,Available,False
2026-08-09T10:30:00,2026-08-09,Airline Direct,Air India,BOM,BLR,BOM-BLR,0.127,2026-09-23,T+45,Economy,4440.0,820.0,440.0,250.0,5950.0,INR,Available,False
2026-08-09T10:30:00,2026-08-09,OTA Aggregator,Air India Express,BOM,BLR,BOM-BLR,0.127,2026-08-10,T+1,Economy,6550.0,1270.0,590.0,250.0,8660.0,INR,Available,False
2026-08-09T10:30:00,2026-08-09,OTA Aggregator,Air India Express,BOM,BLR,BOM-BLR,0.127,2026-08-16,T+7,Economy,6030.0,1140.0,540.0,250.0,7960.0,INR,Available,False
2026-08-09T10:30:00,2026-08-09,OTA Aggregator,Air India Express,BOM,BLR,BOM-BLR,0.127,2026-08-24,T+15,Economy,4820.0,960.0,520.0,250.0,6550.0,INR,Available,False
2026-08-09T10:30:00,2026-08-09,OTA Aggregator,Air India Express,BOM,BLR,BOM-BLR,0.127,2026-09-08,T+30,Economy,4060.0,830.0,470.0,250.0,5610.0,INR,Available,False
2026-08-09T10:30:00,2026-08-09,OTA Aggregator,Air India Express,BOM,BLR,BOM-BLR,0.127,2026-09-23,T+45,Economy,4120.0,770.0,470.0,250.0,5610.0,INR,Available,False
2026-08-09T10:30:00,2026-08-09,OTA Aggregator,Akasa Air,BOM,BLR,BOM-BLR,0.127,2026-08-10,T+1,Economy,7610.0,1360.0,670.0,250.0,9890.0,INR,Available,False
2026-08-09T10:30:00,2026-08-09,OTA Aggregator,Akasa Air,BOM,BLR,BOM-BLR,0.127,2026-08-16,T+7,Economy,5730.0,1040.0,560.0,250.0,7580.0,INR,Available,False
2026-08-09T10:30:00,2026-08-09,OTA Aggregator,Akasa Air,BOM,BLR,BOM-BLR,0.127,2026-08-24,T+15,Economy,4890.0,920.0,480.0,250.0,6540.0,INR,Available,False
2026-08-09T10:30:00,2026-08-09,OTA Aggregator,Akasa Air,BOM,BLR,BOM-BLR,0.127,2026-09-08,T+30,Economy,4410.0,820.0,400.0,250.0,5880.0,INR,Available,False
2026-08-09T10:30:00,2026-08-09,OTA Aggregator,Akasa Air,BOM,BLR,BOM-BLR,0.127,2026-09-23,T+45,Economy,3630.0,780.0,400.0,250.0,5060.0,INR,Available,False
2026-08-09T10:30:00,2026-08-09,OTA Aggregator,SpiceJet,BOM,BLR,BOM-BLR,0.127,2026-08-10,T+1,Economy,7530.0,1310.0,690.0,300.0,9830.0,INR,Available,False
2026-08-09T10:30:00,2026-08-09,OTA Aggregator,SpiceJet,BOM,BLR,BOM-BLR,0.127,2026-08-16,T+7,Economy,5340.0,980.0,490.0,300.0,7110.0,INR,Available,False
2026-08-09T10:30:00,2026-08-09,OTA Aggregator,SpiceJet,BOM,BLR,BOM-BLR,0.127,2026-08-24,T+15,Economy,5020.0,1010.0,480.0,300.0,6810.0,INR,Available,False
2026-08-09T10:30:00,2026-08-09,OTA Aggregator,SpiceJet,BOM,BLR,BOM-BLR,0.127,2026-09-08,T+30,Economy,4430.0,870.0,430.0,300.0,6030.0,INR,Available,False
2026-08-09T10:30:00,2026-08-09,OTA Aggregator,SpiceJet,BOM,BLR,BOM-BLR,0.127,2026-09-23,T+45,Economy,4090.0,840.0,420.0,300.0,5650.0,INR,Available,False
2026-08-09T10:30:00,2026-08-09,Airline Direct,IndiGo,DEL,CCU,DEL-CCU,0.113,2026-08-10,T+1,Economy,7810.0,1360.0,700.0,300.0,10170.0,INR,Available,False
2026-08-09T10:30:00,2026-08-09,Airline Direct,IndiGo,DEL,CCU,DEL-CCU,0.113,2026-08-16,T+7,Economy,6050.0,1220.0,560.0,300.0,8130.0,INR,Available,False
2026-08-09T10:30:00,2026-08-09,Airline Direct,IndiGo,DEL,CCU,DEL-CCU,0.113,2026-08-24,T+15,Economy,4840.0,1010.0,520.0,300.0,6670.0,INR,Available,False
2026-08-09T10:30:00,2026-08-09,Airline Direct,IndiGo,DEL,CCU,DEL-CCU,0.113,2026-09-08,T+30,Economy,4230.0,840.0,490.0,300.0,5860.0,INR,Available,False
2026-08-09T10:30:00,2026-08-09,Airline Direct,IndiGo,DEL,CCU,DEL-CCU,0.113,2026-09-23,T+45,Economy,3770.0,730.0,430.0,300.0,5230.0,INR,Available,False
2026-08-09T10:30:00,2026-08-09,Airline Direct,Air India,DEL,CCU,DEL-CCU,0.113,2026-08-10,T+1,Economy,8490.0,1550.0,810.0,250.0,11100.0,INR,Available,False
2026-08-09T10:30:00,2026-08-09,Airline Direct,Air India,DEL,CCU,DEL-CCU,0.113,2026-08-16,T+7,Economy,6090.0,1200.0,620.0,250.0,8160.0,INR,Available,False
2026-08-09T10:30:00,2026-08-09,Airline Direct,Air India,DEL,CCU,DEL-CCU,0.113,2026-08-24,T+15,Economy,5380.0,980.0,520.0,250.0,7130.0,INR,Available,False
2026-08-09T10:30:00,2026-08-09,Airline Direct,Air India,DEL,CCU,DEL-CCU,0.113,2026-09-08,T+30,Economy,4590.0,920.0,460.0,250.0,6220.0,INR,Available,False
2026-08-09T10:30:00,2026-08-09,Airline Direct,Air India,DEL,CCU,DEL-CCU,0.113,2026-09-23,T+45,Economy,4300.0,810.0,460.0,250.0,5820.0,INR,Available,False
2026-08-09T10:30:00,2026-08-09,OTA Aggregator,Air India Express,DEL,CCU,DEL-CCU,0.113,2026-08-10,T+1,Economy,6930.0,1230.0,620.0,250.0,9030.0,INR,Available,False
2026-08-09T10:30:00,2026-08-09,OTA Aggregator,Air India Express,DEL,CCU,DEL-CCU,0.113,2026-08-16,T+7,Economy,5240.0,1040.0,520.0,250.0,7050.0,INR,Available,False
2026-08-09T10:30:00,2026-08-09,OTA Aggregator,Air India Express,DEL,CCU,DEL-CCU,0.113,2026-08-24,T+15,Economy,4370.0,860.0,440.0,250.0,5920.0,INR,Available,False
2026-08-09T10:30:00,2026-08-09,OTA Aggregator,Air India Express,DEL,CCU,DEL-CCU,0.113,2026-09-08,T+30,Economy,4170.0,790.0,430.0,250.0,5640.0,INR,Available,False
2026-08-09T10:30:00,2026-08-09,OTA Aggregator,Air India Express,DEL,CCU,DEL-CCU,0.113,2026-09-23,T+45,Economy,3880.0,800.0,420.0,250.0,5350.0,INR,Available,False
2026-08-09T10:30:00,2026-08-09,OTA Aggregator,Akasa Air,DEL,CCU,DEL-CCU,0.113,2026-08-10,T+1,Economy,9060.0,1600.0,850.0,250.0,11760.0,INR,Available,True
2026-08-09T10:30:00,2026-08-09,OTA Aggregator,Akasa Air,DEL,CCU,DEL-CCU,0.113,2026-08-16,T+7,Economy,5310.0,1030.0,500.0,250.0,7090.0,INR,Available,False
2026-08-09T10:30:00,2026-08-09,OTA Aggregator,Akasa Air,DEL,CCU,DEL-CCU,0.113,2026-08-24,T+15,Economy,4750.0,980.0,500.0,250.0,6480.0,INR,Available,False
2026-08-09T10:30:00,2026-08-09,OTA Aggregator,Akasa Air,DEL,CCU,DEL-CCU,0.113,2026-09-08,T+30,Economy,4300.0,880.0,440.0,250.0,5870.0,INR,Available,False
2026-08-09T10:30:00,2026-08-09,OTA Aggregator,Akasa Air,DEL,CCU,DEL-CCU,0.113,2026-09-23,T+45,Economy,3670.0,750.0,400.0,250.0,5070.0,INR,Available,False
2026-08-09T10:30:00,2026-08-09,OTA Aggregator,SpiceJet,DEL,CCU,DEL-CCU,0.113,2026-08-10,T+1,Economy,7080.0,1280.0,620.0,300.0,9280.0,INR,Available,False
2026-08-09T10:30:00,2026-08-09,OTA Aggregator,SpiceJet,DEL,CCU,DEL-CCU,0.113,2026-08-16,T+7,Economy,5220.0,1050.0,470.0,300.0,7040.0,INR,Available,False
2026-08-09T10:30:00,2026-08-09,OTA Aggregator,SpiceJet,DEL,CCU,DEL-CCU,0.113,2026-08-24,T+15,Economy,4750.0,950.0,520.0,300.0,6520.0,INR,Available,False
2026-08-09T10:30:00,2026-08-09,OTA Aggregator,SpiceJet,DEL,CCU,DEL-CCU,0.113,2026-09-08,T+30,Economy,4120.0,770.0,440.0,300.0,5630.0,INR,Available,False
2026-08-09T10:30:00,2026-08-09,OTA Aggregator,SpiceJet,DEL,CCU,DEL-CCU,0.113,2026-09-23,T+45,Economy,3630.0,760.0,380.0,300.0,5070.0,INR,Available,False
2026-08-09T10:30:00,2026-08-09,Airline Direct,IndiGo,BLR,HYD,BLR-HYD,0.098,2026-08-10,T+1,Economy,5900.0,1050.0,610.0,300.0,7860.0,INR,Available,False
2026-08-09T10:30:00,2026-08-09,Airline Direct,IndiGo,BLR,HYD,BLR-HYD,0.098,2026-08-16,T+7,Economy,4410.0,890.0,490.0,300.0,6090.0,INR,Available,False
2026-08-09T10:30:00,2026-08-09,Airline Direct,IndiGo,BLR,HYD,BLR-HYD,0.098,2026-08-24,T+15,Economy,3920.0,790.0,440.0,300.0,5450.0,INR,Available,False
2026-08-09T10:30:00,2026-08-09,Airline Direct,IndiGo,BLR,HYD,BLR-HYD,0.098,2026-09-08,T+30,Economy,3310.0,770.0,370.0,300.0,4750.0,INR,Available,False
2026-08-09T10:30:00,2026-08-09,Airline Direct,IndiGo,BLR,HYD,BLR-HYD,0.098,2026-09-23,T+45,Economy,2940.0,600.0,310.0,300.0,4150.0,INR,Available,False
2026-08-09T10:30:00,2026-08-09,Airline Direct,Air India,BLR,HYD,BLR-HYD,0.098,2026-08-10,T+1,Economy,6000.0,1140.0,590.0,250.0,7980.0,INR,Available,False
2026-08-09T10:30:00,2026-08-09,Airline Direct,Air India,BLR,HYD,BLR-HYD,0.098,2026-08-16,T+7,Economy,5080.0,930.0,470.0,250.0,6730.0,INR,Available,False
2026-08-09T10:30:00,2026-08-09,Airline Direct,Air India,BLR,HYD,BLR-HYD,0.098,2026-08-24,T+15,Economy,3880.0,750.0,410.0,250.0,5290.0,INR,Available,False
2026-08-09T10:30:00,2026-08-09,Airline Direct,Air India,BLR,HYD,BLR-HYD,0.098,2026-09-08,T+30,Economy,3440.0,710.0,410.0,250.0,4810.0,INR,Available,False
2026-08-09T10:30:00,2026-08-09,Airline Direct,Air India,BLR,HYD,BLR-HYD,0.098,2026-09-23,T+45,Economy,3140.0,600.0,370.0,250.0,4360.0,INR,Available,False
2026-08-09T10:30:00,2026-08-09,OTA Aggregator,Air India Express,BLR,HYD,BLR-HYD,0.098,2026-08-10,T+1,Economy,5450.0,980.0,500.0,250.0,7180.0,INR,Available,False
2026-08-09T10:30:00,2026-08-09,OTA Aggregator,Air India Express,BLR,HYD,BLR-HYD,0.098,2026-08-16,T+7,Economy,4140.0,900.0,430.0,250.0,5720.0,INR,Available,False
2026-08-09T10:30:00,2026-08-09,OTA Aggregator,Air India Express,BLR,HYD,BLR-HYD,0.098,2026-08-24,T+15,Economy,3680.0,790.0,440.0,250.0,5160.0,INR,Available,False
2026-08-09T10:30:00,2026-08-09,OTA Aggregator,Air India Express,BLR,HYD,BLR-HYD,0.098,2026-09-08,T+30,Economy,3080.0,740.0,370.0,250.0,4440.0,INR,Available,False
2026-08-09T10:30:00,2026-08-09,OTA Aggregator,Air India Express,BLR,HYD,BLR-HYD,0.098,2026-09-23,T+45,Economy,2820.0,560.0,300.0,250.0,3930.0,INR,Available,False
2026-08-09T10:30:00,2026-08-09,OTA Aggregator,Akasa Air,BLR,HYD,BLR-HYD,0.098,2026-08-10,T+1,Economy,5300.0,990.0,500.0,250.0,7040.0,INR,Available,False
2026-08-09T10:30:00,2026-08-09,OTA Aggregator,Akasa Air,BLR,HYD,BLR-HYD,0.098,2026-08-16,T+7,Economy,4440.0,850.0,480.0,250.0,6020.0,INR,Available,False
2026-08-09T10:30:00,2026-08-09,OTA Aggregator,Akasa Air,BLR,HYD,BLR-HYD,0.098,2026-08-24,T+15,Economy,3530.0,780.0,360.0,250.0,4920.0,INR,Available,False
2026-08-09T10:30:00,2026-08-09,OTA Aggregator,Akasa Air,BLR,HYD,BLR-HYD,0.098,2026-09-08,T+30,Economy,2920.0,710.0,350.0,250.0,4230.0,INR,Available,False
2026-08-09T10:30:00,2026-08-09,OTA Aggregator,Akasa Air,BLR,HYD,BLR-HYD,0.098,2026-09-23,T+45,Economy,2780.0,680.0,300.0,250.0,4010.0,INR,Available,False
2026-08-09T10:30:00,2026-08-09,OTA Aggregator,SpiceJet,BLR,HYD,BLR-HYD,0.098,2026-08-10,T+1,Economy,5620.0,1140.0,540.0,300.0,7600.0,INR,Available,False
2026-08-09T10:30:00,2026-08-09,OTA Aggregator,SpiceJet,BLR,HYD,BLR-HYD,0.098,2026-08-16,T+7,Economy,4340.0,810.0,460.0,300.0,5910.0,INR,Available,False
2026-08-09T10:30:00,2026-08-09,OTA Aggregator,SpiceJet,BLR,HYD,BLR-HYD,0.098,2026-08-24,T+15,Economy,3670.0,720.0,390.0,300.0,5080.0,INR,Available,False
2026-08-09T10:30:00,2026-08-09,OTA Aggregator,SpiceJet,BLR,HYD,BLR-HYD,0.098,2026-09-08,T+30,Economy,3310.0,680.0,360.0,300.0,4650.0,INR,Available,False
2026-08-09T10:30:00,2026-08-09,OTA Aggregator,SpiceJet,BLR,HYD,BLR-HYD,0.098,2026-09-23,T+45,Economy,3010.0,620.0,330.0,300.0,4260.0,INR,Available,False
2026-08-09T10:30:00,2026-08-09,Airline Direct,IndiGo,MAA,DEL,MAA-DEL,0.086,2026-08-10,T+1,Economy,8800.0,1540.0,830.0,300.0,11470.0,INR,Available,False
2026-08-09T10:30:00,2026-08-09,Airline Direct,IndiGo,MAA,DEL,MAA-DEL,0.086,2026-08-16,T+7,Economy,6550.0,1260.0,660.0,300.0,8770.0,INR,Available,False
2026-08-09T10:30:00,2026-08-09,Airline Direct,IndiGo,MAA,DEL,MAA-DEL,0.086,2026-08-24,T+15,Economy,5780.0,1150.0,530.0,300.0,7760.0,INR,Available,False
2026-08-09T10:30:00,2026-08-09,Airline Direct,IndiGo,MAA,DEL,MAA-DEL,0.086,2026-09-08,T+30,Economy,4870.0,930.0,450.0,300.0,6550.0,INR,Available,False
2026-08-09T10:30:00,2026-08-09,Airline Direct,IndiGo,MAA,DEL,MAA-DEL,0.086,2026-09-23,T+45,Economy,4580.0,910.0,430.0,300.0,6220.0,INR,Available,False
2026-08-09T10:30:00,2026-08-09,Airline Direct,Air India,MAA,DEL,MAA-DEL,0.086,2026-08-10,T+1,Economy,8990.0,1670.0,800.0,250.0,11710.0,INR,Available,False
2026-08-09T10:30:00,2026-08-09,Airline Direct,Air India,MAA,DEL,MAA-DEL,0.086,2026-08-16,T+7,Economy,6860.0,1330.0,680.0,250.0,9120.0,INR,Available,False
2026-08-09T10:30:00,2026-08-09,Airline Direct,Air India,MAA,DEL,MAA-DEL,0.086,2026-08-24,T+15,Economy,5960.0,1160.0,620.0,250.0,7990.0,INR,Available,False
2026-08-09T10:30:00,2026-08-09,Airline Direct,Air India,MAA,DEL,MAA-DEL,0.086,2026-09-08,T+30,Economy,5360.0,1060.0,510.0,250.0,7180.0,INR,Available,False
2026-08-09T10:30:00,2026-08-09,Airline Direct,Air India,MAA,DEL,MAA-DEL,0.086,2026-09-23,T+45,Economy,5240.0,1010.0,480.0,250.0,6980.0,INR,Available,False
2026-08-09T10:30:00,2026-08-09,OTA Aggregator,Air India Express,MAA,DEL,MAA-DEL,0.086,2026-08-10,T+1,Economy,7880.0,1480.0,770.0,250.0,10380.0,INR,Available,False
2026-08-09T10:30:00,2026-08-09,OTA Aggregator,Air India Express,MAA,DEL,MAA-DEL,0.086,2026-08-16,T+7,Economy,6330.0,1230.0,640.0,250.0,8450.0,INR,Available,False
2026-08-09T10:30:00,2026-08-09,OTA Aggregator,Air India Express,MAA,DEL,MAA-DEL,0.086,2026-08-24,T+15,Economy,4950.0,1030.0,480.0,250.0,6710.0,INR,Available,False
2026-08-09T10:30:00,2026-08-09,OTA Aggregator,Air India Express,MAA,DEL,MAA-DEL,0.086,2026-09-08,T+30,Economy,4670.0,950.0,450.0,250.0,6320.0,INR,Available,False
2026-08-09T10:30:00,2026-08-09,OTA Aggregator,Air India Express,MAA,DEL,MAA-DEL,0.086,2026-09-23,T+45,Economy,4270.0,910.0,410.0,250.0,5840.0,INR,Available,False
2026-08-09T10:30:00,2026-08-09,OTA Aggregator,Akasa Air,MAA,DEL,MAA-DEL,0.086,2026-08-10,T+1,Economy,8070.0,1520.0,730.0,250.0,10570.0,INR,Available,False
2026-08-09T10:30:00,2026-08-09,OTA Aggregator,Akasa Air,MAA,DEL,MAA-DEL,0.086,2026-08-16,T+7,Economy,6180.0,1110.0,630.0,250.0,8170.0,INR,Available,False
2026-08-09T10:30:00,2026-08-09,OTA Aggregator,Akasa Air,MAA,DEL,MAA-DEL,0.086,2026-08-24,T+15,Economy,5040.0,1010.0,500.0,250.0,6800.0,INR,Available,False
2026-08-09T10:30:00,2026-08-09,OTA Aggregator,Akasa Air,MAA,DEL,MAA-DEL,0.086,2026-09-08,T+30,Economy,4640.0,930.0,470.0,250.0,6290.0,INR,Available,False
2026-08-09T10:30:00,2026-08-09,OTA Aggregator,Akasa Air,MAA,DEL,MAA-DEL,0.086,2026-09-23,T+45,Economy,4290.0,890.0,400.0,250.0,5830.0,INR,Available,False
2026-08-09T10:30:00,2026-08-09,OTA Aggregator,SpiceJet,MAA,DEL,MAA-DEL,0.086,2026-08-10,T+1,Economy,8330.0,1530.0,790.0,300.0,10950.0,INR,Available,False
2026-08-09T10:30:00,2026-08-09,OTA Aggregator,SpiceJet,MAA,DEL,MAA-DEL,0.086,2026-08-16,T+7,Economy,6540.0,1260.0,580.0,300.0,8680.0,INR,Available,False
2026-08-09T10:30:00,2026-08-09,OTA Aggregator,SpiceJet,MAA,DEL,MAA-DEL,0.086,2026-08-24,T+15,Economy,5340.0,1020.0,570.0,300.0,7230.0,INR,Available,False
2026-08-09T10:30:00,2026-08-09,OTA Aggregator,SpiceJet,MAA,DEL,MAA-DEL,0.086,2026-09-08,T+30,Economy,4870.0,920.0,460.0,300.0,6550.0,INR,Available,False
2026-08-09T10:30:00,2026-08-09,OTA Aggregator,SpiceJet,MAA,DEL,MAA-DEL,0.086,2026-09-23,T+45,Economy,4540.0,970.0,440.0,300.0,6250.0,INR,Available,False
2026-08-09T10:30:00,2026-08-09,Airline Direct,IndiGo,BOM,DEL,BOM-DEL,0.135,2026-08-10,T+1,Economy,9340.0,1600.0,850.0,300.0,12090.0,INR,Available,False
2026-08-09T10:30:00,2026-08-09,Airline Direct,IndiGo,BOM,DEL,BOM-DEL,0.135,2026-08-16,T+7,Economy,7690.0,1480.0,700.0,300.0,10170.0,INR,Available,False
2026-08-09T10:30:00,2026-08-09,Airline Direct,IndiGo,BOM,DEL,BOM-DEL,0.135,2026-08-24,T+15,Economy,5960.0,1130.0,570.0,300.0,7960.0,INR,Available,False
2026-08-09T10:30:00,2026-08-09,Airline Direct,IndiGo,BOM,DEL,BOM-DEL,0.135,2026-09-08,T+30,Economy,5200.0,1060.0,520.0,300.0,7080.0,INR,Available,False
2026-08-09T10:30:00,2026-08-09,Airline Direct,IndiGo,BOM,DEL,BOM-DEL,0.135,2026-09-23,T+45,Economy,4800.0,1020.0,460.0,300.0,6580.0,INR,Available,False
2026-08-09T10:30:00,2026-08-09,Airline Direct,Air India,BOM,DEL,BOM-DEL,0.135,2026-08-10,T+1,Economy,10290.0,1850.0,930.0,250.0,13320.0,INR,Available,False
2026-08-09T10:30:00,2026-08-09,Airline Direct,Air India,BOM,DEL,BOM-DEL,0.135,2026-08-16,T+7,Economy,7480.0,1410.0,670.0,250.0,9810.0,INR,Available,False
2026-08-09T10:30:00,2026-08-09,Airline Direct,Air India,BOM,DEL,BOM-DEL,0.135,2026-08-24,T+15,Economy,6330.0,1240.0,620.0,250.0,8440.0,INR,Available,False
2026-08-09T10:30:00,2026-08-09,Airline Direct,Air India,BOM,DEL,BOM-DEL,0.135,2026-09-08,T+30,Economy,5630.0,1040.0,580.0,250.0,7500.0,INR,Available,False
2026-08-09T10:30:00,2026-08-09,Airline Direct,Air India,BOM,DEL,BOM-DEL,0.135,2026-09-23,T+45,Economy,4970.0,970.0,480.0,250.0,6670.0,INR,Available,False
2026-08-09T10:30:00,2026-08-09,OTA Aggregator,Air India Express,BOM,DEL,BOM-DEL,0.135,2026-08-10,T+1,Economy,9000.0,1550.0,790.0,250.0,11590.0,INR,Available,False
2026-08-09T10:30:00,2026-08-09,OTA Aggregator,Air India Express,BOM,DEL,BOM-DEL,0.135,2026-08-16,T+7,Economy,6730.0,1240.0,610.0,250.0,8830.0,INR,Available,False
2026-08-09T10:30:00,2026-08-09,OTA Aggregator,Air India Express,BOM,DEL,BOM-DEL,0.135,2026-08-24,T+15,Economy,5850.0,1060.0,530.0,250.0,7690.0,INR,Available,False
2026-08-09T10:30:00,2026-08-09,OTA Aggregator,Air India Express,BOM,DEL,BOM-DEL,0.135,2026-09-08,T+30,Economy,5120.0,930.0,530.0,250.0,6830.0,INR,Available,False
2026-08-09T10:30:00,2026-08-09,OTA Aggregator,Air India Express,BOM,DEL,BOM-DEL,0.135,2026-09-23,T+45,Economy,4580.0,850.0,470.0,250.0,6150.0,INR,Available,False
2026-08-09T10:30:00,2026-08-09,OTA Aggregator,Akasa Air,BOM,DEL,BOM-DEL,0.135,2026-08-10,T+1,Economy,9180.0,1630.0,850.0,250.0,11910.0,INR,Available,False
2026-08-09T10:30:00,2026-08-09,OTA Aggregator,Akasa Air,BOM,DEL,BOM-DEL,0.135,2026-08-16,T+7,Economy,6760.0,1190.0,690.0,250.0,8890.0,INR,Available,False
2026-08-09T10:30:00,2026-08-09,OTA Aggregator,Akasa Air,BOM,DEL,BOM-DEL,0.135,2026-08-24,T+15,Economy,5950.0,1090.0,530.0,250.0,7820.0,INR,Available,False
2026-08-09T10:30:00,2026-08-09,OTA Aggregator,Akasa Air,BOM,DEL,BOM-DEL,0.135,2026-09-08,T+30,Economy,5340.0,1010.0,520.0,250.0,7120.0,INR,Available,False
2026-08-09T10:30:00,2026-08-09,OTA Aggregator,Akasa Air,BOM,DEL,BOM-DEL,0.135,2026-09-23,T+45,Economy,4630.0,940.0,470.0,250.0,6290.0,INR,Available,False
2026-08-09T10:30:00,2026-08-09,OTA Aggregator,SpiceJet,BOM,DEL,BOM-DEL,0.135,2026-08-10,T+1,Economy,9230.0,1720.0,860.0,300.0,12110.0,INR,Available,False
2026-08-09T10:30:00,2026-08-09,OTA Aggregator,SpiceJet,BOM,DEL,BOM-DEL,0.135,2026-08-16,T+7,Economy,7040.0,1260.0,670.0,300.0,9270.0,INR,Available,False
2026-08-09T10:30:00,2026-08-09,OTA Aggregator,SpiceJet,BOM,DEL,BOM-DEL,0.135,2026-08-24,T+15,Economy,6070.0,1120.0,540.0,300.0,8030.0,INR,Available,False
2026-08-09T10:30:00,2026-08-09,OTA Aggregator,SpiceJet,BOM,DEL,BOM-DEL,0.135,2026-09-08,T+30,Economy,5120.0,980.0,480.0,300.0,6880.0,INR,Available,False
2026-08-09T10:30:00,2026-08-09,OTA Aggregator,SpiceJet,BOM,DEL,BOM-DEL,0.135,2026-09-23,T+45,Economy,4720.0,980.0,430.0,300.0,6430.0,INR,Available,False
2026-08-09T10:30:00,2026-08-09,Airline Direct,IndiGo,HYD,DEL,HYD-DEL,0.105,2026-08-10,T+1,Economy,7400.0,1320.0,670.0,300.0,9690.0,INR,Available,False
2026-08-09T10:30:00,2026-08-09,Airline Direct,IndiGo,HYD,DEL,HYD-DEL,0.105,2026-08-16,T+7,Economy,5170.0,990.0,500.0,300.0,6960.0,INR,Available,False
2026-08-09T10:30:00,2026-08-09,Airline Direct,IndiGo,HYD,DEL,HYD-DEL,0.105,2026-08-24,T+15,Economy,4770.0,990.0,520.0,300.0,6580.0,INR,Available,False
2026-08-09T10:30:00,2026-08-09,Airline Direct,IndiGo,HYD,DEL,HYD-DEL,0.105,2026-09-08,T+30,Economy,3780.0,720.0,450.0,300.0,5250.0,INR,Available,False
2026-08-09T10:30:00,2026-08-09,Airline Direct,IndiGo,HYD,DEL,HYD-DEL,0.105,2026-09-23,T+45,Economy,3740.0,710.0,380.0,300.0,5130.0,INR,Available,False
2026-08-09T10:30:00,2026-08-09,Airline Direct,Air India,HYD,DEL,HYD-DEL,0.105,2026-08-10,T+1,Economy,7430.0,1410.0,660.0,250.0,9750.0,INR,Available,False
2026-08-09T10:30:00,2026-08-09,Airline Direct,Air India,HYD,DEL,HYD-DEL,0.105,2026-08-16,T+7,Economy,5700.0,1110.0,520.0,250.0,7580.0,INR,Available,False
2026-08-09T10:30:00,2026-08-09,Airline Direct,Air India,HYD,DEL,HYD-DEL,0.105,2026-08-24,T+15,Economy,5150.0,1010.0,470.0,250.0,6880.0,INR,Available,False
2026-08-09T10:30:00,2026-08-09,Airline Direct,Air India,HYD,DEL,HYD-DEL,0.105,2026-09-08,T+30,Economy,4330.0,940.0,420.0,250.0,5940.0,INR,Available,False
2026-08-09T10:30:00,2026-08-09,Airline Direct,Air India,HYD,DEL,HYD-DEL,0.105,2026-09-23,T+45,Economy,4020.0,870.0,370.0,250.0,5510.0,INR,Available,False
2026-08-09T10:30:00,2026-08-09,OTA Aggregator,Air India Express,HYD,DEL,HYD-DEL,0.105,2026-08-10,T+1,Economy,6620.0,1270.0,670.0,250.0,8810.0,INR,Available,False
2026-08-09T10:30:00,2026-08-09,OTA Aggregator,Air India Express,HYD,DEL,HYD-DEL,0.105,2026-08-16,T+7,Economy,5040.0,950.0,480.0,250.0,6720.0,INR,Available,False
2026-08-09T10:30:00,2026-08-09,OTA Aggregator,Air India Express,HYD,DEL,HYD-DEL,0.105,2026-08-24,T+15,Economy,4350.0,850.0,440.0,250.0,5890.0,INR,Available,False
2026-08-09T10:30:00,2026-08-09,OTA Aggregator,Air India Express,HYD,DEL,HYD-DEL,0.105,2026-09-08,T+30,Economy,3590.0,780.0,350.0,250.0,4970.0,INR,Available,False
2026-08-09T10:30:00,2026-08-09,OTA Aggregator,Air India Express,HYD,DEL,HYD-DEL,0.105,2026-09-23,T+45,Economy,3470.0,700.0,380.0,250.0,4800.0,INR,Available,False
2026-08-09T10:30:00,2026-08-09,OTA Aggregator,Akasa Air,HYD,DEL,HYD-DEL,0.105,2026-08-10,T+1,Economy,6860.0,1220.0,650.0,250.0,8980.0,INR,Available,False
2026-08-09T10:30:00,2026-08-09,OTA Aggregator,Akasa Air,HYD,DEL,HYD-DEL,0.105,2026-08-16,T+7,Economy,5320.0,960.0,510.0,250.0,7040.0,INR,Available,False
2026-08-09T10:30:00,2026-08-09,OTA Aggregator,Akasa Air,HYD,DEL,HYD-DEL,0.105,2026-08-24,T+15,Economy,4330.0,830.0,490.0,250.0,5900.0,INR,Available,False
2026-08-09T10:30:00,2026-08-09,OTA Aggregator,Akasa Air,HYD,DEL,HYD-DEL,0.105,2026-09-08,T+30,Economy,3820.0,850.0,390.0,250.0,5310.0,INR,Available,False
2026-08-09T10:30:00,2026-08-09,OTA Aggregator,Akasa Air,HYD,DEL,HYD-DEL,0.105,2026-09-23,T+45,Economy,3600.0,700.0,410.0,250.0,4960.0,INR,Available,False
2026-08-09T10:30:00,2026-08-09,OTA Aggregator,SpiceJet,HYD,DEL,HYD-DEL,0.105,2026-08-10,T+1,Economy,6820.0,1340.0,630.0,300.0,9090.0,INR,Available,False
2026-08-09T10:30:00,2026-08-09,OTA Aggregator,SpiceJet,HYD,DEL,HYD-DEL,0.105,2026-08-16,T+7,Economy,5160.0,1020.0,480.0,300.0,6960.0,INR,Available,False
2026-08-09T10:30:00,2026-08-09,OTA Aggregator,SpiceJet,HYD,DEL,HYD-DEL,0.105,2026-08-24,T+15,Economy,4690.0,870.0,520.0,300.0,6380.0,INR,Available,False
2026-08-09T10:30:00,2026-08-09,OTA Aggregator,SpiceJet,HYD,DEL,HYD-DEL,0.105,2026-09-08,T+30,Economy,4080.0,760.0,410.0,300.0,5550.0,INR,Available,False
2026-08-09T10:30:00,2026-08-09,OTA Aggregator,SpiceJet,HYD,DEL,HYD-DEL,0.105,2026-09-23,T+45,Economy,3660.0,730.0,410.0,300.0,5100.0,INR,Available,False
2026-08-10T10:30:00,2026-08-10,Airline Direct,IndiGo,DEL,BOM,DEL-BOM,0.182,2026-08-11,T+1,Economy,9060.0,1670.0,810.0,250.0,11790.0,INR,Available,False
2026-08-10T10:30:00,2026-08-10,Airline Direct,IndiGo,DEL,BOM,DEL-BOM,0.182,2026-08-17,T+7,Economy,7140.0,1260.0,640.0,250.0,9290.0,INR,Available,False
2026-08-10T10:30:00,2026-08-10,Airline Direct,IndiGo,DEL,BOM,DEL-BOM,0.182,2026-08-25,T+15,Economy,6000.0,1160.0,590.0,250.0,8000.0,INR,Available,False
2026-08-10T10:30:00,2026-08-10,Airline Direct,IndiGo,DEL,BOM,DEL-BOM,0.182,2026-09-09,T+30,Economy,5170.0,1030.0,500.0,250.0,6950.0,INR,Available,False
2026-08-10T10:30:00,2026-08-10,Airline Direct,IndiGo,DEL,BOM,DEL-BOM,0.182,2026-09-24,T+45,Economy,4850.0,950.0,520.0,250.0,6570.0,INR,Available,False
2026-08-10T10:30:00,2026-08-10,Airline Direct,Air India,DEL,BOM,DEL-BOM,0.182,2026-08-11,T+1,Economy,10320.0,1770.0,960.0,300.0,13350.0,INR,Available,False
2026-08-10T10:30:00,2026-08-10,Airline Direct,Air India,DEL,BOM,DEL-BOM,0.182,2026-08-17,T+7,Economy,8170.0,1410.0,770.0,300.0,10650.0,INR,Available,False
2026-08-10T10:30:00,2026-08-10,Airline Direct,Air India,DEL,BOM,DEL-BOM,0.182,2026-08-25,T+15,Economy,6400.0,1170.0,570.0,300.0,8440.0,INR,Available,False
2026-08-10T10:30:00,2026-08-10,Airline Direct,Air India,DEL,BOM,DEL-BOM,0.182,2026-09-09,T+30,Economy,5510.0,1040.0,500.0,300.0,7350.0,INR,Available,False
2026-08-10T10:30:00,2026-08-10,Airline Direct,Air India,DEL,BOM,DEL-BOM,0.182,2026-09-24,T+45,Economy,5440.0,990.0,510.0,300.0,7240.0,INR,Available,False
2026-08-10T10:30:00,2026-08-10,OTA Aggregator,Air India Express,DEL,BOM,DEL-BOM,0.182,2026-08-11,T+1,Economy,8630.0,1530.0,830.0,300.0,11290.0,INR,Available,False
2026-08-10T10:30:00,2026-08-10,OTA Aggregator,Air India Express,DEL,BOM,DEL-BOM,0.182,2026-08-17,T+7,Economy,6610.0,1180.0,680.0,300.0,8770.0,INR,Available,False
2026-08-10T10:30:00,2026-08-10,OTA Aggregator,Air India Express,DEL,BOM,DEL-BOM,0.182,2026-08-25,T+15,Economy,5800.0,1110.0,600.0,300.0,7810.0,INR,Available,False
2026-08-10T10:30:00,2026-08-10,OTA Aggregator,Air India Express,DEL,BOM,DEL-BOM,0.182,2026-09-09,T+30,Economy,4790.0,950.0,490.0,300.0,6530.0,INR,Available,False
2026-08-10T10:30:00,2026-08-10,OTA Aggregator,Air India Express,DEL,BOM,DEL-BOM,0.182,2026-09-24,T+45,Economy,4460.0,950.0,440.0,300.0,6150.0,INR,Available,False
2026-08-10T10:30:00,2026-08-10,OTA Aggregator,Akasa Air,DEL,BOM,DEL-BOM,0.182,2026-08-11,T+1,Economy,8690.0,1600.0,780.0,300.0,11370.0,INR,Available,False
2026-08-10T10:30:00,2026-08-10,OTA Aggregator,Akasa Air,DEL,BOM,DEL-BOM,0.182,2026-08-17,T+7,Economy,7030.0,1230.0,640.0,300.0,9200.0,INR,Available,False
2026-08-10T10:30:00,2026-08-10,OTA Aggregator,Akasa Air,DEL,BOM,DEL-BOM,0.182,2026-08-25,T+15,Economy,5840.0,1100.0,540.0,300.0,7780.0,INR,Available,False
2026-08-10T10:30:00,2026-08-10,OTA Aggregator,Akasa Air,DEL,BOM,DEL-BOM,0.182,2026-09-09,T+30,Economy,5090.0,980.0,490.0,300.0,6860.0,INR,Available,False
2026-08-10T10:30:00,2026-08-10,OTA Aggregator,Akasa Air,DEL,BOM,DEL-BOM,0.182,2026-09-24,T+45,Economy,4660.0,990.0,470.0,300.0,6420.0,INR,Available,False
2026-08-10T10:30:00,2026-08-10,OTA Aggregator,SpiceJet,DEL,BOM,DEL-BOM,0.182,2026-08-11,T+1,Economy,8310.0,1510.0,790.0,250.0,10860.0,INR,Available,False
2026-08-10T10:30:00,2026-08-10,OTA Aggregator,SpiceJet,DEL,BOM,DEL-BOM,0.182,2026-08-17,T+7,Economy,6910.0,1330.0,640.0,250.0,9130.0,INR,Available,False
2026-08-10T10:30:00,2026-08-10,OTA Aggregator,SpiceJet,DEL,BOM,DEL-BOM,0.182,2026-08-25,T+15,Economy,6160.0,1140.0,620.0,250.0,8170.0,INR,Available,False
2026-08-10T10:30:00,2026-08-10,OTA Aggregator,SpiceJet,DEL,BOM,DEL-BOM,0.182,2026-09-09,T+30,Economy,5110.0,1060.0,520.0,250.0,6940.0,INR,Available,False
2026-08-10T10:30:00,2026-08-10,OTA Aggregator,SpiceJet,DEL,BOM,DEL-BOM,0.182,2026-09-24,T+45,Economy,4860.0,1000.0,480.0,250.0,6590.0,INR,Available,False
2026-08-10T10:30:00,2026-08-10,Airline Direct,IndiGo,DEL,BLR,DEL-BLR,0.154,2026-08-11,T+1,Economy,11310.0,1970.0,1020.0,250.0,14550.0,INR,Available,True
2026-08-10T10:30:00,2026-08-10,Airline Direct,IndiGo,DEL,BLR,DEL-BLR,0.154,2026-08-17,T+7,Economy,7220.0,1310.0,690.0,250.0,9470.0,INR,Available,False
2026-08-10T10:30:00,2026-08-10,Airline Direct,IndiGo,DEL,BLR,DEL-BLR,0.154,2026-08-25,T+15,Economy,5750.0,1050.0,580.0,250.0,7630.0,INR,Available,False
2026-08-10T10:30:00,2026-08-10,Airline Direct,IndiGo,DEL,BLR,DEL-BLR,0.154,2026-09-09,T+30,Economy,4810.0,910.0,510.0,250.0,6480.0,INR,Available,False
2026-08-10T10:30:00,2026-08-10,Airline Direct,IndiGo,DEL,BLR,DEL-BLR,0.154,2026-09-24,T+45,Economy,4690.0,920.0,450.0,250.0,6310.0,INR,Available,False
2026-08-10T10:30:00,2026-08-10,Airline Direct,Air India,DEL,BLR,DEL-BLR,0.154,2026-08-11,T+1,Economy,9530.0,1760.0,860.0,300.0,12450.0,INR,Available,False
2026-08-10T10:30:00,2026-08-10,Airline Direct,Air India,DEL,BLR,DEL-BLR,0.154,2026-08-17,T+7,Economy,7520.0,1410.0,680.0,300.0,9910.0,INR,Available,False
2026-08-10T10:30:00,2026-08-10,Airline Direct,Air India,DEL,BLR,DEL-BLR,0.154,2026-08-25,T+15,Economy,6060.0,1100.0,530.0,300.0,7990.0,INR,Available,False
2026-08-10T10:30:00,2026-08-10,Airline Direct,Air India,DEL,BLR,DEL-BLR,0.154,2026-09-09,T+30,Economy,5440.0,980.0,580.0,300.0,7300.0,INR,Available,False
2026-08-10T10:30:00,2026-08-10,Airline Direct,Air India,DEL,BLR,DEL-BLR,0.154,2026-09-24,T+45,Economy,5160.0,1050.0,520.0,300.0,7030.0,INR,Available,False
2026-08-10T10:30:00,2026-08-10,OTA Aggregator,Air India Express,DEL,BLR,DEL-BLR,0.154,2026-08-11,T+1,Economy,7810.0,1460.0,730.0,300.0,10300.0,INR,Available,False
2026-08-10T10:30:00,2026-08-10,OTA Aggregator,Air India Express,DEL,BLR,DEL-BLR,0.154,2026-08-17,T+7,Economy,6480.0,1280.0,630.0,300.0,8690.0,INR,Available,False
2026-08-10T10:30:00,2026-08-10,OTA Aggregator,Air India Express,DEL,BLR,DEL-BLR,0.154,2026-08-25,T+15,Economy,5500.0,1030.0,550.0,300.0,7380.0,INR,Available,False
2026-08-10T10:30:00,2026-08-10,OTA Aggregator,Air India Express,DEL,BLR,DEL-BLR,0.154,2026-09-09,T+30,Economy,4600.0,960.0,480.0,300.0,6340.0,INR,Available,False
2026-08-10T10:30:00,2026-08-10,OTA Aggregator,Air India Express,DEL,BLR,DEL-BLR,0.154,2026-09-24,T+45,Economy,4170.0,830.0,430.0,300.0,5730.0,INR,Available,False
2026-08-10T10:30:00,2026-08-10,OTA Aggregator,Akasa Air,DEL,BLR,DEL-BLR,0.154,2026-08-11,T+1,Economy,8200.0,1430.0,780.0,300.0,10710.0,INR,Available,False
2026-08-10T10:30:00,2026-08-10,OTA Aggregator,Akasa Air,DEL,BLR,DEL-BLR,0.154,2026-08-17,T+7,Economy,6630.0,1290.0,600.0,300.0,8820.0,INR,Available,False
2026-08-10T10:30:00,2026-08-10,OTA Aggregator,Akasa Air,DEL,BLR,DEL-BLR,0.154,2026-08-25,T+15,Economy,5240.0,1040.0,520.0,300.0,7100.0,INR,Available,False
2026-08-10T10:30:00,2026-08-10,OTA Aggregator,Akasa Air,DEL,BLR,DEL-BLR,0.154,2026-09-09,T+30,Economy,4710.0,950.0,450.0,300.0,6410.0,INR,Available,False
2026-08-10T10:30:00,2026-08-10,OTA Aggregator,Akasa Air,DEL,BLR,DEL-BLR,0.154,2026-09-24,T+45,Economy,4470.0,940.0,470.0,300.0,6180.0,INR,Available,False
2026-08-10T10:30:00,2026-08-10,OTA Aggregator,SpiceJet,DEL,BLR,DEL-BLR,0.154,2026-08-11,T+1,Economy,7940.0,1510.0,760.0,250.0,10460.0,INR,Available,False
2026-08-10T10:30:00,2026-08-10,OTA Aggregator,SpiceJet,DEL,BLR,DEL-BLR,0.154,2026-08-17,T+7,Economy,6570.0,1190.0,580.0,250.0,8590.0,INR,Available,False
2026-08-10T10:30:00,2026-08-10,OTA Aggregator,SpiceJet,DEL,BLR,DEL-BLR,0.154,2026-08-25,T+15,Economy,5740.0,1130.0,520.0,250.0,7640.0,INR,Available,False
2026-08-10T10:30:00,2026-08-10,OTA Aggregator,SpiceJet,DEL,BLR,DEL-BLR,0.154,2026-09-09,T+30,Economy,4910.0,970.0,500.0,250.0,6630.0,INR,Available,False
2026-08-10T10:30:00,2026-08-10,OTA Aggregator,SpiceJet,DEL,BLR,DEL-BLR,0.154,2026-09-24,T+45,Economy,4170.0,790.0,420.0,250.0,5630.0,INR,Available,False
2026-08-10T10:30:00,2026-08-10,Airline Direct,IndiGo,BOM,BLR,BOM-BLR,0.127,2026-08-11,T+1,Economy,7600.0,1450.0,730.0,250.0,10030.0,INR,Available,False
2026-08-10T10:30:00,2026-08-10,Airline Direct,IndiGo,BOM,BLR,BOM-BLR,0.127,2026-08-17,T+7,Economy,5810.0,1120.0,530.0,250.0,7710.0,INR,Available,False
2026-08-10T10:30:00,2026-08-10,Airline Direct,IndiGo,BOM,BLR,BOM-BLR,0.127,2026-08-25,T+15,Economy,5120.0,1010.0,510.0,250.0,6890.0,INR,Available,False
2026-08-10T10:30:00,2026-08-10,Airline Direct,IndiGo,BOM,BLR,BOM-BLR,0.127,2026-09-09,T+30,Economy,4510.0,900.0,440.0,250.0,6100.0,INR,Available,False
2026-08-10T10:30:00,2026-08-10,Airline Direct,IndiGo,BOM,BLR,BOM-BLR,0.127,2026-09-24,T+45,Economy,3750.0,820.0,370.0,250.0,5190.0,INR,Available,False
2026-08-10T10:30:00,2026-08-10,Airline Direct,Air India,BOM,BLR,BOM-BLR,0.127,2026-08-11,T+1,Economy,8130.0,1470.0,770.0,300.0,10670.0,INR,Available,False
2026-08-10T10:30:00,2026-08-10,Airline Direct,Air India,BOM,BLR,BOM-BLR,0.127,2026-08-17,T+7,Economy,5880.0,1120.0,560.0,300.0,7860.0,INR,Available,False
2026-08-10T10:30:00,2026-08-10,Airline Direct,Air India,BOM,BLR,BOM-BLR,0.127,2026-08-25,T+15,Economy,5240.0,1080.0,560.0,300.0,7180.0,INR,Available,False
2026-08-10T10:30:00,2026-08-10,Airline Direct,Air India,BOM,BLR,BOM-BLR,0.127,2026-09-09,T+30,Economy,4300.0,900.0,400.0,300.0,5900.0,INR,Available,False
2026-08-10T10:30:00,2026-08-10,Airline Direct,Air India,BOM,BLR,BOM-BLR,0.127,2026-09-24,T+45,Economy,4270.0,850.0,430.0,300.0,5850.0,INR,Available,False
2026-08-10T10:30:00,2026-08-10,OTA Aggregator,Air India Express,BOM,BLR,BOM-BLR,0.127,2026-08-11,T+1,Economy,7300.0,1280.0,730.0,300.0,9610.0,INR,Available,False
2026-08-10T10:30:00,2026-08-10,OTA Aggregator,Air India Express,BOM,BLR,BOM-BLR,0.127,2026-08-17,T+7,Economy,5390.0,1040.0,540.0,300.0,7270.0,INR,Available,False
2026-08-10T10:30:00,2026-08-10,OTA Aggregator,Air India Express,BOM,BLR,BOM-BLR,0.127,2026-08-25,T+15,Economy,4520.0,890.0,420.0,300.0,6130.0,INR,Available,False
2026-08-10T10:30:00,2026-08-10,OTA Aggregator,Air India Express,BOM,BLR,BOM-BLR,0.127,2026-09-09,T+30,Economy,3720.0,710.0,430.0,300.0,5160.0,INR,Available,False
2026-08-10T10:30:00,2026-08-10,OTA Aggregator,Air India Express,BOM,BLR,BOM-BLR,0.127,2026-09-24,T+45,Economy,3540.0,740.0,410.0,300.0,4990.0,INR,Available,False
2026-08-10T10:30:00,2026-08-10,OTA Aggregator,Akasa Air,BOM,BLR,BOM-BLR,0.127,2026-08-11,T+1,Economy,6900.0,1290.0,610.0,300.0,9100.0,INR,Available,False
2026-08-10T10:30:00,2026-08-10,OTA Aggregator,Akasa Air,BOM,BLR,BOM-BLR,0.127,2026-08-17,T+7,Economy,5430.0,1100.0,510.0,300.0,7340.0,INR,Available,False
2026-08-10T10:30:00,2026-08-10,OTA Aggregator,Akasa Air,BOM,BLR,BOM-BLR,0.127,2026-08-25,T+15,Economy,4540.0,890.0,420.0,300.0,6150.0,INR,Available,False
2026-08-10T10:30:00,2026-08-10,OTA Aggregator,Akasa Air,BOM,BLR,BOM-BLR,0.127,2026-09-09,T+30,Economy,4340.0,880.0,430.0,300.0,5950.0,INR,Available,False
2026-08-10T10:30:00,2026-08-10,OTA Aggregator,Akasa Air,BOM,BLR,BOM-BLR,0.127,2026-09-24,T+45,Economy,3520.0,710.0,340.0,300.0,4870.0,INR,Available,False
2026-08-10T10:30:00,2026-08-10,OTA Aggregator,SpiceJet,BOM,BLR,BOM-BLR,0.127,2026-08-11,T+1,Economy,7010.0,1370.0,710.0,250.0,9340.0,INR,Available,False
2026-08-10T10:30:00,2026-08-10,OTA Aggregator,SpiceJet,BOM,BLR,BOM-BLR,0.127,2026-08-17,T+7,Economy,5510.0,1110.0,550.0,250.0,7420.0,INR,Available,False
2026-08-10T10:30:00,2026-08-10,OTA Aggregator,SpiceJet,BOM,BLR,BOM-BLR,0.127,2026-08-25,T+15,Economy,4560.0,920.0,460.0,250.0,6190.0,INR,Available,False
2026-08-10T10:30:00,2026-08-10,OTA Aggregator,SpiceJet,BOM,BLR,BOM-BLR,0.127,2026-09-09,T+30,Economy,4260.0,850.0,470.0,250.0,5830.0,INR,Available,False
2026-08-10T10:30:00,2026-08-10,OTA Aggregator,SpiceJet,BOM,BLR,BOM-BLR,0.127,2026-09-24,T+45,Economy,3660.0,820.0,350.0,250.0,5080.0,INR,Available,False
2026-08-10T10:30:00,2026-08-10,Airline Direct,IndiGo,DEL,CCU,DEL-CCU,0.113,2026-08-11,T+1,Economy,6840.0,1330.0,660.0,250.0,9080.0,INR,Available,False
2026-08-10T10:30:00,2026-08-10,Airline Direct,IndiGo,DEL,CCU,DEL-CCU,0.113,2026-08-17,T+7,Economy,5190.0,980.0,550.0,250.0,6970.0,INR,Available,False
2026-08-10T10:30:00,2026-08-10,Airline Direct,IndiGo,DEL,CCU,DEL-CCU,0.113,2026-08-25,T+15,Economy,4730.0,940.0,480.0,250.0,6400.0,INR,Available,False
2026-08-10T10:30:00,2026-08-10,Airline Direct,IndiGo,DEL,CCU,DEL-CCU,0.113,2026-09-09,T+30,Economy,4060.0,840.0,380.0,250.0,5530.0,INR,Available,False
2026-08-10T10:30:00,2026-08-10,Airline Direct,IndiGo,DEL,CCU,DEL-CCU,0.113,2026-09-24,T+45,Economy,3800.0,810.0,450.0,250.0,5310.0,INR,Available,False
2026-08-10T10:30:00,2026-08-10,Airline Direct,Air India,DEL,CCU,DEL-CCU,0.113,2026-08-11,T+1,Economy,7430.0,1400.0,690.0,300.0,9820.0,INR,Available,False
2026-08-10T10:30:00,2026-08-10,Airline Direct,Air India,DEL,CCU,DEL-CCU,0.113,2026-08-17,T+7,Economy,5980.0,1190.0,590.0,300.0,8060.0,INR,Available,False
2026-08-10T10:30:00,2026-08-10,Airline Direct,Air India,DEL,CCU,DEL-CCU,0.113,2026-08-25,T+15,Economy,5100.0,940.0,490.0,300.0,6830.0,INR,Available,False
2026-08-10T10:30:00,2026-08-10,Airline Direct,Air India,DEL,CCU,DEL-CCU,0.113,2026-09-09,T+30,Economy,4520.0,850.0,500.0,300.0,6170.0,INR,Available,False
2026-08-10T10:30:00,2026-08-10,Airline Direct,Air India,DEL,CCU,DEL-CCU,0.113,2026-09-24,T+45,Economy,4160.0,810.0,400.0,300.0,5670.0,INR,Available,False
2026-08-10T10:30:00,2026-08-10,OTA Aggregator,Air India Express,DEL,CCU,DEL-CCU,0.113,2026-08-11,T+1,Economy,6820.0,1260.0,620.0,300.0,9000.0,INR,Available,False
2026-08-10T10:30:00,2026-08-10,OTA Aggregator,Air India Express,DEL,CCU,DEL-CCU,0.113,2026-08-17,T+7,Economy,4980.0,950.0,500.0,300.0,6730.0,INR,Available,False
2026-08-10T10:30:00,2026-08-10,OTA Aggregator,Air India Express,DEL,CCU,DEL-CCU,0.113,2026-08-25,T+15,Economy,4330.0,810.0,490.0,300.0,5930.0,INR,Available,False
2026-08-10T10:30:00,2026-08-10,OTA Aggregator,Air India Express,DEL,CCU,DEL-CCU,0.113,2026-09-09,T+30,Economy,3700.0,720.0,420.0,300.0,5140.0,INR,Available,False
2026-08-10T10:30:00,2026-08-10,OTA Aggregator,Air India Express,DEL,CCU,DEL-CCU,0.113,2026-09-24,T+45,Economy,3410.0,710.0,380.0,300.0,4800.0,INR,Available,False
2026-08-10T10:30:00,2026-08-10,OTA Aggregator,Akasa Air,DEL,CCU,DEL-CCU,0.113,2026-08-11,T+1,Economy,7010.0,1230.0,660.0,300.0,9200.0,INR,Available,False
2026-08-10T10:30:00,2026-08-10,OTA Aggregator,Akasa Air,DEL,CCU,DEL-CCU,0.113,2026-08-17,T+7,Economy,5130.0,1060.0,500.0,300.0,6990.0,INR,Available,False
2026-08-10T10:30:00,2026-08-10,OTA Aggregator,Akasa Air,DEL,CCU,DEL-CCU,0.113,2026-08-25,T+15,Economy,4380.0,940.0,480.0,300.0,6100.0,INR,Available,False
2026-08-10T10:30:00,2026-08-10,OTA Aggregator,Akasa Air,DEL,CCU,DEL-CCU,0.113,2026-09-09,T+30,Economy,3850.0,860.0,430.0,300.0,5440.0,INR,Available,False
2026-08-10T10:30:00,2026-08-10,OTA Aggregator,Akasa Air,DEL,CCU,DEL-CCU,0.113,2026-09-24,T+45,Economy,3590.0,720.0,370.0,300.0,4980.0,INR,Available,False
2026-08-10T10:30:00,2026-08-10,OTA Aggregator,SpiceJet,DEL,CCU,DEL-CCU,0.113,2026-08-11,T+1,Economy,6800.0,1300.0,690.0,250.0,9040.0,INR,Available,False
2026-08-10T10:30:00,2026-08-10,OTA Aggregator,SpiceJet,DEL,CCU,DEL-CCU,0.113,2026-08-17,T+7,Economy,5390.0,1070.0,490.0,250.0,7200.0,INR,Available,False
2026-08-10T10:30:00,2026-08-10,OTA Aggregator,SpiceJet,DEL,CCU,DEL-CCU,0.113,2026-08-25,T+15,Economy,4400.0,860.0,430.0,250.0,5940.0,INR,Available,False
2026-08-10T10:30:00,2026-08-10,OTA Aggregator,SpiceJet,DEL,CCU,DEL-CCU,0.113,2026-09-09,T+30,Economy,4100.0,900.0,420.0,250.0,5670.0,INR,Available,False
2026-08-10T10:30:00,2026-08-10,OTA Aggregator,SpiceJet,DEL,CCU,DEL-CCU,0.113,2026-09-24,T+45,Economy,3710.0,810.0,390.0,250.0,5160.0,INR,Available,False
2026-08-10T10:30:00,2026-08-10,Airline Direct,IndiGo,BLR,HYD,BLR-HYD,0.098,2026-08-11,T+1,Economy,5370.0,990.0,510.0,250.0,7120.0,INR,Available,False
2026-08-10T10:30:00,2026-08-10,Airline Direct,IndiGo,BLR,HYD,BLR-HYD,0.098,2026-08-17,T+7,Economy,4200.0,890.0,430.0,250.0,5770.0,INR,Available,False
2026-08-10T10:30:00,2026-08-10,Airline Direct,IndiGo,BLR,HYD,BLR-HYD,0.098,2026-08-25,T+15,Economy,3420.0,760.0,350.0,250.0,4780.0,INR,Available,False
2026-08-10T10:30:00,2026-08-10,Airline Direct,IndiGo,BLR,HYD,BLR-HYD,0.098,2026-09-09,T+30,Economy,3320.0,640.0,350.0,250.0,4560.0,INR,Available,False
2026-08-10T10:30:00,2026-08-10,Airline Direct,IndiGo,BLR,HYD,BLR-HYD,0.098,2026-09-24,T+45,Economy,2710.0,590.0,310.0,250.0,3860.0,INR,Available,False
2026-08-10T10:30:00,2026-08-10,Airline Direct,Air India,BLR,HYD,BLR-HYD,0.098,2026-08-11,T+1,Economy,7270.0,1350.0,720.0,300.0,9640.0,INR,Available,True
2026-08-10T10:30:00,2026-08-10,Airline Direct,Air India,BLR,HYD,BLR-HYD,0.098,2026-08-17,T+7,Economy,4550.0,930.0,460.0,300.0,6240.0,INR,Available,False
2026-08-10T10:30:00,2026-08-10,Airline Direct,Air India,BLR,HYD,BLR-HYD,0.098,2026-08-25,T+15,Economy,3690.0,800.0,390.0,300.0,5180.0,INR,Available,False
2026-08-10T10:30:00,2026-08-10,Airline Direct,Air India,BLR,HYD,BLR-HYD,0.098,2026-09-09,T+30,Economy,3310.0,730.0,380.0,300.0,4720.0,INR,Available,False
2026-08-10T10:30:00,2026-08-10,Airline Direct,Air India,BLR,HYD,BLR-HYD,0.098,2026-09-24,T+45,Economy,3070.0,600.0,330.0,300.0,4300.0,INR,Available,False
2026-08-10T10:30:00,2026-08-10,OTA Aggregator,Air India Express,BLR,HYD,BLR-HYD,0.098,2026-08-11,T+1,Economy,4960.0,1030.0,520.0,300.0,6810.0,INR,Available,False
2026-08-10T10:30:00,2026-08-10,OTA Aggregator,Air India Express,BLR,HYD,BLR-HYD,0.098,2026-08-17,T+7,Economy,3880.0,810.0,440.0,300.0,5430.0,INR,Available,False
2026-08-10T10:30:00,2026-08-10,OTA Aggregator,Air India Express,BLR,HYD,BLR-HYD,0.098,2026-08-25,T+15,Economy,3250.0,690.0,350.0,300.0,4590.0,INR,Available,False
2026-08-10T10:30:00,2026-08-10,OTA Aggregator,Air India Express,BLR,HYD,BLR-HYD,0.098,2026-09-09,T+30,Economy,2950.0,720.0,360.0,300.0,4330.0,INR,Available,False
2026-08-10T10:30:00,2026-08-10,OTA Aggregator,Air India Express,BLR,HYD,BLR-HYD,0.098,2026-09-24,T+45,Economy,2540.0,590.0,290.0,300.0,3720.0,INR,Available,False
2026-08-10T10:30:00,2026-08-10,OTA Aggregator,Akasa Air,BLR,HYD,BLR-HYD,0.098,2026-08-11,T+1,Economy,5070.0,940.0,540.0,300.0,6850.0,INR,Available,False
2026-08-10T10:30:00,2026-08-10,OTA Aggregator,Akasa Air,BLR,HYD,BLR-HYD,0.098,2026-08-17,T+7,Economy,3830.0,860.0,410.0,300.0,5400.0,INR,Available,False
2026-08-10T10:30:00,2026-08-10,OTA Aggregator,Akasa Air,BLR,HYD,BLR-HYD,0.098,2026-08-25,T+15,Economy,3350.0,680.0,360.0,300.0,4690.0,INR,Available,False
2026-08-10T10:30:00,2026-08-10,OTA Aggregator,Akasa Air,BLR,HYD,BLR-HYD,0.098,2026-09-09,T+30,Economy,2860.0,590.0,290.0,300.0,4040.0,INR,Available,False
2026-08-10T10:30:00,2026-08-10,OTA Aggregator,Akasa Air,BLR,HYD,BLR-HYD,0.098,2026-09-24,T+45,Economy,2740.0,580.0,350.0,300.0,3970.0,INR,Available,False
2026-08-10T10:30:00,2026-08-10,OTA Aggregator,SpiceJet,BLR,HYD,BLR-HYD,0.098,2026-08-11,T+1,Economy,4910.0,940.0,540.0,250.0,6640.0,INR,Available,False
2026-08-10T10:30:00,2026-08-10,OTA Aggregator,SpiceJet,BLR,HYD,BLR-HYD,0.098,2026-08-17,T+7,Economy,3980.0,790.0,470.0,250.0,5490.0,INR,Available,False
2026-08-10T10:30:00,2026-08-10,OTA Aggregator,SpiceJet,BLR,HYD,BLR-HYD,0.098,2026-08-25,T+15,Economy,3250.0,750.0,360.0,250.0,4610.0,INR,Available,False
2026-08-10T10:30:00,2026-08-10,OTA Aggregator,SpiceJet,BLR,HYD,BLR-HYD,0.098,2026-09-09,T+30,Economy,2960.0,680.0,390.0,250.0,4280.0,INR,Available,False
2026-08-10T10:30:00,2026-08-10,OTA Aggregator,SpiceJet,BLR,HYD,BLR-HYD,0.098,2026-09-24,T+45,Economy,2630.0,550.0,260.0,250.0,3690.0,INR,Available,False
2026-08-10T10:30:00,2026-08-10,Airline Direct,IndiGo,MAA,DEL,MAA-DEL,0.086,2026-08-11,T+1,Economy,10480.0,1890.0,900.0,250.0,13520.0,INR,Available,True
2026-08-10T10:30:00,2026-08-10,Airline Direct,IndiGo,MAA,DEL,MAA-DEL,0.086,2026-08-17,T+7,Economy,6770.0,1250.0,590.0,250.0,8860.0,INR,Available,False
2026-08-10T10:30:00,2026-08-10,Airline Direct,IndiGo,MAA,DEL,MAA-DEL,0.086,2026-08-25,T+15,Economy,5190.0,1050.0,470.0,250.0,6960.0,INR,Available,False
2026-08-10T10:30:00,2026-08-10,Airline Direct,IndiGo,MAA,DEL,MAA-DEL,0.086,2026-09-09,T+30,Economy,4700.0,920.0,480.0,250.0,6350.0,INR,Available,False
2026-08-10T10:30:00,2026-08-10,Airline Direct,IndiGo,MAA,DEL,MAA-DEL,0.086,2026-09-24,T+45,Economy,4300.0,860.0,430.0,250.0,5840.0,INR,Available,False
2026-08-10T10:30:00,2026-08-10,Airline Direct,Air India,MAA,DEL,MAA-DEL,0.086,2026-08-11,T+1,Economy,9090.0,1700.0,830.0,300.0,11920.0,INR,Available,False
2026-08-10T10:30:00,2026-08-10,Airline Direct,Air India,MAA,DEL,MAA-DEL,0.086,2026-08-17,T+7,Economy,6380.0,1190.0,590.0,300.0,8460.0,INR,Available,False
2026-08-10T10:30:00,2026-08-10,Airline Direct,Air India,MAA,DEL,MAA-DEL,0.086,2026-08-25,T+15,Economy,5420.0,1010.0,520.0,300.0,7250.0,INR,Available,False
2026-08-10T10:30:00,2026-08-10,Airline Direct,Air India,MAA,DEL,MAA-DEL,0.086,2026-09-09,T+30,Economy,5110.0,1070.0,460.0,300.0,6940.0,INR,Available,False
2026-08-10T10:30:00,2026-08-10,Airline Direct,Air India,MAA,DEL,MAA-DEL,0.086,2026-09-24,T+45,Economy,4470.0,840.0,450.0,300.0,6060.0,INR,Available,False
2026-08-10T10:30:00,2026-08-10,OTA Aggregator,Air India Express,MAA,DEL,MAA-DEL,0.086,2026-08-11,T+1,Economy,7500.0,1340.0,680.0,300.0,9820.0,INR,Available,False
2026-08-10T10:30:00,2026-08-10,OTA Aggregator,Air India Express,MAA,DEL,MAA-DEL,0.086,2026-08-17,T+7,Economy,5700.0,1160.0,600.0,300.0,7760.0,INR,Available,False
2026-08-10T10:30:00,2026-08-10,OTA Aggregator,Air India Express,MAA,DEL,MAA-DEL,0.086,2026-08-25,T+15,Economy,4810.0,920.0,490.0,300.0,6520.0,INR,Available,False
2026-08-10T10:30:00,2026-08-10,OTA Aggregator,Air India Express,MAA,DEL,MAA-DEL,0.086,2026-09-09,T+30,Economy,4270.0,790.0,420.0,300.0,5780.0,INR,Available,False
2026-08-10T10:30:00,2026-08-10,OTA Aggregator,Air India Express,MAA,DEL,MAA-DEL,0.086,2026-09-24,T+45,Economy,4000.0,810.0,440.0,300.0,5550.0,INR,Available,False
2026-08-10T10:30:00,2026-08-10,OTA Aggregator,Akasa Air,MAA,DEL,MAA-DEL,0.086,2026-08-11,T+1,Economy,7710.0,1390.0,680.0,300.0,10080.0,INR,Available,False
2026-08-10T10:30:00,2026-08-10,OTA Aggregator,Akasa Air,MAA,DEL,MAA-DEL,0.086,2026-08-17,T+7,Economy,5510.0,1130.0,580.0,300.0,7520.0,INR,Available,False
2026-08-10T10:30:00,2026-08-10,OTA Aggregator,Akasa Air,MAA,DEL,MAA-DEL,0.086,2026-08-25,T+15,Economy,5450.0,1010.0,540.0,300.0,7300.0,INR,Available,False
2026-08-10T10:30:00,2026-08-10,OTA Aggregator,Akasa Air,MAA,DEL,MAA-DEL,0.086,2026-09-09,T+30,Economy,4350.0,900.0,450.0,300.0,6000.0,INR,Available,False
2026-08-10T10:30:00,2026-08-10,OTA Aggregator,Akasa Air,MAA,DEL,MAA-DEL,0.086,2026-09-24,T+45,Economy,4190.0,800.0,420.0,300.0,5710.0,INR,Available,False
2026-08-10T10:30:00,2026-08-10,OTA Aggregator,SpiceJet,MAA,DEL,MAA-DEL,0.086,2026-08-11,T+1,Economy,7610.0,1380.0,740.0,250.0,9980.0,INR,Available,False
2026-08-10T10:30:00,2026-08-10,OTA Aggregator,SpiceJet,MAA,DEL,MAA-DEL,0.086,2026-08-17,T+7,Economy,6310.0,1200.0,590.0,250.0,8350.0,INR,Available,False
2026-08-10T10:30:00,2026-08-10,OTA Aggregator,SpiceJet,MAA,DEL,MAA-DEL,0.086,2026-08-25,T+15,Economy,5100.0,1040.0,480.0,250.0,6870.0,INR,Available,False
2026-08-10T10:30:00,2026-08-10,OTA Aggregator,SpiceJet,MAA,DEL,MAA-DEL,0.086,2026-09-09,T+30,Economy,4450.0,850.0,410.0,250.0,5960.0,INR,Available,False
2026-08-10T10:30:00,2026-08-10,OTA Aggregator,SpiceJet,MAA,DEL,MAA-DEL,0.086,2026-09-24,T+45,Economy,3870.0,820.0,410.0,250.0,5350.0,INR,Available,False
2026-08-10T10:30:00,2026-08-10,Airline Direct,IndiGo,BOM,DEL,BOM-DEL,0.135,2026-08-11,T+1,Economy,9160.0,1700.0,800.0,250.0,11910.0,INR,Available,False
2026-08-10T10:30:00,2026-08-10,Airline Direct,IndiGo,BOM,DEL,BOM-DEL,0.135,2026-08-17,T+7,Economy,6930.0,1290.0,690.0,250.0,9160.0,INR,Available,False
2026-08-10T10:30:00,2026-08-10,Airline Direct,IndiGo,BOM,DEL,BOM-DEL,0.135,2026-08-25,T+15,Economy,6260.0,1160.0,560.0,250.0,8230.0,INR,Available,False
2026-08-10T10:30:00,2026-08-10,Airline Direct,IndiGo,BOM,DEL,BOM-DEL,0.135,2026-09-09,T+30,Economy,5260.0,1010.0,510.0,250.0,7030.0,INR,Available,False
2026-08-10T10:30:00,2026-08-10,Airline Direct,IndiGo,BOM,DEL,BOM-DEL,0.135,2026-09-24,T+45,Economy,4670.0,990.0,520.0,250.0,6430.0,INR,Available,False
2026-08-10T10:30:00,2026-08-10,Airline Direct,Air India,BOM,DEL,BOM-DEL,0.135,2026-08-11,T+1,Economy,9910.0,1740.0,930.0,300.0,12880.0,INR,Available,False
2026-08-10T10:30:00,2026-08-10,Airline Direct,Air India,BOM,DEL,BOM-DEL,0.135,2026-08-17,T+7,Economy,7490.0,1350.0,700.0,300.0,9840.0,INR,Available,False
2026-08-10T10:30:00,2026-08-10,Airline Direct,Air India,BOM,DEL,BOM-DEL,0.135,2026-08-25,T+15,Economy,6500.0,1240.0,600.0,300.0,8640.0,INR,Available,False
2026-08-10T10:30:00,2026-08-10,Airline Direct,Air India,BOM,DEL,BOM-DEL,0.135,2026-09-09,T+30,Economy,5530.0,1040.0,520.0,300.0,7390.0,INR,Available,False
2026-08-10T10:30:00,2026-08-10,Airline Direct,Air India,BOM,DEL,BOM-DEL,0.135,2026-09-24,T+45,Economy,5020.0,980.0,480.0,300.0,6780.0,INR,Available,False
2026-08-10T10:30:00,2026-08-10,OTA Aggregator,Air India Express,BOM,DEL,BOM-DEL,0.135,2026-08-11,T+1,Economy,8110.0,1460.0,740.0,300.0,10610.0,INR,Available,False
2026-08-10T10:30:00,2026-08-10,OTA Aggregator,Air India Express,BOM,DEL,BOM-DEL,0.135,2026-08-17,T+7,Economy,6180.0,1180.0,640.0,300.0,8300.0,INR,Available,False
2026-08-10T10:30:00,2026-08-10,OTA Aggregator,Air India Express,BOM,DEL,BOM-DEL,0.135,2026-08-25,T+15,Economy,5590.0,1100.0,560.0,300.0,7550.0,INR,Available,False
2026-08-10T10:30:00,2026-08-10,OTA Aggregator,Air India Express,BOM,DEL,BOM-DEL,0.135,2026-09-09,T+30,Economy,4550.0,840.0,480.0,300.0,6170.0,INR,Available,False
2026-08-10T10:30:00,2026-08-10,OTA Aggregator,Air India Express,BOM,DEL,BOM-DEL,0.135,2026-09-24,T+45,Economy,4380.0,910.0,420.0,300.0,6010.0,INR,Available,False
2026-08-10T10:30:00,2026-08-10,OTA Aggregator,Akasa Air,BOM,DEL,BOM-DEL,0.135,2026-08-11,T+1,Economy,8270.0,1430.0,800.0,300.0,10800.0,INR,Available,False
2026-08-10T10:30:00,2026-08-10,OTA Aggregator,Akasa Air,BOM,DEL,BOM-DEL,0.135,2026-08-17,T+7,Economy,6190.0,1110.0,640.0,300.0,8240.0,INR,Available,False
2026-08-10T10:30:00,2026-08-10,OTA Aggregator,Akasa Air,BOM,DEL,BOM-DEL,0.135,2026-08-25,T+15,Economy,5520.0,990.0,510.0,300.0,7320.0,INR,Available,False
2026-08-10T10:30:00,2026-08-10,OTA Aggregator,Akasa Air,BOM,DEL,BOM-DEL,0.135,2026-09-09,T+30,Economy,5040.0,990.0,470.0,300.0,6800.0,INR,Available,False
2026-08-10T10:30:00,2026-08-10,OTA Aggregator,Akasa Air,BOM,DEL,BOM-DEL,0.135,2026-09-24,T+45,Economy,4210.0,820.0,410.0,300.0,5740.0,INR,Available,False
2026-08-10T10:30:00,2026-08-10,OTA Aggregator,SpiceJet,BOM,DEL,BOM-DEL,0.135,2026-08-11,T+1,Economy,8520.0,1500.0,770.0,250.0,11040.0,INR,Available,False
2026-08-10T10:30:00,2026-08-10,OTA Aggregator,SpiceJet,BOM,DEL,BOM-DEL,0.135,2026-08-17,T+7,Economy,6350.0,1170.0,660.0,250.0,8430.0,INR,Available,False
2026-08-10T10:30:00,2026-08-10,OTA Aggregator,SpiceJet,BOM,DEL,BOM-DEL,0.135,2026-08-25,T+15,Economy,5460.0,1050.0,560.0,250.0,7320.0,INR,Available,False
2026-08-10T10:30:00,2026-08-10,OTA Aggregator,SpiceJet,BOM,DEL,BOM-DEL,0.135,2026-09-09,T+30,Economy,4790.0,1000.0,520.0,250.0,6560.0,INR,Available,False
2026-08-10T10:30:00,2026-08-10,OTA Aggregator,SpiceJet,BOM,DEL,BOM-DEL,0.135,2026-09-24,T+45,Economy,4770.0,910.0,440.0,250.0,6370.0,INR,Available,False
2026-08-10T10:30:00,2026-08-10,Airline Direct,IndiGo,HYD,DEL,HYD-DEL,0.105,2026-08-11,T+1,Economy,6510.0,1140.0,610.0,250.0,8510.0,INR,Available,False
2026-08-10T10:30:00,2026-08-10,Airline Direct,IndiGo,HYD,DEL,HYD-DEL,0.105,2026-08-17,T+7,Economy,5430.0,1080.0,510.0,250.0,7270.0,INR,Available,False
2026-08-10T10:30:00,2026-08-10,Airline Direct,IndiGo,HYD,DEL,HYD-DEL,0.105,2026-08-25,T+15,Economy,4270.0,900.0,420.0,250.0,5840.0,INR,Available,False
2026-08-10T10:30:00,2026-08-10,Airline Direct,IndiGo,HYD,DEL,HYD-DEL,0.105,2026-09-09,T+30,Economy,4090.0,860.0,480.0,250.0,5680.0,INR,Available,False
2026-08-10T10:30:00,2026-08-10,Airline Direct,IndiGo,HYD,DEL,HYD-DEL,0.105,2026-09-24,T+45,Economy,3500.0,690.0,400.0,250.0,4840.0,INR,Available,False
2026-08-10T10:30:00,2026-08-10,Airline Direct,Air India,HYD,DEL,HYD-DEL,0.105,2026-08-11,T+1,Economy,7490.0,1410.0,710.0,300.0,9910.0,INR,Available,False
2026-08-10T10:30:00,2026-08-10,Airline Direct,Air India,HYD,DEL,HYD-DEL,0.105,2026-08-17,T+7,Economy,5670.0,1050.0,550.0,300.0,7570.0,INR,Available,False
2026-08-10T10:30:00,2026-08-10,Airline Direct,Air India,HYD,DEL,HYD-DEL,0.105,2026-08-25,T+15,Economy,4940.0,1020.0,500.0,300.0,6760.0,INR,Available,False
2026-08-10T10:30:00,2026-08-10,Airline Direct,Air India,HYD,DEL,HYD-DEL,0.105,2026-09-09,T+30,Economy,3910.0,820.0,410.0,300.0,5440.0,INR,Available,False
2026-08-10T10:30:00,2026-08-10,Airline Direct,Air India,HYD,DEL,HYD-DEL,0.105,2026-09-24,T+45,Economy,3570.0,700.0,390.0,300.0,4960.0,INR,Available,False
2026-08-10T10:30:00,2026-08-10,OTA Aggregator,Air India Express,HYD,DEL,HYD-DEL,0.105,2026-08-11,T+1,Economy,6200.0,1130.0,590.0,300.0,8220.0,INR,Available,False
2026-08-10T10:30:00,2026-08-10,OTA Aggregator,Air India Express,HYD,DEL,HYD-DEL,0.105,2026-08-17,T+7,Economy,4860.0,890.0,520.0,300.0,6570.0,INR,Available,False
2026-08-10T10:30:00,2026-08-10,OTA Aggregator,Air India Express,HYD,DEL,HYD-DEL,0.105,2026-08-25,T+15,Economy,4190.0,890.0,460.0,300.0,5840.0,INR,Available,False
2026-08-10T10:30:00,2026-08-10,OTA Aggregator,Air India Express,HYD,DEL,HYD-DEL,0.105,2026-09-09,T+30,Economy,3590.0,800.0,390.0,300.0,5080.0,INR,Available,False
2026-08-10T10:30:00,2026-08-10,OTA Aggregator,Air India Express,HYD,DEL,HYD-DEL,0.105,2026-09-24,T+45,Economy,3170.0,700.0,350.0,300.0,4520.0,INR,Available,False
2026-08-10T10:30:00,2026-08-10,OTA Aggregator,Akasa Air,HYD,DEL,HYD-DEL,0.105,2026-08-11,T+1,Economy,6230.0,1110.0,590.0,300.0,8230.0,INR,Available,False
2026-08-10T10:30:00,2026-08-10,OTA Aggregator,Akasa Air,HYD,DEL,HYD-DEL,0.105,2026-08-17,T+7,Economy,4900.0,930.0,500.0,300.0,6630.0,INR,Available,False
2026-08-10T10:30:00,2026-08-10,OTA Aggregator,Akasa Air,HYD,DEL,HYD-DEL,0.105,2026-08-25,T+15,Economy,4230.0,900.0,400.0,300.0,5830.0,INR,Available,False
2026-08-10T10:30:00,2026-08-10,OTA Aggregator,Akasa Air,HYD,DEL,HYD-DEL,0.105,2026-09-09,T+30,Economy,3530.0,680.0,350.0,300.0,4860.0,INR,Available,False
2026-08-10T10:30:00,2026-08-10,OTA Aggregator,Akasa Air,HYD,DEL,HYD-DEL,0.105,2026-09-24,T+45,Economy,3350.0,710.0,330.0,300.0,4690.0,INR,Available,False
2026-08-10T10:30:00,2026-08-10,OTA Aggregator,SpiceJet,HYD,DEL,HYD-DEL,0.105,2026-08-11,T+1,Economy,6720.0,1310.0,670.0,250.0,8950.0,INR,Available,False
2026-08-10T10:30:00,2026-08-10,OTA Aggregator,SpiceJet,HYD,DEL,HYD-DEL,0.105,2026-08-17,T+7,Economy,4890.0,900.0,450.0,250.0,6490.0,INR,Available,False
2026-08-10T10:30:00,2026-08-10,OTA Aggregator,SpiceJet,HYD,DEL,HYD-DEL,0.105,2026-08-25,T+15,Economy,4290.0,830.0,410.0,250.0,5780.0,INR,Available,False
2026-08-10T10:30:00,2026-08-10,OTA Aggregator,SpiceJet,HYD,DEL,HYD-DEL,0.105,2026-09-09,T+30,Economy,3620.0,820.0,400.0,250.0,5090.0,INR,Available,False
2026-08-10T10:30:00,2026-08-10,OTA Aggregator,SpiceJet,HYD,DEL,HYD-DEL,0.105,2026-09-24,T+45,Economy,3240.0,740.0,380.0,250.0,4610.0,INR,Available,False
2026-08-11T10:30:00,2026-08-11,Airline Direct,IndiGo,DEL,BOM,DEL-BOM,0.182,2026-08-12,T+1,Economy,9520.0,1720.0,850.0,300.0,12390.0,INR,Available,False
2026-08-11T10:30:00,2026-08-11,Airline Direct,IndiGo,DEL,BOM,DEL-BOM,0.182,2026-08-18,T+7,Economy,7120.0,1390.0,650.0,300.0,9460.0,INR,Available,False
2026-08-11T10:30:00,2026-08-11,Airline Direct,IndiGo,DEL,BOM,DEL-BOM,0.182,2026-08-26,T+15,Economy,6250.0,1100.0,620.0,300.0,8270.0,INR,Available,False
2026-08-11T10:30:00,2026-08-11,Airline Direct,IndiGo,DEL,BOM,DEL-BOM,0.182,2026-09-10,T+30,Economy,5350.0,1060.0,560.0,300.0,7270.0,INR,Available,False
2026-08-11T10:30:00,2026-08-11,Airline Direct,IndiGo,DEL,BOM,DEL-BOM,0.182,2026-09-25,T+45,Economy,5180.0,950.0,530.0,300.0,6960.0,INR,Available,False
2026-08-11T10:30:00,2026-08-11,Airline Direct,Air India,DEL,BOM,DEL-BOM,0.182,2026-08-12,T+1,Economy,10630.0,1940.0,940.0,250.0,13760.0,INR,Available,False
2026-08-11T10:30:00,2026-08-11,Airline Direct,Air India,DEL,BOM,DEL-BOM,0.182,2026-08-18,T+7,Economy,7810.0,1470.0,740.0,250.0,10270.0,INR,Available,False
2026-08-11T10:30:00,2026-08-11,Airline Direct,Air India,DEL,BOM,DEL-BOM,0.182,2026-08-26,T+15,Economy,6590.0,1220.0,580.0,250.0,8640.0,INR,Available,False
2026-08-11T10:30:00,2026-08-11,Airline Direct,Air India,DEL,BOM,DEL-BOM,0.182,2026-09-10,T+30,Economy,5590.0,1130.0,560.0,250.0,7530.0,INR,Available,False
2026-08-11T10:30:00,2026-08-11,Airline Direct,Air India,DEL,BOM,DEL-BOM,0.182,2026-09-25,T+45,Economy,4870.0,930.0,490.0,250.0,6540.0,INR,Available,False
2026-08-11T10:30:00,2026-08-11,OTA Aggregator,Air India Express,DEL,BOM,DEL-BOM,0.182,2026-08-12,T+1,Economy,8550.0,1570.0,800.0,250.0,11170.0,INR,Available,False
2026-08-11T10:30:00,2026-08-11,OTA Aggregator,Air India Express,DEL,BOM,DEL-BOM,0.182,2026-08-18,T+7,Economy,6160.0,1190.0,570.0,250.0,8170.0,INR,Available,False
2026-08-11T10:30:00,2026-08-11,OTA Aggregator,Air India Express,DEL,BOM,DEL-BOM,0.182,2026-08-26,T+15,Economy,5540.0,1080.0,500.0,250.0,7370.0,INR,Available,False
2026-08-11T10:30:00,2026-08-11,OTA Aggregator,Air India Express,DEL,BOM,DEL-BOM,0.182,2026-09-10,T+30,Economy,4880.0,970.0,530.0,250.0,6630.0,INR,Available,False
2026-08-11T10:30:00,2026-08-11,OTA Aggregator,Air India Express,DEL,BOM,DEL-BOM,0.182,2026-09-25,T+45,Economy,4530.0,890.0,420.0,250.0,6090.0,INR,Available,False
2026-08-11T10:30:00,2026-08-11,OTA Aggregator,Akasa Air,DEL,BOM,DEL-BOM,0.182,2026-08-12,T+1,Economy,9140.0,1690.0,810.0,250.0,11890.0,INR,Available,False
2026-08-11T10:30:00,2026-08-11,OTA Aggregator,Akasa Air,DEL,BOM,DEL-BOM,0.182,2026-08-18,T+7,Economy,7100.0,1370.0,640.0,250.0,9360.0,INR,Available,False
2026-08-11T10:30:00,2026-08-11,OTA Aggregator,Akasa Air,DEL,BOM,DEL-BOM,0.182,2026-08-26,T+15,Economy,5760.0,1100.0,530.0,250.0,7640.0,INR,Available,False
2026-08-11T10:30:00,2026-08-11,OTA Aggregator,Akasa Air,DEL,BOM,DEL-BOM,0.182,2026-09-10,T+30,Economy,5150.0,930.0,550.0,250.0,6880.0,INR,Available,False
2026-08-11T10:30:00,2026-08-11,OTA Aggregator,Akasa Air,DEL,BOM,DEL-BOM,0.182,2026-09-25,T+45,Economy,4760.0,930.0,470.0,250.0,6410.0,INR,Available,False
2026-08-11T10:30:00,2026-08-11,OTA Aggregator,SpiceJet,DEL,BOM,DEL-BOM,0.182,2026-08-12,T+1,Economy,8750.0,1590.0,770.0,300.0,11410.0,INR,Available,False
2026-08-11T10:30:00,2026-08-11,OTA Aggregator,SpiceJet,DEL,BOM,DEL-BOM,0.182,2026-08-18,T+7,Economy,6990.0,1250.0,630.0,300.0,9170.0,INR,Available,False
2026-08-11T10:30:00,2026-08-11,OTA Aggregator,SpiceJet,DEL,BOM,DEL-BOM,0.182,2026-08-26,T+15,Economy,5960.0,1180.0,530.0,300.0,7970.0,INR,Available,False
2026-08-11T10:30:00,2026-08-11,OTA Aggregator,SpiceJet,DEL,BOM,DEL-BOM,0.182,2026-09-10,T+30,Economy,5050.0,920.0,510.0,300.0,6780.0,INR,Available,False
2026-08-11T10:30:00,2026-08-11,OTA Aggregator,SpiceJet,DEL,BOM,DEL-BOM,0.182,2026-09-25,T+45,Economy,4660.0,900.0,480.0,300.0,6340.0,INR,Available,False
2026-08-11T10:30:00,2026-08-11,Airline Direct,IndiGo,DEL,BLR,DEL-BLR,0.154,2026-08-12,T+1,Economy,9190.0,1570.0,860.0,300.0,11920.0,INR,Available,False
2026-08-11T10:30:00,2026-08-11,Airline Direct,IndiGo,DEL,BLR,DEL-BLR,0.154,2026-08-18,T+7,Economy,7140.0,1350.0,690.0,300.0,9480.0,INR,Available,False
2026-08-11T10:30:00,2026-08-11,Airline Direct,IndiGo,DEL,BLR,DEL-BLR,0.154,2026-08-26,T+15,Economy,6210.0,1120.0,580.0,300.0,8210.0,INR,Available,False
2026-08-11T10:30:00,2026-08-11,Airline Direct,IndiGo,DEL,BLR,DEL-BLR,0.154,2026-09-10,T+30,Economy,5230.0,1080.0,530.0,300.0,7140.0,INR,Available,False
2026-08-11T10:30:00,2026-08-11,Airline Direct,IndiGo,DEL,BLR,DEL-BLR,0.154,2026-09-25,T+45,Economy,4740.0,890.0,440.0,300.0,6370.0,INR,Available,False
2026-08-11T10:30:00,2026-08-11,Airline Direct,Air India,DEL,BLR,DEL-BLR,0.154,2026-08-12,T+1,Economy,9700.0,1770.0,900.0,250.0,12620.0,INR,Available,False
2026-08-11T10:30:00,2026-08-11,Airline Direct,Air India,DEL,BLR,DEL-BLR,0.154,2026-08-18,T+7,Economy,7730.0,1460.0,670.0,250.0,10110.0,INR,Available,False
2026-08-11T10:30:00,2026-08-11,Airline Direct,Air India,DEL,BLR,DEL-BLR,0.154,2026-08-26,T+15,Economy,6440.0,1170.0,630.0,250.0,8490.0,INR,Available,False
2026-08-11T10:30:00,2026-08-11,Airline Direct,Air India,DEL,BLR,DEL-BLR,0.154,2026-09-10,T+30,Economy,5570.0,1040.0,590.0,250.0,7450.0,INR,Available,False
2026-08-11T10:30:00,2026-08-11,Airline Direct,Air India,DEL,BLR,DEL-BLR,0.154,2026-09-25,T+45,Economy,5060.0,930.0,530.0,250.0,6770.0,INR,Available,False
2026-08-11T10:30:00,2026-08-11,OTA Aggregator,Air India Express,DEL,BLR,DEL-BLR,0.154,2026-08-12,T+1,Economy,8040.0,1420.0,740.0,250.0,10450.0,INR,Available,False
2026-08-11T10:30:00,2026-08-11,OTA Aggregator,Air India Express,DEL,BLR,DEL-BLR,0.154,2026-08-18,T+7,Economy,6400.0,1200.0,650.0,250.0,8500.0,INR,Available,False
2026-08-11T10:30:00,2026-08-11,OTA Aggregator,Air India Express,DEL,BLR,DEL-BLR,0.154,2026-08-26,T+15,Economy,5260.0,960.0,540.0,250.0,7010.0,INR,Available,False
2026-08-11T10:30:00,2026-08-11,OTA Aggregator,Air India Express,DEL,BLR,DEL-BLR,0.154,2026-09-10,T+30,Economy,4570.0,930.0,470.0,250.0,6220.0,INR,Available,False
2026-08-11T10:30:00,2026-08-11,OTA Aggregator,Air India Express,DEL,BLR,DEL-BLR,0.154,2026-09-25,T+45,Economy,4230.0,890.0,420.0,250.0,5790.0,INR,Available,False
2026-08-11T10:30:00,2026-08-11,OTA Aggregator,Akasa Air,DEL,BLR,DEL-BLR,0.154,2026-08-12,T+1,Economy,7710.0,1380.0,700.0,250.0,10040.0,INR,Available,False
2026-08-11T10:30:00,2026-08-11,OTA Aggregator,Akasa Air,DEL,BLR,DEL-BLR,0.154,2026-08-18,T+7,Economy,6170.0,1140.0,600.0,250.0,8160.0,INR,Available,False
2026-08-11T10:30:00,2026-08-11,OTA Aggregator,Akasa Air,DEL,BLR,DEL-BLR,0.154,2026-08-26,T+15,Economy,5550.0,1030.0,580.0,250.0,7410.0,INR,Available,False
2026-08-11T10:30:00,2026-08-11,OTA Aggregator,Akasa Air,DEL,BLR,DEL-BLR,0.154,2026-09-10,T+30,Economy,4740.0,870.0,490.0,250.0,6350.0,INR,Available,False
2026-08-11T10:30:00,2026-08-11,OTA Aggregator,Akasa Air,DEL,BLR,DEL-BLR,0.154,2026-09-25,T+45,Economy,4380.0,940.0,470.0,250.0,6040.0,INR,Available,False
2026-08-11T10:30:00,2026-08-11,OTA Aggregator,SpiceJet,DEL,BLR,DEL-BLR,0.154,2026-08-12,T+1,Economy,8670.0,1520.0,770.0,300.0,11260.0,INR,Available,False
2026-08-11T10:30:00,2026-08-11,OTA Aggregator,SpiceJet,DEL,BLR,DEL-BLR,0.154,2026-08-18,T+7,Economy,6540.0,1270.0,590.0,300.0,8700.0,INR,Available,False
2026-08-11T10:30:00,2026-08-11,OTA Aggregator,SpiceJet,DEL,BLR,DEL-BLR,0.154,2026-08-26,T+15,Economy,5420.0,990.0,550.0,300.0,7260.0,INR,Available,False
2026-08-11T10:30:00,2026-08-11,OTA Aggregator,SpiceJet,DEL,BLR,DEL-BLR,0.154,2026-09-10,T+30,Economy,4790.0,960.0,490.0,300.0,6540.0,INR,Available,False
2026-08-11T10:30:00,2026-08-11,OTA Aggregator,SpiceJet,DEL,BLR,DEL-BLR,0.154,2026-09-25,T+45,Economy,4650.0,950.0,490.0,300.0,6390.0,INR,Available,False
2026-08-11T10:30:00,2026-08-11,Airline Direct,IndiGo,BOM,BLR,BOM-BLR,0.127,2026-08-12,T+1,Economy,8950.0,1600.0,860.0,300.0,11710.0,INR,Available,True
2026-08-11T10:30:00,2026-08-11,Airline Direct,IndiGo,BOM,BLR,BOM-BLR,0.127,2026-08-18,T+7,Economy,5960.0,1140.0,610.0,300.0,8010.0,INR,Available,False
2026-08-11T10:30:00,2026-08-11,Airline Direct,IndiGo,BOM,BLR,BOM-BLR,0.127,2026-08-26,T+15,Economy,5130.0,1070.0,560.0,300.0,7060.0,INR,Available,False
2026-08-11T10:30:00,2026-08-11,Airline Direct,IndiGo,BOM,BLR,BOM-BLR,0.127,2026-09-10,T+30,Economy,4480.0,920.0,430.0,300.0,6130.0,INR,Available,False
2026-08-11T10:30:00,2026-08-11,Airline Direct,IndiGo,BOM,BLR,BOM-BLR,0.127,2026-09-25,T+45,Economy,3930.0,850.0,460.0,300.0,5540.0,INR,Available,False
2026-08-11T10:30:00,2026-08-11,Airline Direct,Air India,BOM,BLR,BOM-BLR,0.127,2026-08-12,T+1,Economy,8170.0,1500.0,750.0,250.0,10670.0,INR,Available,False
2026-08-11T10:30:00,2026-08-11,Airline Direct,Air India,BOM,BLR,BOM-BLR,0.127,2026-08-18,T+7,Economy,5870.0,1150.0,610.0,250.0,7880.0,INR,Available,False
2026-08-11T10:30:00,2026-08-11,Airline Direct,Air India,BOM,BLR,BOM-BLR,0.127,2026-08-26,T+15,Economy,5230.0,1080.0,490.0,250.0,7050.0,INR,Available,False
2026-08-11T10:30:00,2026-08-11,Airline Direct,Air India,BOM,BLR,BOM-BLR,0.127,2026-09-10,T+30,Economy,4710.0,890.0,430.0,250.0,6280.0,INR,Available,False
2026-08-11T10:30:00,2026-08-11,Airline Direct,Air India,BOM,BLR,BOM-BLR,0.127,2026-09-25,T+45,Economy,4360.0,840.0,490.0,250.0,5940.0,INR,Available,False
2026-08-11T10:30:00,2026-08-11,OTA Aggregator,Air India Express,BOM,BLR,BOM-BLR,0.127,2026-08-12,T+1,Economy,7260.0,1370.0,630.0,250.0,9510.0,INR,Available,False
2026-08-11T10:30:00,2026-08-11,OTA Aggregator,Air India Express,BOM,BLR,BOM-BLR,0.127,2026-08-18,T+7,Economy,5500.0,1040.0,550.0,250.0,7340.0,INR,Available,False
2026-08-11T10:30:00,2026-08-11,OTA Aggregator,Air India Express,BOM,BLR,BOM-BLR,0.127,2026-08-26,T+15,Economy,4590.0,870.0,480.0,250.0,6190.0,INR,Available,False
2026-08-11T10:30:00,2026-08-11,OTA Aggregator,Air India Express,BOM,BLR,BOM-BLR,0.127,2026-09-10,T+30,Economy,3910.0,790.0,420.0,250.0,5370.0,INR,Available,False
2026-08-11T10:30:00,2026-08-11,OTA Aggregator,Air India Express,BOM,BLR,BOM-BLR,0.127,2026-09-25,T+45,Economy,3610.0,800.0,440.0,250.0,5100.0,INR,Available,False
2026-08-11T10:30:00,2026-08-11,OTA Aggregator,Akasa Air,BOM,BLR,BOM-BLR,0.127,2026-08-12,T+1,Economy,7180.0,1290.0,690.0,250.0,9410.0,INR,Available,False
2026-08-11T10:30:00,2026-08-11,OTA Aggregator,Akasa Air,BOM,BLR,BOM-BLR,0.127,2026-08-18,T+7,Economy,5740.0,1040.0,610.0,250.0,7640.0,INR,Available,False
2026-08-11T10:30:00,2026-08-11,OTA Aggregator,Akasa Air,BOM,BLR,BOM-BLR,0.127,2026-08-26,T+15,Economy,4650.0,990.0,440.0,250.0,6330.0,INR,Available,False
2026-08-11T10:30:00,2026-08-11,OTA Aggregator,Akasa Air,BOM,BLR,BOM-BLR,0.127,2026-09-10,T+30,Economy,3960.0,770.0,450.0,250.0,5430.0,INR,Available,False
2026-08-11T10:30:00,2026-08-11,OTA Aggregator,Akasa Air,BOM,BLR,BOM-BLR,0.127,2026-09-25,T+45,Economy,3680.0,750.0,350.0,250.0,5030.0,INR,Available,False
2026-08-11T10:30:00,2026-08-11,OTA Aggregator,SpiceJet,BOM,BLR,BOM-BLR,0.127,2026-08-12,T+1,Economy,6930.0,1360.0,690.0,300.0,9280.0,INR,Available,False
2026-08-11T10:30:00,2026-08-11,OTA Aggregator,SpiceJet,BOM,BLR,BOM-BLR,0.127,2026-08-18,T+7,Economy,5930.0,1090.0,530.0,300.0,7850.0,INR,Available,False
2026-08-11T10:30:00,2026-08-11,OTA Aggregator,SpiceJet,BOM,BLR,BOM-BLR,0.127,2026-08-26,T+15,Economy,4870.0,950.0,520.0,300.0,6640.0,INR,Available,False
2026-08-11T10:30:00,2026-08-11,OTA Aggregator,SpiceJet,BOM,BLR,BOM-BLR,0.127,2026-09-10,T+30,Economy,4150.0,830.0,450.0,300.0,5730.0,INR,Available,False
2026-08-11T10:30:00,2026-08-11,OTA Aggregator,SpiceJet,BOM,BLR,BOM-BLR,0.127,2026-09-25,T+45,Economy,3700.0,750.0,410.0,300.0,5160.0,INR,Available,False
2026-08-11T10:30:00,2026-08-11,Airline Direct,IndiGo,DEL,CCU,DEL-CCU,0.113,2026-08-12,T+1,Economy,7290.0,1320.0,690.0,300.0,9600.0,INR,Available,False
2026-08-11T10:30:00,2026-08-11,Airline Direct,IndiGo,DEL,CCU,DEL-CCU,0.113,2026-08-18,T+7,Economy,5510.0,1100.0,530.0,300.0,7440.0,INR,Available,False
2026-08-11T10:30:00,2026-08-11,Airline Direct,IndiGo,DEL,CCU,DEL-CCU,0.113,2026-08-26,T+15,Economy,4720.0,970.0,490.0,300.0,6480.0,INR,Available,False
2026-08-11T10:30:00,2026-08-11,Airline Direct,IndiGo,DEL,CCU,DEL-CCU,0.113,2026-09-10,T+30,Economy,4060.0,840.0,440.0,300.0,5640.0,INR,Available,False
2026-08-11T10:30:00,2026-08-11,Airline Direct,IndiGo,DEL,CCU,DEL-CCU,0.113,2026-09-25,T+45,Economy,3880.0,780.0,370.0,300.0,5330.0,INR,Available,False
2026-08-11T10:30:00,2026-08-11,Airline Direct,Air India,DEL,CCU,DEL-CCU,0.113,2026-08-12,T+1,Economy,7630.0,1430.0,690.0,250.0,10000.0,INR,Available,False
2026-08-11T10:30:00,2026-08-11,Airline Direct,Air India,DEL,CCU,DEL-CCU,0.113,2026-08-18,T+7,Economy,6060.0,1150.0,550.0,250.0,8010.0,INR,Available,False
2026-08-11T10:30:00,2026-08-11,Airline Direct,Air India,DEL,CCU,DEL-CCU,0.113,2026-08-26,T+15,Economy,5030.0,1020.0,470.0,250.0,6770.0,INR,Available,False
2026-08-11T10:30:00,2026-08-11,Airline Direct,Air India,DEL,CCU,DEL-CCU,0.113,2026-09-10,T+30,Economy,4570.0,830.0,420.0,250.0,6070.0,INR,Available,False
2026-08-11T10:30:00,2026-08-11,Airline Direct,Air India,DEL,CCU,DEL-CCU,0.113,2026-09-25,T+45,Economy,3890.0,800.0,360.0,250.0,5300.0,INR,Available,False
2026-08-11T10:30:00,2026-08-11,OTA Aggregator,Air India Express,DEL,CCU,DEL-CCU,0.113,2026-08-12,T+1,Economy,7100.0,1340.0,660.0,250.0,9350.0,INR,Available,False
2026-08-11T10:30:00,2026-08-11,OTA Aggregator,Air India Express,DEL,CCU,DEL-CCU,0.113,2026-08-18,T+7,Economy,4920.0,1010.0,500.0,250.0,6680.0,INR,Available,False
2026-08-11T10:30:00,2026-08-11,OTA Aggregator,Air India Express,DEL,CCU,DEL-CCU,0.113,2026-08-26,T+15,Economy,4440.0,840.0,430.0,250.0,5960.0,INR,Available,False
2026-08-11T10:30:00,2026-08-11,OTA Aggregator,Air India Express,DEL,CCU,DEL-CCU,0.113,2026-09-10,T+30,Economy,3900.0,790.0,390.0,250.0,5330.0,INR,Available,False
2026-08-11T10:30:00,2026-08-11,OTA Aggregator,Air India Express,DEL,CCU,DEL-CCU,0.113,2026-09-25,T+45,Economy,3510.0,790.0,400.0,250.0,4950.0,INR,Available,False
2026-08-11T10:30:00,2026-08-11,OTA Aggregator,Akasa Air,DEL,CCU,DEL-CCU,0.113,2026-08-12,T+1,Economy,6560.0,1240.0,610.0,250.0,8660.0,INR,Available,False
2026-08-11T10:30:00,2026-08-11,OTA Aggregator,Akasa Air,DEL,CCU,DEL-CCU,0.113,2026-08-18,T+7,Economy,4660.0,990.0,470.0,250.0,6370.0,INR,Available,False
2026-08-11T10:30:00,2026-08-11,OTA Aggregator,Akasa Air,DEL,CCU,DEL-CCU,0.113,2026-08-26,T+15,Economy,4840.0,1010.0,520.0,250.0,6620.0,INR,Available,False
2026-08-11T10:30:00,2026-08-11,OTA Aggregator,Akasa Air,DEL,CCU,DEL-CCU,0.113,2026-09-10,T+30,Economy,3760.0,770.0,420.0,250.0,5200.0,INR,Available,False
2026-08-11T10:30:00,2026-08-11,OTA Aggregator,Akasa Air,DEL,CCU,DEL-CCU,0.113,2026-09-25,T+45,Economy,3500.0,690.0,380.0,250.0,4820.0,INR,Available,False
2026-08-11T10:30:00,2026-08-11,OTA Aggregator,SpiceJet,DEL,CCU,DEL-CCU,0.113,2026-08-12,T+1,Economy,7500.0,1440.0,680.0,300.0,9920.0,INR,Available,False
2026-08-11T10:30:00,2026-08-11,OTA Aggregator,SpiceJet,DEL,CCU,DEL-CCU,0.113,2026-08-18,T+7,Economy,5300.0,1040.0,530.0,300.0,7170.0,INR,Available,False
2026-08-11T10:30:00,2026-08-11,OTA Aggregator,SpiceJet,DEL,CCU,DEL-CCU,0.113,2026-08-26,T+15,Economy,4610.0,860.0,460.0,300.0,6230.0,INR,Available,False
2026-08-11T10:30:00,2026-08-11,OTA Aggregator,SpiceJet,DEL,CCU,DEL-CCU,0.113,2026-09-10,T+30,Economy,3960.0,800.0,440.0,300.0,5500.0,INR,Available,False
2026-08-11T10:30:00,2026-08-11,OTA Aggregator,SpiceJet,DEL,CCU,DEL-CCU,0.113,2026-09-25,T+45,Economy,3510.0,690.0,350.0,300.0,4850.0,INR,Available,False
2026-08-11T10:30:00,2026-08-11,Airline Direct,IndiGo,BLR,HYD,BLR-HYD,0.098,2026-08-12,T+1,Economy,5560.0,1050.0,550.0,300.0,7460.0,INR,Available,False
2026-08-11T10:30:00,2026-08-11,Airline Direct,IndiGo,BLR,HYD,BLR-HYD,0.098,2026-08-18,T+7,Economy,4160.0,780.0,480.0,300.0,5720.0,INR,Available,False
2026-08-11T10:30:00,2026-08-11,Airline Direct,IndiGo,BLR,HYD,BLR-HYD,0.098,2026-08-26,T+15,Economy,3410.0,730.0,330.0,300.0,4770.0,INR,Available,False
2026-08-11T10:30:00,2026-08-11,Airline Direct,IndiGo,BLR,HYD,BLR-HYD,0.098,2026-09-10,T+30,Economy,3200.0,760.0,320.0,300.0,4580.0,INR,Available,False
2026-08-11T10:30:00,2026-08-11,Airline Direct,IndiGo,BLR,HYD,BLR-HYD,0.098,2026-09-25,T+45,Economy,2720.0,640.0,350.0,300.0,4010.0,INR,Available,False
2026-08-11T10:30:00,2026-08-11,Airline Direct,Air India,BLR,HYD,BLR-HYD,0.098,2026-08-12,T+1,Economy,6000.0,1150.0,620.0,250.0,8020.0,INR,Available,False
2026-08-11T10:30:00,2026-08-11,Airline Direct,Air India,BLR,HYD,BLR-HYD,0.098,2026-08-18,T+7,Economy,4480.0,850.0,510.0,250.0,6090.0,INR,Available,False
2026-08-11T10:30:00,2026-08-11,Airline Direct,Air India,BLR,HYD,BLR-HYD,0.098,2026-08-26,T+15,Economy,3770.0,760.0,420.0,250.0,5200.0,INR,Available,False
2026-08-11T10:30:00,2026-08-11,Airline Direct,Air India,BLR,HYD,BLR-HYD,0.098,2026-09-10,T+30,Economy,3220.0,650.0,340.0,250.0,4460.0,INR,Available,False
2026-08-11T10:30:00,2026-08-11,Airline Direct,Air India,BLR,HYD,BLR-HYD,0.098,2026-09-25,T+45,Economy,3150.0,670.0,330.0,250.0,4400.0,INR,Available,False
2026-08-11T10:30:00,2026-08-11,OTA Aggregator,Air India Express,BLR,HYD,BLR-HYD,0.098,2026-08-12,T+1,Economy,4970.0,900.0,520.0,250.0,6640.0,INR,Available,False
2026-08-11T10:30:00,2026-08-11,OTA Aggregator,Air India Express,BLR,HYD,BLR-HYD,0.098,2026-08-18,T+7,Economy,3880.0,840.0,380.0,250.0,5350.0,INR,Available,False
2026-08-11T10:30:00,2026-08-11,OTA Aggregator,Air India Express,BLR,HYD,BLR-HYD,0.098,2026-08-26,T+15,Economy,3330.0,730.0,320.0,250.0,4630.0,INR,Available,False
2026-08-11T10:30:00,2026-08-11,OTA Aggregator,Air India Express,BLR,HYD,BLR-HYD,0.098,2026-09-10,T+30,Economy,2800.0,640.0,300.0,250.0,3990.0,INR,Available,False
2026-08-11T10:30:00,2026-08-11,OTA Aggregator,Air India Express,BLR,HYD,BLR-HYD,0.098,2026-09-25,T+45,Economy,2740.0,660.0,310.0,250.0,3960.0,INR,Available,False
2026-08-11T10:30:00,2026-08-11,OTA Aggregator,Akasa Air,BLR,HYD,BLR-HYD,0.098,2026-08-12,T+1,Economy,4980.0,960.0,530.0,250.0,6720.0,INR,Available,False
2026-08-11T10:30:00,2026-08-11,OTA Aggregator,Akasa Air,BLR,HYD,BLR-HYD,0.098,2026-08-18,T+7,Economy,4060.0,890.0,380.0,250.0,5580.0,INR,Available,False
2026-08-11T10:30:00,2026-08-11,OTA Aggregator,Akasa Air,BLR,HYD,BLR-HYD,0.098,2026-08-26,T+15,Economy,3340.0,770.0,400.0,250.0,4760.0,INR,Available,False
2026-08-11T10:30:00,2026-08-11,OTA Aggregator,Akasa Air,BLR,HYD,BLR-HYD,0.098,2026-09-10,T+30,Economy,2850.0,680.0,360.0,250.0,4140.0,INR,Available,False
2026-08-11T10:30:00,2026-08-11,OTA Aggregator,Akasa Air,BLR,HYD,BLR-HYD,0.098,2026-09-25,T+45,Economy,2730.0,580.0,360.0,250.0,3920.0,INR,Available,False
2026-08-11T10:30:00,2026-08-11,OTA Aggregator,SpiceJet,BLR,HYD,BLR-HYD,0.098,2026-08-12,T+1,Economy,5640.0,1000.0,600.0,300.0,7540.0,INR,Available,False
2026-08-11T10:30:00,2026-08-11,OTA Aggregator,SpiceJet,BLR,HYD,BLR-HYD,0.098,2026-08-18,T+7,Economy,4180.0,780.0,400.0,300.0,5660.0,INR,Available,False
2026-08-11T10:30:00,2026-08-11,OTA Aggregator,SpiceJet,BLR,HYD,BLR-HYD,0.098,2026-08-26,T+15,Economy,3420.0,790.0,390.0,300.0,4900.0,INR,Available,False
2026-08-11T10:30:00,2026-08-11,OTA Aggregator,SpiceJet,BLR,HYD,BLR-HYD,0.098,2026-09-10,T+30,Economy,2940.0,690.0,290.0,300.0,4220.0,INR,Available,False
2026-08-11T10:30:00,2026-08-11,OTA Aggregator,SpiceJet,BLR,HYD,BLR-HYD,0.098,2026-09-25,T+45,Economy,2540.0,580.0,260.0,300.0,3680.0,INR,Available,False
2026-08-11T10:30:00,2026-08-11,Airline Direct,IndiGo,MAA,DEL,MAA-DEL,0.086,2026-08-12,T+1,Economy,8730.0,1570.0,820.0,300.0,11420.0,INR,Available,False
2026-08-11T10:30:00,2026-08-11,Airline Direct,IndiGo,MAA,DEL,MAA-DEL,0.086,2026-08-18,T+7,Economy,6010.0,1160.0,550.0,300.0,8020.0,INR,Available,False
2026-08-11T10:30:00,2026-08-11,Airline Direct,IndiGo,MAA,DEL,MAA-DEL,0.086,2026-08-26,T+15,Economy,5330.0,1080.0,540.0,300.0,7250.0,INR,Available,False
2026-08-11T10:30:00,2026-08-11,Airline Direct,IndiGo,MAA,DEL,MAA-DEL,0.086,2026-09-10,T+30,Economy,4520.0,920.0,440.0,300.0,6180.0,INR,Available,False
2026-08-11T10:30:00,2026-08-11,Airline Direct,IndiGo,MAA,DEL,MAA-DEL,0.086,2026-09-25,T+45,Economy,4280.0,910.0,470.0,300.0,5960.0,INR,Available,False
2026-08-11T10:30:00,2026-08-11,Airline Direct,Air India,MAA,DEL,MAA-DEL,0.086,2026-08-12,T+1,Economy,8780.0,1620.0,770.0,250.0,11420.0,INR,Available,False
2026-08-11T10:30:00,2026-08-11,Airline Direct,Air India,MAA,DEL,MAA-DEL,0.086,2026-08-18,T+7,Economy,6870.0,1280.0,650.0,250.0,9050.0,INR,Available,False
2026-08-11T10:30:00,2026-08-11,Airline Direct,Air India,MAA,DEL,MAA-DEL,0.086,2026-08-26,T+15,Economy,5740.0,1150.0,590.0,250.0,7730.0,INR,Available,False
2026-08-11T10:30:00,2026-08-11,Airline Direct,Air India,MAA,DEL,MAA-DEL,0.086,2026-09-10,T+30,Economy,4870.0,890.0,450.0,250.0,6460.0,INR,Available,False
2026-08-11T10:30:00,2026-08-11,Airline Direct,Air India,MAA,DEL,MAA-DEL,0.086,2026-09-25,T+45,Economy,4710.0,870.0,500.0,250.0,6330.0,INR,Available,False
2026-08-11T10:30:00,2026-08-11,OTA Aggregator,Air India Express,MAA,DEL,MAA-DEL,0.086,2026-08-12,T+1,Economy,7380.0,1370.0,680.0,250.0,9680.0,INR,Available,False
2026-08-11T10:30:00,2026-08-11,OTA Aggregator,Air India Express,MAA,DEL,MAA-DEL,0.086,2026-08-18,T+7,Economy,5630.0,1100.0,520.0,250.0,7500.0,INR,Available,False
2026-08-11T10:30:00,2026-08-11,OTA Aggregator,Air India Express,MAA,DEL,MAA-DEL,0.086,2026-08-26,T+15,Economy,5040.0,1010.0,540.0,250.0,6840.0,INR,Available,False
2026-08-11T10:30:00,2026-08-11,OTA Aggregator,Air India Express,MAA,DEL,MAA-DEL,0.086,2026-09-10,T+30,Economy,4120.0,820.0,400.0,250.0,5590.0,INR,Available,False
2026-08-11T10:30:00,2026-08-11,OTA Aggregator,Air India Express,MAA,DEL,MAA-DEL,0.086,2026-09-25,T+45,Economy,3970.0,840.0,440.0,250.0,5500.0,INR,Available,False
2026-08-11T10:30:00,2026-08-11,OTA Aggregator,Akasa Air,MAA,DEL,MAA-DEL,0.086,2026-08-12,T+1,Economy,7650.0,1460.0,710.0,250.0,10070.0,INR,Available,False
2026-08-11T10:30:00,2026-08-11,OTA Aggregator,Akasa Air,MAA,DEL,MAA-DEL,0.086,2026-08-18,T+7,Economy,5690.0,1150.0,560.0,250.0,7650.0,INR,Available,False
2026-08-11T10:30:00,2026-08-11,OTA Aggregator,Akasa Air,MAA,DEL,MAA-DEL,0.086,2026-08-26,T+15,Economy,5210.0,1010.0,510.0,250.0,6980.0,INR,Available,False
2026-08-11T10:30:00,2026-08-11,OTA Aggregator,Akasa Air,MAA,DEL,MAA-DEL,0.086,2026-09-10,T+30,Economy,4320.0,860.0,480.0,250.0,5910.0,INR,Available,False
2026-08-11T10:30:00,2026-08-11,OTA Aggregator,Akasa Air,MAA,DEL,MAA-DEL,0.086,2026-09-25,T+45,Economy,3970.0,790.0,420.0,250.0,5430.0,INR,Available,False
2026-08-11T10:30:00,2026-08-11,OTA Aggregator,SpiceJet,MAA,DEL,MAA-DEL,0.086,2026-08-12,T+1,Economy,8120.0,1430.0,780.0,300.0,10630.0,INR,Available,False
2026-08-11T10:30:00,2026-08-11,OTA Aggregator,SpiceJet,MAA,DEL,MAA-DEL,0.086,2026-08-18,T+7,Economy,5580.0,1010.0,520.0,300.0,7410.0,INR,Available,False
2026-08-11T10:30:00,2026-08-11,OTA Aggregator,SpiceJet,MAA,DEL,MAA-DEL,0.086,2026-08-26,T+15,Economy,5100.0,1060.0,490.0,300.0,6950.0,INR,Available,False
2026-08-11T10:30:00,2026-08-11,OTA Aggregator,SpiceJet,MAA,DEL,MAA-DEL,0.086,2026-09-10,T+30,Economy,4440.0,860.0,410.0,300.0,6010.0,INR,Available,False
2026-08-11T10:30:00,2026-08-11,OTA Aggregator,SpiceJet,MAA,DEL,MAA-DEL,0.086,2026-09-25,T+45,Economy,3920.0,780.0,420.0,300.0,5420.0,INR,Available,False
2026-08-11T10:30:00,2026-08-11,Airline Direct,IndiGo,BOM,DEL,BOM-DEL,0.135,2026-08-12,T+1,Economy,8380.0,1590.0,760.0,300.0,11030.0,INR,Available,False
2026-08-11T10:30:00,2026-08-11,Airline Direct,IndiGo,BOM,DEL,BOM-DEL,0.135,2026-08-18,T+7,Economy,7150.0,1280.0,650.0,300.0,9380.0,INR,Available,False
2026-08-11T10:30:00,2026-08-11,Airline Direct,IndiGo,BOM,DEL,BOM-DEL,0.135,2026-08-26,T+15,Economy,6260.0,1130.0,620.0,300.0,8310.0,INR,Available,False
2026-08-11T10:30:00,2026-08-11,Airline Direct,IndiGo,BOM,DEL,BOM-DEL,0.135,2026-09-10,T+30,Economy,5110.0,920.0,500.0,300.0,6830.0,INR,Available,False
2026-08-11T10:30:00,2026-08-11,Airline Direct,IndiGo,BOM,DEL,BOM-DEL,0.135,2026-09-25,T+45,Economy,4640.0,930.0,440.0,300.0,6310.0,INR,Available,False
2026-08-11T10:30:00,2026-08-11,Airline Direct,Air India,BOM,DEL,BOM-DEL,0.135,2026-08-12,T+1,Economy,10150.0,1730.0,950.0,250.0,13080.0,INR,Available,False
2026-08-11T10:30:00,2026-08-11,Airline Direct,Air India,BOM,DEL,BOM-DEL,0.135,2026-08-18,T+7,Economy,7610.0,1370.0,730.0,250.0,9960.0,INR,Available,False
2026-08-11T10:30:00,2026-08-11,Airline Direct,Air India,BOM,DEL,BOM-DEL,0.135,2026-08-26,T+15,Economy,6350.0,1160.0,650.0,250.0,8410.0,INR,Available,False
2026-08-11T10:30:00,2026-08-11,Airline Direct,Air India,BOM,DEL,BOM-DEL,0.135,2026-09-10,T+30,Economy,5540.0,1060.0,500.0,250.0,7350.0,INR,Available,False
2026-08-11T10:30:00,2026-08-11,Airline Direct,Air India,BOM,DEL,BOM-DEL,0.135,2026-09-25,T+45,Economy,5100.0,950.0,550.0,250.0,6850.0,INR,Available,False
2026-08-11T10:30:00,2026-08-11,OTA Aggregator,Air India Express,BOM,DEL,BOM-DEL,0.135,2026-08-12,T+1,Economy,8290.0,1510.0,740.0,250.0,10790.0,INR,Available,False
2026-08-11T10:30:00,2026-08-11,OTA Aggregator,Air India Express,BOM,DEL,BOM-DEL,0.135,2026-08-18,T+7,Economy,6460.0,1240.0,630.0,250.0,8580.0,INR,Available,False
2026-08-11T10:30:00,2026-08-11,OTA Aggregator,Air India Express,BOM,DEL,BOM-DEL,0.135,2026-08-26,T+15,Economy,5390.0,980.0,480.0,250.0,7100.0,INR,Available,False
2026-08-11T10:30:00,2026-08-11,OTA Aggregator,Air India Express,BOM,DEL,BOM-DEL,0.135,2026-09-10,T+30,Economy,4770.0,1010.0,510.0,250.0,6540.0,INR,Available,False
2026-08-11T10:30:00,2026-08-11,OTA Aggregator,Air India Express,BOM,DEL,BOM-DEL,0.135,2026-09-25,T+45,Economy,4380.0,850.0,420.0,250.0,5900.0,INR,Available,False
2026-08-11T10:30:00,2026-08-11,OTA Aggregator,Akasa Air,BOM,DEL,BOM-DEL,0.135,2026-08-12,T+1,Economy,8930.0,1590.0,840.0,250.0,11610.0,INR,Available,False
2026-08-11T10:30:00,2026-08-11,OTA Aggregator,Akasa Air,BOM,DEL,BOM-DEL,0.135,2026-08-18,T+7,Economy,6360.0,1120.0,570.0,250.0,8300.0,INR,Available,False
2026-08-11T10:30:00,2026-08-11,OTA Aggregator,Akasa Air,BOM,DEL,BOM-DEL,0.135,2026-08-26,T+15,Economy,5590.0,1060.0,590.0,250.0,7490.0,INR,Available,False
2026-08-11T10:30:00,2026-08-11,OTA Aggregator,Akasa Air,BOM,DEL,BOM-DEL,0.135,2026-09-10,T+30,Economy,5050.0,980.0,490.0,250.0,6770.0,INR,Available,False
2026-08-11T10:30:00,2026-08-11,OTA Aggregator,Akasa Air,BOM,DEL,BOM-DEL,0.135,2026-09-25,T+45,Economy,4550.0,840.0,500.0,250.0,6140.0,INR,Available,False
2026-08-11T10:30:00,2026-08-11,OTA Aggregator,SpiceJet,BOM,DEL,BOM-DEL,0.135,2026-08-12,T+1,Economy,8500.0,1530.0,790.0,300.0,11120.0,INR,Available,False
2026-08-11T10:30:00,2026-08-11,OTA Aggregator,SpiceJet,BOM,DEL,BOM-DEL,0.135,2026-08-18,T+7,Economy,6800.0,1330.0,650.0,300.0,9080.0,INR,Available,False
2026-08-11T10:30:00,2026-08-11,OTA Aggregator,SpiceJet,BOM,DEL,BOM-DEL,0.135,2026-08-26,T+15,Economy,5570.0,1000.0,510.0,300.0,7380.0,INR,Available,False
2026-08-11T10:30:00,2026-08-11,OTA Aggregator,SpiceJet,BOM,DEL,BOM-DEL,0.135,2026-09-10,T+30,Economy,4960.0,900.0,520.0,300.0,6680.0,INR,Available,False
2026-08-11T10:30:00,2026-08-11,OTA Aggregator,SpiceJet,BOM,DEL,BOM-DEL,0.135,2026-09-25,T+45,Economy,4450.0,940.0,420.0,300.0,6110.0,INR,Available,False
2026-08-11T10:30:00,2026-08-11,Airline Direct,IndiGo,HYD,DEL,HYD-DEL,0.105,2026-08-12,T+1,Economy,6870.0,1240.0,640.0,300.0,9050.0,INR,Available,False
2026-08-11T10:30:00,2026-08-11,Airline Direct,IndiGo,HYD,DEL,HYD-DEL,0.105,2026-08-18,T+7,Economy,5210.0,990.0,570.0,300.0,7070.0,INR,Available,False
2026-08-11T10:30:00,2026-08-11,Airline Direct,IndiGo,HYD,DEL,HYD-DEL,0.105,2026-08-26,T+15,Economy,4190.0,780.0,400.0,300.0,5670.0,INR,Available,False
2026-08-11T10:30:00,2026-08-11,Airline Direct,IndiGo,HYD,DEL,HYD-DEL,0.105,2026-09-10,T+30,Economy,3890.0,730.0,440.0,300.0,5360.0,INR,Available,False
2026-08-11T10:30:00,2026-08-11,Airline Direct,IndiGo,HYD,DEL,HYD-DEL,0.105,2026-09-25,T+45,Economy,3500.0,740.0,380.0,300.0,4920.0,INR,Available,False
2026-08-11T10:30:00,2026-08-11,Airline Direct,Air India,HYD,DEL,HYD-DEL,0.105,2026-08-12,T+1,Economy,7000.0,1270.0,670.0,250.0,9190.0,INR,Available,False
2026-08-11T10:30:00,2026-08-11,Airline Direct,Air India,HYD,DEL,HYD-DEL,0.105,2026-08-18,T+7,Economy,5690.0,1040.0,520.0,250.0,7500.0,INR,Available,False
2026-08-11T10:30:00,2026-08-11,Airline Direct,Air India,HYD,DEL,HYD-DEL,0.105,2026-08-26,T+15,Economy,4910.0,930.0,460.0,250.0,6550.0,INR,Available,False
2026-08-11T10:30:00,2026-08-11,Airline Direct,Air India,HYD,DEL,HYD-DEL,0.105,2026-09-10,T+30,Economy,4270.0,810.0,460.0,250.0,5790.0,INR,Available,False
2026-08-11T10:30:00,2026-08-11,Airline Direct,Air India,HYD,DEL,HYD-DEL,0.105,2026-09-25,T+45,Economy,4010.0,880.0,440.0,250.0,5580.0,INR,Available,False
2026-08-11T10:30:00,2026-08-11,OTA Aggregator,Air India Express,HYD,DEL,HYD-DEL,0.105,2026-08-12,T+1,Economy,6370.0,1160.0,640.0,250.0,8420.0,INR,Available,False
2026-08-11T10:30:00,2026-08-11,OTA Aggregator,Air India Express,HYD,DEL,HYD-DEL,0.105,2026-08-18,T+7,Economy,4680.0,990.0,490.0,250.0,6410.0,INR,Available,False
2026-08-11T10:30:00,2026-08-11,OTA Aggregator,Air India Express,HYD,DEL,HYD-DEL,0.105,2026-08-26,T+15,Economy,4330.0,810.0,490.0,250.0,5880.0,INR,Available,False
2026-08-11T10:30:00,2026-08-11,OTA Aggregator,Air India Express,HYD,DEL,HYD-DEL,0.105,2026-09-10,T+30,Economy,3460.0,710.0,330.0,250.0,4750.0,INR,Available,False
2026-08-11T10:30:00,2026-08-11,OTA Aggregator,Air India Express,HYD,DEL,HYD-DEL,0.105,2026-09-25,T+45,Economy,3140.0,680.0,310.0,250.0,4380.0,INR,Available,False
2026-08-11T10:30:00,2026-08-11,OTA Aggregator,Akasa Air,HYD,DEL,HYD-DEL,0.105,2026-08-12,T+1,Economy,5990.0,1180.0,540.0,250.0,7960.0,INR,Available,False
2026-08-11T10:30:00,2026-08-11,OTA Aggregator,Akasa Air,HYD,DEL,HYD-DEL,0.105,2026-08-18,T+7,Economy,4720.0,910.0,460.0,250.0,6340.0,INR,Available,False
2026-08-11T10:30:00,2026-08-11,OTA Aggregator,Akasa Air,HYD,DEL,HYD-DEL,0.105,2026-08-26,T+15,Economy,4240.0,880.0,410.0,250.0,5780.0,INR,Available,False
2026-08-11T10:30:00,2026-08-11,OTA Aggregator,Akasa Air,HYD,DEL,HYD-DEL,0.105,2026-09-10,T+30,Economy,3580.0,730.0,350.0,250.0,4910.0,INR,Available,False
2026-08-11T10:30:00,2026-08-11,OTA Aggregator,Akasa Air,HYD,DEL,HYD-DEL,0.105,2026-09-25,T+45,Economy,3240.0,770.0,390.0,250.0,4650.0,INR,Available,False
2026-08-11T10:30:00,2026-08-11,OTA Aggregator,SpiceJet,HYD,DEL,HYD-DEL,0.105,2026-08-12,T+1,Economy,6570.0,1240.0,670.0,300.0,8780.0,INR,Available,False
2026-08-11T10:30:00,2026-08-11,OTA Aggregator,SpiceJet,HYD,DEL,HYD-DEL,0.105,2026-08-18,T+7,Economy,4790.0,920.0,520.0,300.0,6530.0,INR,Available,False
2026-08-11T10:30:00,2026-08-11,OTA Aggregator,SpiceJet,HYD,DEL,HYD-DEL,0.105,2026-08-26,T+15,Economy,4310.0,890.0,460.0,300.0,5960.0,INR,Available,False
2026-08-11T10:30:00,2026-08-11,OTA Aggregator,SpiceJet,HYD,DEL,HYD-DEL,0.105,2026-09-10,T+30,Economy,3930.0,840.0,430.0,300.0,5500.0,INR,Available,False
2026-08-11T10:30:00,2026-08-11,OTA Aggregator,SpiceJet,HYD,DEL,HYD-DEL,0.105,2026-09-25,T+45,Economy,3460.0,680.0,410.0,300.0,4850.0,INR,Available,False
2026-08-12T10:30:00,2026-08-12,Airline Direct,IndiGo,DEL,BOM,DEL-BOM,0.182,2026-08-13,T+1,Economy,9290.0,1610.0,830.0,250.0,11980.0,INR,Available,False
2026-08-12T10:30:00,2026-08-12,Airline Direct,IndiGo,DEL,BOM,DEL-BOM,0.182,2026-08-19,T+7,Economy,7340.0,1280.0,680.0,250.0,9550.0,INR,Available,False
2026-08-12T10:30:00,2026-08-12,Airline Direct,IndiGo,DEL,BOM,DEL-BOM,0.182,2026-08-27,T+15,Economy,6670.0,1270.0,670.0,250.0,8860.0,INR,Available,False
2026-08-12T10:30:00,2026-08-12,Airline Direct,IndiGo,DEL,BOM,DEL-BOM,0.182,2026-09-11,T+30,Economy,5560.0,1020.0,510.0,250.0,7340.0,INR,Available,False
2026-08-12T10:30:00,2026-08-12,Airline Direct,IndiGo,DEL,BOM,DEL-BOM,0.182,2026-09-26,T+45,Economy,4930.0,1040.0,530.0,250.0,6750.0,INR,Available,False
2026-08-12T10:30:00,2026-08-12,Airline Direct,Air India,DEL,BOM,DEL-BOM,0.182,2026-08-13,T+1,Economy,10260.0,1890.0,880.0,300.0,13330.0,INR,Available,False
2026-08-12T10:30:00,2026-08-12,Airline Direct,Air India,DEL,BOM,DEL-BOM,0.182,2026-08-19,T+7,Economy,8130.0,1450.0,790.0,300.0,10670.0,INR,Available,False
2026-08-12T10:30:00,2026-08-12,Airline Direct,Air India,DEL,BOM,DEL-BOM,0.182,2026-08-27,T+15,Economy,6370.0,1130.0,610.0,300.0,8410.0,INR,Available,False
2026-08-12T10:30:00,2026-08-12,Airline Direct,Air India,DEL,BOM,DEL-BOM,0.182,2026-09-11,T+30,Economy,6180.0,1130.0,580.0,300.0,8190.0,INR,Available,False
2026-08-12T10:30:00,2026-08-12,Airline Direct,Air India,DEL,BOM,DEL-BOM,0.182,2026-09-26,T+45,Economy,5550.0,1110.0,510.0,300.0,7470.0,INR,Available,False
2026-08-12T10:30:00,2026-08-12,OTA Aggregator,Air India Express,DEL,BOM,DEL-BOM,0.182,2026-08-13,T+1,Economy,8750.0,1610.0,770.0,300.0,11430.0,INR,Available,False
2026-08-12T10:30:00,2026-08-12,OTA Aggregator,Air India Express,DEL,BOM,DEL-BOM,0.182,2026-08-19,T+7,Economy,6990.0,1300.0,700.0,300.0,9290.0,INR,Available,False
2026-08-12T10:30:00,2026-08-12,OTA Aggregator,Air India Express,DEL,BOM,DEL-BOM,0.182,2026-08-27,T+15,Economy,5800.0,1100.0,530.0,300.0,7730.0,INR,Available,False
2026-08-12T10:30:00,2026-08-12,OTA Aggregator,Air India Express,DEL,BOM,DEL-BOM,0.182,2026-09-11,T+30,Economy,4950.0,950.0,540.0,300.0,6740.0,INR,Available,False
2026-08-12T10:30:00,2026-08-12,OTA Aggregator,Air India Express,DEL,BOM,DEL-BOM,0.182,2026-09-26,T+45,Economy,4690.0,980.0,460.0,300.0,6430.0,INR,Available,False
2026-08-12T10:30:00,2026-08-12,OTA Aggregator,Akasa Air,DEL,BOM,DEL-BOM,0.182,2026-08-13,T+1,Economy,8750.0,1610.0,780.0,300.0,11440.0,INR,Available,False
2026-08-12T10:30:00,2026-08-12,OTA Aggregator,Akasa Air,DEL,BOM,DEL-BOM,0.182,2026-08-19,T+7,Economy,6770.0,1260.0,670.0,300.0,9000.0,INR,Available,False
2026-08-12T10:30:00,2026-08-12,OTA Aggregator,Akasa Air,DEL,BOM,DEL-BOM,0.182,2026-08-27,T+15,Economy,6130.0,1140.0,580.0,300.0,8150.0,INR,Available,False
2026-08-12T10:30:00,2026-08-12,OTA Aggregator,Akasa Air,DEL,BOM,DEL-BOM,0.182,2026-09-11,T+30,Economy,4810.0,950.0,520.0,300.0,6580.0,INR,Available,False
2026-08-12T10:30:00,2026-08-12,OTA Aggregator,Akasa Air,DEL,BOM,DEL-BOM,0.182,2026-09-26,T+45,Economy,4440.0,860.0,460.0,300.0,6060.0,INR,Available,False
2026-08-12T10:30:00,2026-08-12,OTA Aggregator,SpiceJet,DEL,BOM,DEL-BOM,0.182,2026-08-13,T+1,Economy,8680.0,1630.0,820.0,250.0,11380.0,INR,Available,False
2026-08-12T10:30:00,2026-08-12,OTA Aggregator,SpiceJet,DEL,BOM,DEL-BOM,0.182,2026-08-19,T+7,Economy,7210.0,1340.0,690.0,250.0,9490.0,INR,Available,False
2026-08-12T10:30:00,2026-08-12,OTA Aggregator,SpiceJet,DEL,BOM,DEL-BOM,0.182,2026-08-27,T+15,Economy,5970.0,1130.0,580.0,250.0,7930.0,INR,Available,False
2026-08-12T10:30:00,2026-08-12,OTA Aggregator,SpiceJet,DEL,BOM,DEL-BOM,0.182,2026-09-11,T+30,Economy,5120.0,970.0,470.0,250.0,6810.0,INR,Available,False
2026-08-12T10:30:00,2026-08-12,OTA Aggregator,SpiceJet,DEL,BOM,DEL-BOM,0.182,2026-09-26,T+45,Economy,4620.0,850.0,420.0,250.0,6140.0,INR,Available,False
2026-08-12T10:30:00,2026-08-12,Airline Direct,IndiGo,DEL,BLR,DEL-BLR,0.154,2026-08-13,T+1,Economy,8160.0,1490.0,750.0,250.0,10650.0,INR,Available,False
2026-08-12T10:30:00,2026-08-12,Airline Direct,IndiGo,DEL,BLR,DEL-BLR,0.154,2026-08-19,T+7,Economy,7070.0,1260.0,630.0,250.0,9210.0,INR,Available,False
2026-08-12T10:30:00,2026-08-12,Airline Direct,IndiGo,DEL,BLR,DEL-BLR,0.154,2026-08-27,T+15,Economy,5680.0,1080.0,530.0,250.0,7540.0,INR,Available,False
2026-08-12T10:30:00,2026-08-12,Airline Direct,IndiGo,DEL,BLR,DEL-BLR,0.154,2026-09-11,T+30,Economy,5220.0,1030.0,550.0,250.0,7050.0,INR,Available,False
2026-08-12T10:30:00,2026-08-12,Airline Direct,IndiGo,DEL,BLR,DEL-BLR,0.154,2026-09-26,T+45,Economy,4470.0,880.0,410.0,250.0,6010.0,INR,Available,False
2026-08-12T10:30:00,2026-08-12,Airline Direct,Air India,DEL,BLR,DEL-BLR,0.154,2026-08-13,T+1,Economy,12700.0,2210.0,1070.0,300.0,16280.0,INR,Available,True
2026-08-12T10:30:00,2026-08-12,Airline Direct,Air India,DEL,BLR,DEL-BLR,0.154,2026-08-19,T+7,Economy,7610.0,1400.0,750.0,300.0,10060.0,INR,Available,False
2026-08-12T10:30:00,2026-08-12,Airline Direct,Air India,DEL,BLR,DEL-BLR,0.154,2026-08-27,T+15,Economy,6330.0,1180.0,650.0,300.0,8460.0,INR,Available,False
2026-08-12T10:30:00,2026-08-12,Airline Direct,Air India,DEL,BLR,DEL-BLR,0.154,2026-09-11,T+30,Economy,5590.0,1100.0,500.0,300.0,7490.0,INR,Available,False
2026-08-12T10:30:00,2026-08-12,Airline Direct,Air India,DEL,BLR,DEL-BLR,0.154,2026-09-26,T+45,Economy,4780.0,940.0,480.0,300.0,6500.0,INR,Available,False
2026-08-12T10:30:00,2026-08-12,OTA Aggregator,Air India Express,DEL,BLR,DEL-BLR,0.154,2026-08-13,T+1,Economy,8130.0,1450.0,720.0,300.0,10600.0,INR,Available,False
2026-08-12T10:30:00,2026-08-12,OTA Aggregator,Air India Express,DEL,BLR,DEL-BLR,0.154,2026-08-19,T+7,Economy,6610.0,1260.0,610.0,300.0,8780.0,INR,Available,False
2026-08-12T10:30:00,2026-08-12,OTA Aggregator,Air India Express,DEL,BLR,DEL-BLR,0.154,2026-08-27,T+15,Economy,5390.0,1100.0,570.0,300.0,7360.0,INR,Available,False
2026-08-12T10:30:00,2026-08-12,OTA Aggregator,Air India Express,DEL,BLR,DEL-BLR,0.154,2026-09-11,T+30,Economy,4800.0,1010.0,520.0,300.0,6630.0,INR,Available,False
2026-08-12T10:30:00,2026-08-12,OTA Aggregator,Air India Express,DEL,BLR,DEL-BLR,0.154,2026-09-26,T+45,Economy,4390.0,890.0,450.0,300.0,6030.0,INR,Available,False
2026-08-12T10:30:00,2026-08-12,OTA Aggregator,Akasa Air,DEL,BLR,DEL-BLR,0.154,2026-08-13,T+1,Economy,9010.0,1650.0,800.0,300.0,11760.0,INR,Available,False
2026-08-12T10:30:00,2026-08-12,OTA Aggregator,Akasa Air,DEL,BLR,DEL-BLR,0.154,2026-08-19,T+7,Economy,6300.0,1190.0,560.0,300.0,8350.0,INR,Available,False
2026-08-12T10:30:00,2026-08-12,OTA Aggregator,Akasa Air,DEL,BLR,DEL-BLR,0.154,2026-08-27,T+15,Economy,5790.0,1130.0,610.0,300.0,7830.0,INR,Available,False
2026-08-12T10:30:00,2026-08-12,OTA Aggregator,Akasa Air,DEL,BLR,DEL-BLR,0.154,2026-09-11,T+30,Economy,4700.0,890.0,480.0,300.0,6370.0,INR,Available,False
2026-08-12T10:30:00,2026-08-12,OTA Aggregator,Akasa Air,DEL,BLR,DEL-BLR,0.154,2026-09-26,T+45,Economy,4300.0,920.0,460.0,300.0,5980.0,INR,Available,False
2026-08-12T10:30:00,2026-08-12,OTA Aggregator,SpiceJet,DEL,BLR,DEL-BLR,0.154,2026-08-13,T+1,Economy,7980.0,1410.0,780.0,250.0,10420.0,INR,Available,False
2026-08-12T10:30:00,2026-08-12,OTA Aggregator,SpiceJet,DEL,BLR,DEL-BLR,0.154,2026-08-19,T+7,Economy,6320.0,1190.0,650.0,250.0,8410.0,INR,Available,False
2026-08-12T10:30:00,2026-08-12,OTA Aggregator,SpiceJet,DEL,BLR,DEL-BLR,0.154,2026-08-27,T+15,Economy,5400.0,970.0,520.0,250.0,7140.0,INR,Available,False
2026-08-12T10:30:00,2026-08-12,OTA Aggregator,SpiceJet,DEL,BLR,DEL-BLR,0.154,2026-09-11,T+30,Economy,4830.0,900.0,480.0,250.0,6460.0,INR,Available,False
2026-08-12T10:30:00,2026-08-12,OTA Aggregator,SpiceJet,DEL,BLR,DEL-BLR,0.154,2026-09-26,T+45,Economy,4660.0,900.0,510.0,250.0,6320.0,INR,Available,False
2026-08-12T10:30:00,2026-08-12,Airline Direct,IndiGo,BOM,BLR,BOM-BLR,0.127,2026-08-13,T+1,Economy,7560.0,1380.0,660.0,250.0,9850.0,INR,Available,False
2026-08-12T10:30:00,2026-08-12,Airline Direct,IndiGo,BOM,BLR,BOM-BLR,0.127,2026-08-19,T+7,Economy,6150.0,1120.0,590.0,250.0,8110.0,INR,Available,False
2026-08-12T10:30:00,2026-08-12,Airline Direct,IndiGo,BOM,BLR,BOM-BLR,0.127,2026-08-27,T+15,Economy,4830.0,960.0,510.0,250.0,6550.0,INR,Available,False
2026-08-12T10:30:00,2026-08-12,Airline Direct,IndiGo,BOM,BLR,BOM-BLR,0.127,2026-09-11,T+30,Economy,4450.0,950.0,490.0,250.0,6140.0,INR,Available,False
2026-08-12T10:30:00,2026-08-12,Airline Direct,IndiGo,BOM,BLR,BOM-BLR,0.127,2026-09-26,T+45,Economy,4180.0,850.0,440.0,250.0,5720.0,INR,Available,False
2026-08-12T10:30:00,2026-08-12,Airline Direct,Air India,BOM,BLR,BOM-BLR,0.127,2026-08-13,T+1,Economy,8180.0,1430.0,760.0,300.0,10670.0,INR,Available,False
2026-08-12T10:30:00,2026-08-12,Airline Direct,Air India,BOM,BLR,BOM-BLR,0.127,2026-08-19,T+7,Economy,6500.0,1290.0,620.0,300.0,8710.0,INR,Available,False
2026-08-12T10:30:00,2026-08-12,Airline Direct,Air India,BOM,BLR,BOM-BLR,0.127,2026-08-27,T+15,Economy,5790.0,1040.0,570.0,300.0,7700.0,INR,Available,False
2026-08-12T10:30:00,2026-08-12,Airline Direct,Air India,BOM,BLR,BOM-BLR,0.127,2026-09-11,T+30,Economy,4360.0,930.0,420.0,300.0,6010.0,INR,Available,False
2026-08-12T10:30:00,2026-08-12,Airline Direct,Air India,BOM,BLR,BOM-BLR,0.127,2026-09-26,T+45,Economy,4180.0,860.0,420.0,300.0,5760.0,INR,Available,False
2026-08-12T10:30:00,2026-08-12,OTA Aggregator,Air India Express,BOM,BLR,BOM-BLR,0.127,2026-08-13,T+1,Economy,6920.0,1310.0,700.0,300.0,9230.0,INR,Available,False
2026-08-12T10:30:00,2026-08-12,OTA Aggregator,Air India Express,BOM,BLR,BOM-BLR,0.127,2026-08-19,T+7,Economy,5290.0,990.0,550.0,300.0,7130.0,INR,Available,False
2026-08-12T10:30:00,2026-08-12,OTA Aggregator,Air India Express,BOM,BLR,BOM-BLR,0.127,2026-08-27,T+15,Economy,4570.0,840.0,510.0,300.0,6220.0,INR,Available,False
2026-08-12T10:30:00,2026-08-12,OTA Aggregator,Air India Express,BOM,BLR,BOM-BLR,0.127,2026-09-11,T+30,Economy,3880.0,840.0,430.0,300.0,5450.0,INR,Available,False
2026-08-12T10:30:00,2026-08-12,OTA Aggregator,Air India Express,BOM,BLR,BOM-BLR,0.127,2026-09-26,T+45,Economy,3710.0,840.0,420.0,300.0,5270.0,INR,Available,False
2026-08-12T10:30:00,2026-08-12,OTA Aggregator,Akasa Air,BOM,BLR,BOM-BLR,0.127,2026-08-13,T+1,Economy,7360.0,1360.0,650.0,300.0,9670.0,INR,Available,False
2026-08-12T10:30:00,2026-08-12,OTA Aggregator,Akasa Air,BOM,BLR,BOM-BLR,0.127,2026-08-19,T+7,Economy,5270.0,1030.0,520.0,300.0,7120.0,INR,Available,False
2026-08-12T10:30:00,2026-08-12,OTA Aggregator,Akasa Air,BOM,BLR,BOM-BLR,0.127,2026-08-27,T+15,Economy,4680.0,940.0,430.0,300.0,6350.0,INR,Available,False
2026-08-12T10:30:00,2026-08-12,OTA Aggregator,Akasa Air,BOM,BLR,BOM-BLR,0.127,2026-09-11,T+30,Economy,4050.0,890.0,410.0,300.0,5650.0,INR,Available,False
2026-08-12T10:30:00,2026-08-12,OTA Aggregator,Akasa Air,BOM,BLR,BOM-BLR,0.127,2026-09-26,T+45,Economy,3550.0,730.0,410.0,300.0,4990.0,INR,Available,False
2026-08-12T10:30:00,2026-08-12,OTA Aggregator,SpiceJet,BOM,BLR,BOM-BLR,0.127,2026-08-13,T+1,Economy,6850.0,1230.0,690.0,250.0,9020.0,INR,Available,False
2026-08-12T10:30:00,2026-08-12,OTA Aggregator,SpiceJet,BOM,BLR,BOM-BLR,0.127,2026-08-19,T+7,Economy,5750.0,1040.0,550.0,250.0,7590.0,INR,Available,False
2026-08-12T10:30:00,2026-08-12,OTA Aggregator,SpiceJet,BOM,BLR,BOM-BLR,0.127,2026-08-27,T+15,Economy,4650.0,860.0,470.0,250.0,6230.0,INR,Available,False
2026-08-12T10:30:00,2026-08-12,OTA Aggregator,SpiceJet,BOM,BLR,BOM-BLR,0.127,2026-09-11,T+30,Economy,4230.0,780.0,400.0,250.0,5660.0,INR,Available,False
2026-08-12T10:30:00,2026-08-12,OTA Aggregator,SpiceJet,BOM,BLR,BOM-BLR,0.127,2026-09-26,T+45,Economy,3890.0,860.0,450.0,250.0,5450.0,INR,Available,False
2026-08-12T10:30:00,2026-08-12,Airline Direct,IndiGo,DEL,CCU,DEL-CCU,0.113,2026-08-13,T+1,Economy,7340.0,1280.0,720.0,250.0,9590.0,INR,Available,False
2026-08-12T10:30:00,2026-08-12,Airline Direct,IndiGo,DEL,CCU,DEL-CCU,0.113,2026-08-19,T+7,Economy,5610.0,1070.0,520.0,250.0,7450.0,INR,Available,False
2026-08-12T10:30:00,2026-08-12,Airline Direct,IndiGo,DEL,CCU,DEL-CCU,0.113,2026-08-27,T+15,Economy,4790.0,990.0,510.0,250.0,6540.0,INR,Available,False
2026-08-12T10:30:00,2026-08-12,Airline Direct,IndiGo,DEL,CCU,DEL-CCU,0.113,2026-09-11,T+30,Economy,4000.0,860.0,390.0,250.0,5500.0,INR,Available,False
2026-08-12T10:30:00,2026-08-12,Airline Direct,IndiGo,DEL,CCU,DEL-CCU,0.113,2026-09-26,T+45,Economy,3680.0,700.0,440.0,250.0,5070.0,INR,Available,False
2026-08-12T10:30:00,2026-08-12,Airline Direct,Air India,DEL,CCU,DEL-CCU,0.113,2026-08-13,T+1,Economy,8030.0,1520.0,790.0,300.0,10640.0,INR,Available,False
2026-08-12T10:30:00,2026-08-12,Airline Direct,Air India,DEL,CCU,DEL-CCU,0.113,2026-08-19,T+7,Economy,5890.0,1040.0,530.0,300.0,7760.0,INR,Available,False
2026-08-12T10:30:00,2026-08-12,Airline Direct,Air India,DEL,CCU,DEL-CCU,0.113,2026-08-27,T+15,Economy,5230.0,1070.0,510.0,300.0,7110.0,INR,Available,False
2026-08-12T10:30:00,2026-08-12,Airline Direct,Air India,DEL,CCU,DEL-CCU,0.113,2026-09-11,T+30,Economy,4240.0,870.0,410.0,300.0,5820.0,INR,Available,False
2026-08-12T10:30:00,2026-08-12,Airline Direct,Air India,DEL,CCU,DEL-CCU,0.113,2026-09-26,T+45,Economy,4070.0,760.0,430.0,300.0,5560.0,INR,Available,False
2026-08-12T10:30:00,2026-08-12,OTA Aggregator,Air India Express,DEL,CCU,DEL-CCU,0.113,2026-08-13,T+1,Economy,6190.0,1110.0,590.0,300.0,8190.0,INR,Available,False
2026-08-12T10:30:00,2026-08-12,OTA Aggregator,Air India Express,DEL,CCU,DEL-CCU,0.113,2026-08-19,T+7,Economy,5140.0,1010.0,460.0,300.0,6910.0,INR,Available,False
2026-08-12T10:30:00,2026-08-12,OTA Aggregator,Air India Express,DEL,CCU,DEL-CCU,0.113,2026-08-27,T+15,Economy,4020.0,860.0,440.0,300.0,5620.0,INR,Available,False
2026-08-12T10:30:00,2026-08-12,OTA Aggregator,Air India Express,DEL,CCU,DEL-CCU,0.113,2026-09-11,T+30,Economy,3700.0,810.0,440.0,300.0,5250.0,INR,Available,False
2026-08-12T10:30:00,2026-08-12,OTA Aggregator,Air India Express,DEL,CCU,DEL-CCU,0.113,2026-09-26,T+45,Economy,3450.0,690.0,360.0,300.0,4800.0,INR,Available,False
2026-08-12T10:30:00,2026-08-12,OTA Aggregator,Akasa Air,DEL,CCU,DEL-CCU,0.113,2026-08-13,T+1,Economy,6810.0,1240.0,660.0,300.0,9010.0,INR,Available,False
2026-08-12T10:30:00,2026-08-12,OTA Aggregator,Akasa Air,DEL,CCU,DEL-CCU,0.113,2026-08-19,T+7,Economy,4970.0,980.0,490.0,300.0,6740.0,INR,Available,False
2026-08-12T10:30:00,2026-08-12,OTA Aggregator,Akasa Air,DEL,CCU,DEL-CCU,0.113,2026-08-27,T+15,Economy,4670.0,850.0,430.0,300.0,6250.0,INR,Available,False
2026-08-12T10:30:00,2026-08-12,OTA Aggregator,Akasa Air,DEL,CCU,DEL-CCU,0.113,2026-09-11,T+30,Economy,3580.0,800.0,340.0,300.0,5020.0,INR,Available,False
2026-08-12T10:30:00,2026-08-12,OTA Aggregator,Akasa Air,DEL,CCU,DEL-CCU,0.113,2026-09-26,T+45,Economy,3600.0,720.0,380.0,300.0,5000.0,INR,Available,False
2026-08-12T10:30:00,2026-08-12,OTA Aggregator,SpiceJet,DEL,CCU,DEL-CCU,0.113,2026-08-13,T+1,Economy,6940.0,1340.0,700.0,250.0,9230.0,INR,Available,False
2026-08-12T10:30:00,2026-08-12,OTA Aggregator,SpiceJet,DEL,CCU,DEL-CCU,0.113,2026-08-19,T+7,Economy,5240.0,1040.0,510.0,250.0,7040.0,INR,Available,False
2026-08-12T10:30:00,2026-08-12,OTA Aggregator,SpiceJet,DEL,CCU,DEL-CCU,0.113,2026-08-27,T+15,Economy,4560.0,900.0,420.0,250.0,6130.0,INR,Available,False
2026-08-12T10:30:00,2026-08-12,OTA Aggregator,SpiceJet,DEL,CCU,DEL-CCU,0.113,2026-09-11,T+30,Economy,4010.0,810.0,400.0,250.0,5470.0,INR,Available,False
2026-08-12T10:30:00,2026-08-12,OTA Aggregator,SpiceJet,DEL,CCU,DEL-CCU,0.113,2026-09-26,T+45,Economy,3540.0,720.0,420.0,250.0,4930.0,INR,Available,False
2026-08-12T10:30:00,2026-08-12,Airline Direct,IndiGo,BLR,HYD,BLR-HYD,0.098,2026-08-13,T+1,Economy,5270.0,980.0,560.0,250.0,7060.0,INR,Available,False
2026-08-12T10:30:00,2026-08-12,Airline Direct,IndiGo,BLR,HYD,BLR-HYD,0.098,2026-08-19,T+7,Economy,4330.0,880.0,450.0,250.0,5910.0,INR,Available,False
2026-08-12T10:30:00,2026-08-12,Airline Direct,IndiGo,BLR,HYD,BLR-HYD,0.098,2026-08-27,T+15,Economy,3360.0,760.0,370.0,250.0,4740.0,INR,Available,False
2026-08-12T10:30:00,2026-08-12,Airline Direct,IndiGo,BLR,HYD,BLR-HYD,0.098,2026-09-11,T+30,Economy,3240.0,640.0,320.0,250.0,4450.0,INR,Available,False
2026-08-12T10:30:00,2026-08-12,Airline Direct,IndiGo,BLR,HYD,BLR-HYD,0.098,2026-09-26,T+45,Economy,2930.0,620.0,370.0,250.0,4170.0,INR,Available,False
2026-08-12T10:30:00,2026-08-12,Airline Direct,Air India,BLR,HYD,BLR-HYD,0.098,2026-08-13,T+1,Economy,5880.0,1080.0,520.0,300.0,7780.0,INR,Available,False
2026-08-12T10:30:00,2026-08-12,Airline Direct,Air India,BLR,HYD,BLR-HYD,0.098,2026-08-19,T+7,Economy,4570.0,860.0,450.0,300.0,6180.0,INR,Available,False
2026-08-12T10:30:00,2026-08-12,Airline Direct,Air India,BLR,HYD,BLR-HYD,0.098,2026-08-27,T+15,Economy,3790.0,780.0,430.0,300.0,5300.0,INR,Available,False
2026-08-12T10:30:00,2026-08-12,Airline Direct,Air India,BLR,HYD,BLR-HYD,0.098,2026-09-11,T+30,Economy,3330.0,710.0,370.0,300.0,4710.0,INR,Available,False
2026-08-12T10:30:00,2026-08-12,Airline Direct,Air India,BLR,HYD,BLR-HYD,0.098,2026-09-26,T+45,Economy,2990.0,700.0,310.0,300.0,4300.0,INR,Available,False
2026-08-12T10:30:00,2026-08-12,OTA Aggregator,Air India Express,BLR,HYD,BLR-HYD,0.098,2026-08-13,T+1,Economy,5110.0,1020.0,500.0,300.0,6930.0,INR,Available,False
2026-08-12T10:30:00,2026-08-12,OTA Aggregator,Air India Express,BLR,HYD,BLR-HYD,0.098,2026-08-19,T+7,Economy,3990.0,760.0,440.0,300.0,5490.0,INR,Available,False
2026-08-12T10:30:00,2026-08-12,OTA Aggregator,Air India Express,BLR,HYD,BLR-HYD,0.098,2026-08-27,T+15,Economy,3540.0,720.0,420.0,300.0,4980.0,INR,Available,False
2026-08-12T10:30:00,2026-08-12,OTA Aggregator,Air India Express,BLR,HYD,BLR-HYD,0.098,2026-09-11,T+30,Economy,2900.0,650.0,290.0,300.0,4140.0,INR,Available,False
2026-08-12T10:30:00,2026-08-12,OTA Aggregator,Air India Express,BLR,HYD,BLR-HYD,0.098,2026-09-26,T+45,Economy,2770.0,660.0,320.0,300.0,4050.0,INR,Available,False
2026-08-12T10:30:00,2026-08-12,OTA Aggregator,Akasa Air,BLR,HYD,BLR-HYD,0.098,2026-08-13,T+1,Economy,5050.0,950.0,500.0,300.0,6800.0,INR,Available,False
2026-08-12T10:30:00,2026-08-12,OTA Aggregator,Akasa Air,BLR,HYD,BLR-HYD,0.098,2026-08-19,T+7,Economy,4050.0,760.0,460.0,300.0,5570.0,INR,Available,False
2026-08-12T10:30:00,2026-08-12,OTA Aggregator,Akasa Air,BLR,HYD,BLR-HYD,0.098,2026-08-27,T+15,Economy,3410.0,690.0,340.0,300.0,4740.0,INR,Available,False
2026-08-12T10:30:00,2026-08-12,OTA Aggregator,Akasa Air,BLR,HYD,BLR-HYD,0.098,2026-09-11,T+30,Economy,2870.0,600.0,310.0,300.0,4080.0,INR,Available,False
2026-08-12T10:30:00,2026-08-12,OTA Aggregator,Akasa Air,BLR,HYD,BLR-HYD,0.098,2026-09-26,T+45,Economy,2550.0,530.0,280.0,300.0,3660.0,INR,Available,False
2026-08-12T10:30:00,2026-08-12,OTA Aggregator,SpiceJet,BLR,HYD,BLR-HYD,0.098,2026-08-13,T+1,Economy,4920.0,1000.0,530.0,250.0,6700.0,INR,Available,False
2026-08-12T10:30:00,2026-08-12,OTA Aggregator,SpiceJet,BLR,HYD,BLR-HYD,0.098,2026-08-19,T+7,Economy,4310.0,900.0,430.0,250.0,5890.0,INR,Available,False
2026-08-12T10:30:00,2026-08-12,OTA Aggregator,SpiceJet,BLR,HYD,BLR-HYD,0.098,2026-08-27,T+15,Economy,3350.0,660.0,350.0,250.0,4610.0,INR,Available,False
2026-08-12T10:30:00,2026-08-12,OTA Aggregator,SpiceJet,BLR,HYD,BLR-HYD,0.098,2026-09-11,T+30,Economy,3030.0,710.0,320.0,250.0,4310.0,INR,Available,False
2026-08-12T10:30:00,2026-08-12,OTA Aggregator,SpiceJet,BLR,HYD,BLR-HYD,0.098,2026-09-26,T+45,Economy,2780.0,580.0,330.0,250.0,3940.0,INR,Available,False
2026-08-12T10:30:00,2026-08-12,Airline Direct,IndiGo,MAA,DEL,MAA-DEL,0.086,2026-08-13,T+1,Economy,8430.0,1550.0,750.0,250.0,10980.0,INR,Available,False
2026-08-12T10:30:00,2026-08-12,Airline Direct,IndiGo,MAA,DEL,MAA-DEL,0.086,2026-08-19,T+7,Economy,6200.0,1200.0,550.0,250.0,8200.0,INR,Available,False
2026-08-12T10:30:00,2026-08-12,Airline Direct,IndiGo,MAA,DEL,MAA-DEL,0.086,2026-08-27,T+15,Economy,5500.0,1040.0,530.0,250.0,7320.0,INR,Available,False
2026-08-12T10:30:00,2026-08-12,Airline Direct,IndiGo,MAA,DEL,MAA-DEL,0.086,2026-09-11,T+30,Economy,4530.0,940.0,430.0,250.0,6150.0,INR,Available,False
2026-08-12T10:30:00,2026-08-12,Airline Direct,IndiGo,MAA,DEL,MAA-DEL,0.086,2026-09-26,T+45,Economy,4300.0,890.0,470.0,250.0,5910.0,INR,Available,False
2026-08-12T10:30:00,2026-08-12,Airline Direct,Air India,MAA,DEL,MAA-DEL,0.086,2026-08-13,T+1,Economy,9300.0,1640.0,870.0,300.0,12110.0,INR,Available,False
2026-08-12T10:30:00,2026-08-12,Airline Direct,Air India,MAA,DEL,MAA-DEL,0.086,2026-08-19,T+7,Economy,6890.0,1250.0,660.0,300.0,9100.0,INR,Available,False
2026-08-12T10:30:00,2026-08-12,Airline Direct,Air India,MAA,DEL,MAA-DEL,0.086,2026-08-27,T+15,Economy,5650.0,1050.0,550.0,300.0,7550.0,INR,Available,False
2026-08-12T10:30:00,2026-08-12,Airline Direct,Air India,MAA,DEL,MAA-DEL,0.086,2026-09-11,T+30,Economy,5280.0,1070.0,570.0,300.0,7220.0,INR,Available,False
2026-08-12T10:30:00,2026-08-12,Airline Direct,Air India,MAA,DEL,MAA-DEL,0.086,2026-09-26,T+45,Economy,4960.0,1030.0,460.0,300.0,6750.0,INR,Available,False
2026-08-12T10:30:00,2026-08-12,OTA Aggregator,Air India Express,MAA,DEL,MAA-DEL,0.086,2026-08-13,T+1,Economy,7650.0,1430.0,740.0,300.0,10120.0,INR,Available,False
2026-08-12T10:30:00,2026-08-12,OTA Aggregator,Air India Express,MAA,DEL,MAA-DEL,0.086,2026-08-19,T+7,Economy,5730.0,1030.0,550.0,300.0,7610.0,INR,Available,False
2026-08-12T10:30:00,2026-08-12,OTA Aggregator,Air India Express,MAA,DEL,MAA-DEL,0.086,2026-08-27,T+15,Economy,5120.0,950.0,490.0,300.0,6860.0,INR,Available,False
2026-08-12T10:30:00,2026-08-12,OTA Aggregator,Air India Express,MAA,DEL,MAA-DEL,0.086,2026-09-11,T+30,Economy,4250.0,870.0,400.0,300.0,5820.0,INR,Available,False
2026-08-12T10:30:00,2026-08-12,OTA Aggregator,Air India Express,MAA,DEL,MAA-DEL,0.086,2026-09-26,T+45,Economy,4110.0,810.0,390.0,300.0,5610.0,INR,Available,False
2026-08-12T10:30:00,2026-08-12,OTA Aggregator,Akasa Air,MAA,DEL,MAA-DEL,0.086,2026-08-13,T+1,Economy,7260.0,1310.0,650.0,300.0,9520.0,INR,Available,False
2026-08-12T10:30:00,2026-08-12,OTA Aggregator,Akasa Air,MAA,DEL,MAA-DEL,0.086,2026-08-19,T+7,Economy,5870.0,1120.0,610.0,300.0,7900.0,INR,Available,False
2026-08-12T10:30:00,2026-08-12,OTA Aggregator,Akasa Air,MAA,DEL,MAA-DEL,0.086,2026-08-27,T+15,Economy,5070.0,1040.0,500.0,300.0,6910.0,INR,Available,False
2026-08-12T10:30:00,2026-08-12,OTA Aggregator,Akasa Air,MAA,DEL,MAA-DEL,0.086,2026-09-11,T+30,Economy,4230.0,930.0,460.0,300.0,5920.0,INR,Available,False
2026-08-12T10:30:00,2026-08-12,OTA Aggregator,Akasa Air,MAA,DEL,MAA-DEL,0.086,2026-09-26,T+45,Economy,3800.0,790.0,380.0,300.0,5270.0,INR,Available,False
2026-08-12T10:30:00,2026-08-12,OTA Aggregator,SpiceJet,MAA,DEL,MAA-DEL,0.086,2026-08-13,T+1,Economy,7640.0,1320.0,710.0,250.0,9920.0,INR,Available,False
2026-08-12T10:30:00,2026-08-12,OTA Aggregator,SpiceJet,MAA,DEL,MAA-DEL,0.086,2026-08-19,T+7,Economy,6090.0,1220.0,570.0,250.0,8130.0,INR,Available,False
2026-08-12T10:30:00,2026-08-12,OTA Aggregator,SpiceJet,MAA,DEL,MAA-DEL,0.086,2026-08-27,T+15,Economy,5360.0,1000.0,490.0,250.0,7100.0,INR,Available,False
2026-08-12T10:30:00,2026-08-12,OTA Aggregator,SpiceJet,MAA,DEL,MAA-DEL,0.086,2026-09-11,T+30,Economy,4390.0,920.0,490.0,250.0,6050.0,INR,Available,False
2026-08-12T10:30:00,2026-08-12,OTA Aggregator,SpiceJet,MAA,DEL,MAA-DEL,0.086,2026-09-26,T+45,Economy,4000.0,890.0,390.0,250.0,5530.0,INR,Available,False
2026-08-12T10:30:00,2026-08-12,Airline Direct,IndiGo,BOM,DEL,BOM-DEL,0.135,2026-08-13,T+1,Economy,8950.0,1660.0,830.0,250.0,11690.0,INR,Available,False
2026-08-12T10:30:00,2026-08-12,Airline Direct,IndiGo,BOM,DEL,BOM-DEL,0.135,2026-08-19,T+7,Economy,7180.0,1270.0,670.0,250.0,9370.0,INR,Available,False
2026-08-12T10:30:00,2026-08-12,Airline Direct,IndiGo,BOM,DEL,BOM-DEL,0.135,2026-08-27,T+15,Economy,6160.0,1150.0,640.0,250.0,8200.0,INR,Available,False
2026-08-12T10:30:00,2026-08-12,Airline Direct,IndiGo,BOM,DEL,BOM-DEL,0.135,2026-09-11,T+30,Economy,5010.0,910.0,490.0,250.0,6660.0,INR,Available,False
2026-08-12T10:30:00,2026-08-12,Airline Direct,IndiGo,BOM,DEL,BOM-DEL,0.135,2026-09-26,T+45,Economy,4870.0,930.0,510.0,250.0,6560.0,INR,Available,False
2026-08-12T10:30:00,2026-08-12,Airline Direct,Air India,BOM,DEL,BOM-DEL,0.135,2026-08-13,T+1,Economy,8560.0,1610.0,820.0,300.0,11290.0,INR,Available,False
2026-08-12T10:30:00,2026-08-12,Airline Direct,Air India,BOM,DEL,BOM-DEL,0.135,2026-08-19,T+7,Economy,7590.0,1440.0,690.0,300.0,10020.0,INR,Available,False
2026-08-12T10:30:00,2026-08-12,Airline Direct,Air India,BOM,DEL,BOM-DEL,0.135,2026-08-27,T+15,Economy,6690.0,1230.0,620.0,300.0,8840.0,INR,Available,False
2026-08-12T10:30:00,2026-08-12,Airline Direct,Air India,BOM,DEL,BOM-DEL,0.135,2026-09-11,T+30,Economy,5240.0,1080.0,500.0,300.0,7120.0,INR,Available,False
2026-08-12T10:30:00,2026-08-12,Airline Direct,Air India,BOM,DEL,BOM-DEL,0.135,2026-09-26,T+45,Economy,5090.0,930.0,510.0,300.0,6830.0,INR,Available,False
2026-08-12T10:30:00,2026-08-12,OTA Aggregator,Air India Express,BOM,DEL,BOM-DEL,0.135,2026-08-13,T+1,Economy,8280.0,1540.0,790.0,300.0,10910.0,INR,Available,False
2026-08-12T10:30:00,2026-08-12,OTA Aggregator,Air India Express,BOM,DEL,BOM-DEL,0.135,2026-08-19,T+7,Economy,6090.0,1140.0,570.0,300.0,8100.0,INR,Available,False
2026-08-12T10:30:00,2026-08-12,OTA Aggregator,Air India Express,BOM,DEL,BOM-DEL,0.135,2026-08-27,T+15,Economy,5680.0,1020.0,510.0,300.0,7510.0,INR,Available,False
2026-08-12T10:30:00,2026-08-12,OTA Aggregator,Air India Express,BOM,DEL,BOM-DEL,0.135,2026-09-11,T+30,Economy,4640.0,960.0,470.0,300.0,6370.0,INR,Available,False
2026-08-12T10:30:00,2026-08-12,OTA Aggregator,Air India Express,BOM,DEL,BOM-DEL,0.135,2026-09-26,T+45,Economy,4330.0,930.0,480.0,300.0,6040.0,INR,Available,False
2026-08-12T10:30:00,2026-08-12,OTA Aggregator,Akasa Air,BOM,DEL,BOM-DEL,0.135,2026-08-13,T+1,Economy,8360.0,1510.0,770.0,300.0,10940.0,INR,Available,False
2026-08-12T10:30:00,2026-08-12,OTA Aggregator,Akasa Air,BOM,DEL,BOM-DEL,0.135,2026-08-19,T+7,Economy,6710.0,1200.0,610.0,300.0,8820.0,INR,Available,False
2026-08-12T10:30:00,2026-08-12,OTA Aggregator,Akasa Air,BOM,DEL,BOM-DEL,0.135,2026-08-27,T+15,Economy,5490.0,1080.0,530.0,300.0,7400.0,INR,Available,False
2026-08-12T10:30:00,2026-08-12,OTA Aggregator,Akasa Air,BOM,DEL,BOM-DEL,0.135,2026-09-11,T+30,Economy,5010.0,1040.0,470.0,300.0,6820.0,INR,Available,False
2026-08-12T10:30:00,2026-08-12,OTA Aggregator,Akasa Air,BOM,DEL,BOM-DEL,0.135,2026-09-26,T+45,Economy,4480.0,870.0,470.0,300.0,6120.0,INR,Available,False
2026-08-12T10:30:00,2026-08-12,OTA Aggregator,SpiceJet,BOM,DEL,BOM-DEL,0.135,2026-08-13,T+1,Economy,8290.0,1440.0,740.0,250.0,10720.0,INR,Available,False
2026-08-12T10:30:00,2026-08-12,OTA Aggregator,SpiceJet,BOM,DEL,BOM-DEL,0.135,2026-08-19,T+7,Economy,6200.0,1230.0,640.0,250.0,8320.0,INR,Available,False
2026-08-12T10:30:00,2026-08-12,OTA Aggregator,SpiceJet,BOM,DEL,BOM-DEL,0.135,2026-08-27,T+15,Economy,5930.0,1090.0,620.0,250.0,7890.0,INR,Available,False
2026-08-12T10:30:00,2026-08-12,OTA Aggregator,SpiceJet,BOM,DEL,BOM-DEL,0.135,2026-09-11,T+30,Economy,4710.0,950.0,430.0,250.0,6340.0,INR,Available,False
2026-08-12T10:30:00,2026-08-12,OTA Aggregator,SpiceJet,BOM,DEL,BOM-DEL,0.135,2026-09-26,T+45,Economy,4580.0,880.0,460.0,250.0,6170.0,INR,Available,False
2026-08-12T10:30:00,2026-08-12,Airline Direct,IndiGo,HYD,DEL,HYD-DEL,0.105,2026-08-13,T+1,Economy,6600.0,1240.0,670.0,250.0,8760.0,INR,Available,False
2026-08-12T10:30:00,2026-08-12,Airline Direct,IndiGo,HYD,DEL,HYD-DEL,0.105,2026-08-19,T+7,Economy,5080.0,1010.0,490.0,250.0,6830.0,INR,Available,False
2026-08-12T10:30:00,2026-08-12,Airline Direct,IndiGo,HYD,DEL,HYD-DEL,0.105,2026-08-27,T+15,Economy,4470.0,940.0,450.0,250.0,6110.0,INR,Available,False
2026-08-12T10:30:00,2026-08-12,Airline Direct,IndiGo,HYD,DEL,HYD-DEL,0.105,2026-09-11,T+30,Economy,3810.0,820.0,380.0,250.0,5260.0,INR,Available,False
2026-08-12T10:30:00,2026-08-12,Airline Direct,IndiGo,HYD,DEL,HYD-DEL,0.105,2026-09-26,T+45,Economy,3510.0,780.0,350.0,250.0,4890.0,INR,Available,False
2026-08-12T10:30:00,2026-08-12,Airline Direct,Air India,HYD,DEL,HYD-DEL,0.105,2026-08-13,T+1,Economy,7240.0,1400.0,650.0,300.0,9590.0,INR,Available,False
2026-08-12T10:30:00,2026-08-12,Airline Direct,Air India,HYD,DEL,HYD-DEL,0.105,2026-08-19,T+7,Economy,5270.0,1000.0,490.0,300.0,7060.0,INR,Available,False
2026-08-12T10:30:00,2026-08-12,Airline Direct,Air India,HYD,DEL,HYD-DEL,0.105,2026-08-27,T+15,Economy,4300.0,920.0,490.0,300.0,6010.0,INR,Available,False
2026-08-12T10:30:00,2026-08-12,Airline Direct,Air India,HYD,DEL,HYD-DEL,0.105,2026-09-11,T+30,Economy,4310.0,850.0,440.0,300.0,5900.0,INR,Available,False
2026-08-12T10:30:00,2026-08-12,Airline Direct,Air India,HYD,DEL,HYD-DEL,0.105,2026-09-26,T+45,Economy,3660.0,720.0,350.0,300.0,5030.0,INR,Available,False
2026-08-12T10:30:00,2026-08-12,OTA Aggregator,Air India Express,HYD,DEL,HYD-DEL,0.105,2026-08-13,T+1,Economy,6160.0,1120.0,550.0,300.0,8130.0,INR,Available,False
2026-08-12T10:30:00,2026-08-12,OTA Aggregator,Air India Express,HYD,DEL,HYD-DEL,0.105,2026-08-19,T+7,Economy,4940.0,1020.0,490.0,300.0,6750.0,INR,Available,False
2026-08-12T10:30:00,2026-08-12,OTA Aggregator,Air India Express,HYD,DEL,HYD-DEL,0.105,2026-08-27,T+15,Economy,4020.0,810.0,470.0,300.0,5600.0,INR,Available,False
2026-08-12T10:30:00,2026-08-12,OTA Aggregator,Air India Express,HYD,DEL,HYD-DEL,0.105,2026-09-11,T+30,Economy,3500.0,700.0,350.0,300.0,4850.0,INR,Available,False
2026-08-12T10:30:00,2026-08-12,OTA Aggregator,Air India Express,HYD,DEL,HYD-DEL,0.105,2026-09-26,T+45,Economy,3210.0,670.0,400.0,300.0,4580.0,INR,Available,False
2026-08-12T10:30:00,2026-08-12,OTA Aggregator,Akasa Air,HYD,DEL,HYD-DEL,0.105,2026-08-13,T+1,Economy,6080.0,1080.0,560.0,300.0,8020.0,INR,Available,False
2026-08-12T10:30:00,2026-08-12,OTA Aggregator,Akasa Air,HYD,DEL,HYD-DEL,0.105,2026-08-19,T+7,Economy,5230.0,1020.0,530.0,300.0,7080.0,INR,Available,False
2026-08-12T10:30:00,2026-08-12,OTA Aggregator,Akasa Air,HYD,DEL,HYD-DEL,0.105,2026-08-27,T+15,Economy,4180.0,870.0,450.0,300.0,5800.0,INR,Available,False
2026-08-12T10:30:00,2026-08-12,OTA Aggregator,Akasa Air,HYD,DEL,HYD-DEL,0.105,2026-09-11,T+30,Economy,3590.0,770.0,370.0,300.0,5030.0,INR,Available,False
2026-08-12T10:30:00,2026-08-12,OTA Aggregator,Akasa Air,HYD,DEL,HYD-DEL,0.105,2026-09-26,T+45,Economy,3340.0,650.0,410.0,300.0,4700.0,INR,Available,False
2026-08-12T10:30:00,2026-08-12,OTA Aggregator,SpiceJet,HYD,DEL,HYD-DEL,0.105,2026-08-13,T+1,Economy,6330.0,1160.0,630.0,250.0,8370.0,INR,Available,False
2026-08-12T10:30:00,2026-08-12,OTA Aggregator,SpiceJet,HYD,DEL,HYD-DEL,0.105,2026-08-19,T+7,Economy,4690.0,970.0,510.0,250.0,6420.0,INR,Available,False
2026-08-12T10:30:00,2026-08-12,OTA Aggregator,SpiceJet,HYD,DEL,HYD-DEL,0.105,2026-08-27,T+15,Economy,4280.0,890.0,400.0,250.0,5820.0,INR,Available,False
2026-08-12T10:30:00,2026-08-12,OTA Aggregator,SpiceJet,HYD,DEL,HYD-DEL,0.105,2026-09-11,T+30,Economy,3920.0,750.0,390.0,250.0,5310.0,INR,Available,False
2026-08-12T10:30:00,2026-08-12,OTA Aggregator,SpiceJet,HYD,DEL,HYD-DEL,0.105,2026-09-26,T+45,Economy,3470.0,790.0,330.0,250.0,4840.0,INR,Available,False
2026-08-13T10:30:00,2026-08-13,Airline Direct,IndiGo,DEL,BOM,DEL-BOM,0.182,2026-08-14,T+1,Economy,9410.0,1610.0,880.0,300.0,12200.0,INR,Available,False
2026-08-13T10:30:00,2026-08-13,Airline Direct,IndiGo,DEL,BOM,DEL-BOM,0.182,2026-08-20,T+7,Economy,7720.0,1390.0,720.0,300.0,10130.0,INR,Available,False
2026-08-13T10:30:00,2026-08-13,Airline Direct,IndiGo,DEL,BOM,DEL-BOM,0.182,2026-08-28,T+15,Economy,6480.0,1280.0,620.0,300.0,8680.0,INR,Available,False
2026-08-13T10:30:00,2026-08-13,Airline Direct,IndiGo,DEL,BOM,DEL-BOM,0.182,2026-09-12,T+30,Economy,5600.0,1060.0,590.0,300.0,7550.0,INR,Available,False
2026-08-13T10:30:00,2026-08-13,Airline Direct,IndiGo,DEL,BOM,DEL-BOM,0.182,2026-09-27,T+45,Economy,4740.0,880.0,510.0,300.0,6430.0,INR,Available,False
2026-08-13T10:30:00,2026-08-13,Airline Direct,Air India,DEL,BOM,DEL-BOM,0.182,2026-08-14,T+1,Economy,10570.0,1890.0,940.0,250.0,13650.0,INR,Available,False
2026-08-13T10:30:00,2026-08-13,Airline Direct,Air India,DEL,BOM,DEL-BOM,0.182,2026-08-20,T+7,Economy,8000.0,1390.0,730.0,250.0,10370.0,INR,Available,False
2026-08-13T10:30:00,2026-08-13,Airline Direct,Air India,DEL,BOM,DEL-BOM,0.182,2026-08-28,T+15,Economy,6420.0,1210.0,610.0,250.0,8490.0,INR,Available,False
2026-08-13T10:30:00,2026-08-13,Airline Direct,Air India,DEL,BOM,DEL-BOM,0.182,2026-09-12,T+30,Economy,5980.0,1170.0,530.0,250.0,7930.0,INR,Available,False
2026-08-13T10:30:00,2026-08-13,Airline Direct,Air India,DEL,BOM,DEL-BOM,0.182,2026-09-27,T+45,Economy,5470.0,1000.0,540.0,250.0,7260.0,INR,Available,False
2026-08-13T10:30:00,2026-08-13,OTA Aggregator,Air India Express,DEL,BOM,DEL-BOM,0.182,2026-08-14,T+1,Economy,8560.0,1540.0,750.0,250.0,11100.0,INR,Available,False
2026-08-13T10:30:00,2026-08-13,OTA Aggregator,Air India Express,DEL,BOM,DEL-BOM,0.182,2026-08-20,T+7,Economy,6910.0,1210.0,700.0,250.0,9070.0,INR,Available,False
2026-08-13T10:30:00,2026-08-13,OTA Aggregator,Air India Express,DEL,BOM,DEL-BOM,0.182,2026-08-28,T+15,Economy,5560.0,1000.0,590.0,250.0,7400.0,INR,Available,False
2026-08-13T10:30:00,2026-08-13,OTA Aggregator,Air India Express,DEL,BOM,DEL-BOM,0.182,2026-09-12,T+30,Economy,4840.0,960.0,500.0,250.0,6550.0,INR,Available,False
2026-08-13T10:30:00,2026-08-13,OTA Aggregator,Air India Express,DEL,BOM,DEL-BOM,0.182,2026-09-27,T+45,Economy,4540.0,920.0,420.0,250.0,6130.0,INR,Available,False
2026-08-13T10:30:00,2026-08-13,OTA Aggregator,Akasa Air,DEL,BOM,DEL-BOM,0.182,2026-08-14,T+1,Economy,9110.0,1680.0,860.0,250.0,11900.0,INR,Available,False
2026-08-13T10:30:00,2026-08-13,OTA Aggregator,Akasa Air,DEL,BOM,DEL-BOM,0.182,2026-08-20,T+7,Economy,6560.0,1230.0,570.0,250.0,8610.0,INR,Available,False
2026-08-13T10:30:00,2026-08-13,OTA Aggregator,Akasa Air,DEL,BOM,DEL-BOM,0.182,2026-08-28,T+15,Economy,5540.0,1020.0,510.0,250.0,7320.0,INR,Available,False
2026-08-13T10:30:00,2026-08-13,OTA Aggregator,Akasa Air,DEL,BOM,DEL-BOM,0.182,2026-09-12,T+30,Economy,5220.0,980.0,490.0,250.0,6940.0,INR,Available,False
2026-08-13T10:30:00,2026-08-13,OTA Aggregator,Akasa Air,DEL,BOM,DEL-BOM,0.182,2026-09-27,T+45,Economy,4580.0,910.0,500.0,250.0,6240.0,INR,Available,False
2026-08-13T10:30:00,2026-08-13,OTA Aggregator,SpiceJet,DEL,BOM,DEL-BOM,0.182,2026-08-14,T+1,Economy,9030.0,1660.0,830.0,300.0,11820.0,INR,Available,False
2026-08-13T10:30:00,2026-08-13,OTA Aggregator,SpiceJet,DEL,BOM,DEL-BOM,0.182,2026-08-20,T+7,Economy,6980.0,1340.0,700.0,300.0,9320.0,INR,Available,False
2026-08-13T10:30:00,2026-08-13,OTA Aggregator,SpiceJet,DEL,BOM,DEL-BOM,0.182,2026-08-28,T+15,Economy,6070.0,1150.0,540.0,300.0,8060.0,INR,Available,False
2026-08-13T10:30:00,2026-08-13,OTA Aggregator,SpiceJet,DEL,BOM,DEL-BOM,0.182,2026-09-12,T+30,Economy,5430.0,1120.0,520.0,300.0,7370.0,INR,Available,False
2026-08-13T10:30:00,2026-08-13,OTA Aggregator,SpiceJet,DEL,BOM,DEL-BOM,0.182,2026-09-27,T+45,Economy,4850.0,920.0,500.0,300.0,6570.0,INR,Available,False
2026-08-13T10:30:00,2026-08-13,Airline Direct,IndiGo,DEL,BLR,DEL-BLR,0.154,2026-08-14,T+1,Economy,8650.0,1550.0,830.0,300.0,11330.0,INR,Available,False
2026-08-13T10:30:00,2026-08-13,Airline Direct,IndiGo,DEL,BLR,DEL-BLR,0.154,2026-08-20,T+7,Economy,6800.0,1270.0,660.0,300.0,9030.0,INR,Available,False
2026-08-13T10:30:00,2026-08-13,Airline Direct,IndiGo,DEL,BLR,DEL-BLR,0.154,2026-08-28,T+15,Economy,5530.0,1100.0,530.0,300.0,7460.0,INR,Available,False
2026-08-13T10:30:00,2026-08-13,Airline Direct,IndiGo,DEL,BLR,DEL-BLR,0.154,2026-09-12,T+30,Economy,4930.0,1030.0,480.0,300.0,6740.0,INR,Available,False
2026-08-13T10:30:00,2026-08-13,Airline Direct,IndiGo,DEL,BLR,DEL-BLR,0.154,2026-09-27,T+45,Economy,4760.0,970.0,430.0,300.0,6460.0,INR,Available,False
2026-08-13T10:30:00,2026-08-13,Airline Direct,Air India,DEL,BLR,DEL-BLR,0.154,2026-08-14,T+1,Economy,9630.0,1720.0,910.0,250.0,12510.0,INR,Available,False
2026-08-13T10:30:00,2026-08-13,Airline Direct,Air India,DEL,BLR,DEL-BLR,0.154,2026-08-20,T+7,Economy,7070.0,1300.0,660.0,250.0,9280.0,INR,Available,False
2026-08-13T10:30:00,2026-08-13,Airline Direct,Air India,DEL,BLR,DEL-BLR,0.154,2026-08-28,T+15,Economy,6390.0,1160.0,650.0,250.0,8450.0,INR,Available,False
2026-08-13T10:30:00,2026-08-13,Airline Direct,Air India,DEL,BLR,DEL-BLR,0.154,2026-09-12,T+30,Economy,5460.0,1110.0,580.0,250.0,7400.0,INR,Available,False
2026-08-13T10:30:00,2026-08-13,Airline Direct,Air India,DEL,BLR,DEL-BLR,0.154,2026-09-27,T+45,Economy,5430.0,1090.0,500.0,250.0,7270.0,INR,Available,False
2026-08-13T10:30:00,2026-08-13,OTA Aggregator,Air India Express,DEL,BLR,DEL-BLR,0.154,2026-08-14,T+1,Economy,8290.0,1430.0,760.0,250.0,10730.0,INR,Available,False
2026-08-13T10:30:00,2026-08-13,OTA Aggregator,Air India Express,DEL,BLR,DEL-BLR,0.154,2026-08-20,T+7,Economy,6260.0,1160.0,590.0,250.0,8260.0,INR,Available,False
2026-08-13T10:30:00,2026-08-13,OTA Aggregator,Air India Express,DEL,BLR,DEL-BLR,0.154,2026-08-28,T+15,Economy,5330.0,1050.0,480.0,250.0,7110.0,INR,Available,False
2026-08-13T10:30:00,2026-08-13,OTA Aggregator,Air India Express,DEL,BLR,DEL-BLR,0.154,2026-09-12,T+30,Economy,4480.0,900.0,470.0,250.0,6100.0,INR,Available,False
2026-08-13T10:30:00,2026-08-13,OTA Aggregator,Air India Express,DEL,BLR,DEL-BLR,0.154,2026-09-27,T+45,Economy,4320.0,870.0,470.0,250.0,5910.0,INR,Available,False
2026-08-13T10:30:00,2026-08-13,OTA Aggregator,Akasa Air,DEL,BLR,DEL-BLR,0.154,2026-08-14,T+1,Economy,8740.0,1570.0,810.0,250.0,11370.0,INR,Available,False
2026-08-13T10:30:00,2026-08-13,OTA Aggregator,Akasa Air,DEL,BLR,DEL-BLR,0.154,2026-08-20,T+7,Economy,6310.0,1110.0,620.0,250.0,8290.0,INR,Available,False
2026-08-13T10:30:00,2026-08-13,OTA Aggregator,Akasa Air,DEL,BLR,DEL-BLR,0.154,2026-08-28,T+15,Economy,5220.0,950.0,480.0,250.0,6900.0,INR,Available,False
2026-08-13T10:30:00,2026-08-13,OTA Aggregator,Akasa Air,DEL,BLR,DEL-BLR,0.154,2026-09-12,T+30,Economy,4960.0,1030.0,520.0,250.0,6760.0,INR,Available,False
2026-08-13T10:30:00,2026-08-13,OTA Aggregator,Akasa Air,DEL,BLR,DEL-BLR,0.154,2026-09-27,T+45,Economy,4360.0,890.0,480.0,250.0,5980.0,INR,Available,False
2026-08-13T10:30:00,2026-08-13,OTA Aggregator,SpiceJet,DEL,BLR,DEL-BLR,0.154,2026-08-14,T+1,Economy,10390.0,1800.0,970.0,300.0,13460.0,INR,Available,True
2026-08-13T10:30:00,2026-08-13,OTA Aggregator,SpiceJet,DEL,BLR,DEL-BLR,0.154,2026-08-20,T+7,Economy,6640.0,1200.0,590.0,300.0,8730.0,INR,Available,False
2026-08-13T10:30:00,2026-08-13,OTA Aggregator,SpiceJet,DEL,BLR,DEL-BLR,0.154,2026-08-28,T+15,Economy,5730.0,1020.0,530.0,300.0,7580.0,INR,Available,False
2026-08-13T10:30:00,2026-08-13,OTA Aggregator,SpiceJet,DEL,BLR,DEL-BLR,0.154,2026-09-12,T+30,Economy,4860.0,990.0,530.0,300.0,6680.0,INR,Available,False
2026-08-13T10:30:00,2026-08-13,OTA Aggregator,SpiceJet,DEL,BLR,DEL-BLR,0.154,2026-09-27,T+45,Economy,4660.0,910.0,440.0,300.0,6310.0,INR,Available,False
2026-08-13T10:30:00,2026-08-13,Airline Direct,IndiGo,BOM,BLR,BOM-BLR,0.127,2026-08-14,T+1,Economy,7810.0,1360.0,740.0,300.0,10210.0,INR,Available,False
2026-08-13T10:30:00,2026-08-13,Airline Direct,IndiGo,BOM,BLR,BOM-BLR,0.127,2026-08-20,T+7,Economy,5850.0,1120.0,610.0,300.0,7880.0,INR,Available,False
2026-08-13T10:30:00,2026-08-13,Airline Direct,IndiGo,BOM,BLR,BOM-BLR,0.127,2026-08-28,T+15,Economy,4990.0,1030.0,490.0,300.0,6810.0,INR,Available,False
2026-08-13T10:30:00,2026-08-13,Airline Direct,IndiGo,BOM,BLR,BOM-BLR,0.127,2026-09-12,T+30,Economy,4170.0,840.0,390.0,300.0,5700.0,INR,Available,False
2026-08-13T10:30:00,2026-08-13,Airline Direct,IndiGo,BOM,BLR,BOM-BLR,0.127,2026-09-27,T+45,Economy,3850.0,860.0,390.0,300.0,5400.0,INR,Available,False
2026-08-13T10:30:00,2026-08-13,Airline Direct,Air India,BOM,BLR,BOM-BLR,0.127,2026-08-14,T+1,Economy,7840.0,1460.0,690.0,250.0,10240.0,INR,Available,False
2026-08-13T10:30:00,2026-08-13,Airline Direct,Air India,BOM,BLR,BOM-BLR,0.127,2026-08-20,T+7,Economy,6690.0,1300.0,650.0,250.0,8890.0,INR,Available,False
2026-08-13T10:30:00,2026-08-13,Airline Direct,Air India,BOM,BLR,BOM-BLR,0.127,2026-08-28,T+15,Economy,5350.0,1060.0,490.0,250.0,7150.0,INR,Available,False
2026-08-13T10:30:00,2026-08-13,Airline Direct,Air India,BOM,BLR,BOM-BLR,0.127,2026-09-12,T+30,Economy,4550.0,970.0,490.0,250.0,6260.0,INR,Available,False
2026-08-13T10:30:00,2026-08-13,Airline Direct,Air India,BOM,BLR,BOM-BLR,0.127,2026-09-27,T+45,Economy,4430.0,920.0,430.0,250.0,6030.0,INR,Available,False
2026-08-13T10:30:00,2026-08-13,OTA Aggregator,Air India Express,BOM,BLR,BOM-BLR,0.127,2026-08-14,T+1,Economy,7470.0,1310.0,740.0,250.0,9770.0,INR,Available,False
2026-08-13T10:30:00,2026-08-13,OTA Aggregator,Air India Express,BOM,BLR,BOM-BLR,0.127,2026-08-20,T+7,Economy,5180.0,1060.0,490.0,250.0,6980.0,INR,Available,False
2026-08-13T10:30:00,2026-08-13,OTA Aggregator,Air India Express,BOM,BLR,BOM-BLR,0.127,2026-08-28,T+15,Economy,4590.0,900.0,450.0,250.0,6190.0,INR,Available,False
2026-08-13T10:30:00,2026-08-13,OTA Aggregator,Air India Express,BOM,BLR,BOM-BLR,0.127,2026-09-12,T+30,Economy,4160.0,850.0,460.0,250.0,5720.0,INR,Available,False
2026-08-13T10:30:00,2026-08-13,OTA Aggregator,Air India Express,BOM,BLR,BOM-BLR,0.127,2026-09-27,T+45,Economy,3890.0,830.0,430.0,250.0,5400.0,INR,Available,False
2026-08-13T10:30:00,2026-08-13,OTA Aggregator,Akasa Air,BOM,BLR,BOM-BLR,0.127,2026-08-14,T+1,Economy,8520.0,1590.0,780.0,250.0,11140.0,INR,Available,True
2026-08-13T10:30:00,2026-08-13,OTA Aggregator,Akasa Air,BOM,BLR,BOM-BLR,0.127,2026-08-20,T+7,Economy,5320.0,1020.0,560.0,250.0,7150.0,INR,Available,False
2026-08-13T10:30:00,2026-08-13,OTA Aggregator,Akasa Air,BOM,BLR,BOM-BLR,0.127,2026-08-28,T+15,Economy,4540.0,880.0,490.0,250.0,6160.0,INR,Available,False
2026-08-13T10:30:00,2026-08-13,OTA Aggregator,Akasa Air,BOM,BLR,BOM-BLR,0.127,2026-09-12,T+30,Economy,4060.0,900.0,450.0,250.0,5660.0,INR,Available,False
2026-08-13T10:30:00,2026-08-13,OTA Aggregator,Akasa Air,BOM,BLR,BOM-BLR,0.127,2026-09-27,T+45,Economy,3620.0,710.0,390.0,250.0,4970.0,INR,Available,False
2026-08-13T10:30:00,2026-08-13,OTA Aggregator,SpiceJet,BOM,BLR,BOM-BLR,0.127,2026-08-14,T+1,Economy,7140.0,1360.0,640.0,300.0,9440.0,INR,Available,False
2026-08-13T10:30:00,2026-08-13,OTA Aggregator,SpiceJet,BOM,BLR,BOM-BLR,0.127,2026-08-20,T+7,Economy,5330.0,1090.0,540.0,300.0,7260.0,INR,Available,False
2026-08-13T10:30:00,2026-08-13,OTA Aggregator,SpiceJet,BOM,BLR,BOM-BLR,0.127,2026-08-28,T+15,Economy,4780.0,960.0,490.0,300.0,6530.0,INR,Available,False
2026-08-13T10:30:00,2026-08-13,OTA Aggregator,SpiceJet,BOM,BLR,BOM-BLR,0.127,2026-09-12,T+30,Economy,3810.0,780.0,410.0,300.0,5300.0,INR,Available,False
2026-08-13T10:30:00,2026-08-13,OTA Aggregator,SpiceJet,BOM,BLR,BOM-BLR,0.127,2026-09-27,T+45,Economy,3880.0,800.0,370.0,300.0,5350.0,INR,Available,False
2026-08-13T10:30:00,2026-08-13,Airline Direct,IndiGo,DEL,CCU,DEL-CCU,0.113,2026-08-14,T+1,Economy,7070.0,1370.0,710.0,300.0,9450.0,INR,Available,False
2026-08-13T10:30:00,2026-08-13,Airline Direct,IndiGo,DEL,CCU,DEL-CCU,0.113,2026-08-20,T+7,Economy,5360.0,1040.0,490.0,300.0,7190.0,INR,Available,False
2026-08-13T10:30:00,2026-08-13,Airline Direct,IndiGo,DEL,CCU,DEL-CCU,0.113,2026-08-28,T+15,Economy,4670.0,990.0,440.0,300.0,6400.0,INR,Available,False
2026-08-13T10:30:00,2026-08-13,Airline Direct,IndiGo,DEL,CCU,DEL-CCU,0.113,2026-09-12,T+30,Economy,4030.0,800.0,450.0,300.0,5580.0,INR,Available,False
2026-08-13T10:30:00,2026-08-13,Airline Direct,IndiGo,DEL,CCU,DEL-CCU,0.113,2026-09-27,T+45,Economy,3580.0,740.0,350.0,300.0,4970.0,INR,Available,False
2026-08-13T10:30:00,2026-08-13,Airline Direct,Air India,DEL,CCU,DEL-CCU,0.113,2026-08-14,T+1,Economy,7790.0,1440.0,730.0,250.0,10210.0,INR,Available,False
2026-08-13T10:30:00,2026-08-13,Airline Direct,Air India,DEL,CCU,DEL-CCU,0.113,2026-08-20,T+7,Economy,5630.0,1110.0,590.0,250.0,7580.0,INR,Available,False
2026-08-13T10:30:00,2026-08-13,Airline Direct,Air India,DEL,CCU,DEL-CCU,0.113,2026-08-28,T+15,Economy,5010.0,950.0,540.0,250.0,6750.0,INR,Available,False
2026-08-13T10:30:00,2026-08-13,Airline Direct,Air India,DEL,CCU,DEL-CCU,0.113,2026-09-12,T+30,Economy,4380.0,950.0,490.0,250.0,6070.0,INR,Available,False
2026-08-13T10:30:00,2026-08-13,Airline Direct,Air India,DEL,CCU,DEL-CCU,0.113,2026-09-27,T+45,Economy,4060.0,820.0,380.0,250.0,5510.0,INR,Available,False
2026-08-13T10:30:00,2026-08-13,OTA Aggregator,Air India Express,DEL,CCU,DEL-CCU,0.113,2026-08-14,T+1,Economy,6610.0,1210.0,630.0,250.0,8700.0,INR,Available,False
2026-08-13T10:30:00,2026-08-13,OTA Aggregator,Air India Express,DEL,CCU,DEL-CCU,0.113,2026-08-20,T+7,Economy,5280.0,1040.0,520.0,250.0,7090.0,INR,Available,False
2026-08-13T10:30:00,2026-08-13,OTA Aggregator,Air India Express,DEL,CCU,DEL-CCU,0.113,2026-08-28,T+15,Economy,4390.0,930.0,490.0,250.0,6060.0,INR,Available,False
2026-08-13T10:30:00,2026-08-13,OTA Aggregator,Air India Express,DEL,CCU,DEL-CCU,0.113,2026-09-12,T+30,Economy,3790.0,750.0,360.0,250.0,5150.0,INR,Available,False
2026-08-13T10:30:00,2026-08-13,OTA Aggregator,Air India Express,DEL,CCU,DEL-CCU,0.113,2026-09-27,T+45,Economy,3350.0,740.0,400.0,250.0,4740.0,INR,Available,False
2026-08-13T10:30:00,2026-08-13,OTA Aggregator,Akasa Air,DEL,CCU,DEL-CCU,0.113,2026-08-14,T+1,Economy,6850.0,1330.0,620.0,250.0,9050.0,INR,Available,False
2026-08-13T10:30:00,2026-08-13,OTA Aggregator,Akasa Air,DEL,CCU,DEL-CCU,0.113,2026-08-20,T+7,Economy,5140.0,1060.0,490.0,250.0,6940.0,INR,Available,False
2026-08-13T10:30:00,2026-08-13,OTA Aggregator,Akasa Air,DEL,CCU,DEL-CCU,0.113,2026-08-28,T+15,Economy,4350.0,800.0,470.0,250.0,5870.0,INR,Available,False
2026-08-13T10:30:00,2026-08-13,OTA Aggregator,Akasa Air,DEL,CCU,DEL-CCU,0.113,2026-09-12,T+30,Economy,3870.0,790.0,390.0,250.0,5300.0,INR,Available,False
2026-08-13T10:30:00,2026-08-13,OTA Aggregator,Akasa Air,DEL,CCU,DEL-CCU,0.113,2026-09-27,T+45,Economy,3620.0,680.0,420.0,250.0,4970.0,INR,Available,False
2026-08-13T10:30:00,2026-08-13,OTA Aggregator,SpiceJet,DEL,CCU,DEL-CCU,0.113,2026-08-14,T+1,Economy,6650.0,1190.0,620.0,300.0,8760.0,INR,Available,False
2026-08-13T10:30:00,2026-08-13,OTA Aggregator,SpiceJet,DEL,CCU,DEL-CCU,0.113,2026-08-20,T+7,Economy,4910.0,930.0,540.0,300.0,6680.0,INR,Available,False
2026-08-13T10:30:00,2026-08-13,OTA Aggregator,SpiceJet,DEL,CCU,DEL-CCU,0.113,2026-08-28,T+15,Economy,4500.0,920.0,410.0,300.0,6130.0,INR,Available,False
2026-08-13T10:30:00,2026-08-13,OTA Aggregator,SpiceJet,DEL,CCU,DEL-CCU,0.113,2026-09-12,T+30,Economy,4090.0,800.0,390.0,300.0,5580.0,INR,Available,False
2026-08-13T10:30:00,2026-08-13,OTA Aggregator,SpiceJet,DEL,CCU,DEL-CCU,0.113,2026-09-27,T+45,Economy,3610.0,790.0,400.0,300.0,5100.0,INR,Available,False
2026-08-13T10:30:00,2026-08-13,Airline Direct,IndiGo,BLR,HYD,BLR-HYD,0.098,2026-08-14,T+1,Economy,5330.0,1050.0,500.0,300.0,7180.0,INR,Available,False
2026-08-13T10:30:00,2026-08-13,Airline Direct,IndiGo,BLR,HYD,BLR-HYD,0.098,2026-08-20,T+7,Economy,4220.0,850.0,440.0,300.0,5810.0,INR,Available,False
2026-08-13T10:30:00,2026-08-13,Airline Direct,IndiGo,BLR,HYD,BLR-HYD,0.098,2026-08-28,T+15,Economy,3600.0,800.0,410.0,300.0,5110.0,INR,Available,False
2026-08-13T10:30:00,2026-08-13,Airline Direct,IndiGo,BLR,HYD,BLR-HYD,0.098,2026-09-12,T+30,Economy,3110.0,610.0,310.0,300.0,4330.0,INR,Available,False
2026-08-13T10:30:00,2026-08-13,Airline Direct,IndiGo,BLR,HYD,BLR-HYD,0.098,2026-09-27,T+45,Economy,2740.0,690.0,290.0,300.0,4020.0,INR,Available,False
2026-08-13T10:30:00,2026-08-13,Airline Direct,Air India,BLR,HYD,BLR-HYD,0.098,2026-08-14,T+1,Economy,5880.0,1100.0,580.0,250.0,7810.0,INR,Available,False
2026-08-13T10:30:00,2026-08-13,Airline Direct,Air India,BLR,HYD,BLR-HYD,0.098,2026-08-20,T+7,Economy,4510.0,860.0,500.0,250.0,6120.0,INR,Available,False
2026-08-13T10:30:00,2026-08-13,Airline Direct,Air India,BLR,HYD,BLR-HYD,0.098,2026-08-28,T+15,Economy,3730.0,700.0,440.0,250.0,5120.0,INR,Available,False
2026-08-13T10:30:00,2026-08-13,Airline Direct,Air India,BLR,HYD,BLR-HYD,0.098,2026-09-12,T+30,Economy,3300.0,750.0,320.0,250.0,4620.0,INR,Available,False
2026-08-13T10:30:00,2026-08-13,Airline Direct,Air India,BLR,HYD,BLR-HYD,0.098,2026-09-27,T+45,Economy,3190.0,760.0,360.0,250.0,4560.0,INR,Available,False
2026-08-13T10:30:00,2026-08-13,OTA Aggregator,Air India Express,BLR,HYD,BLR-HYD,0.098,2026-08-14,T+1,Economy,4840.0,1020.0,440.0,250.0,6550.0,INR,Available,False
2026-08-13T10:30:00,2026-08-13,OTA Aggregator,Air India Express,BLR,HYD,BLR-HYD,0.098,2026-08-20,T+7,Economy,3680.0,790.0,390.0,250.0,5110.0,INR,Available,False
2026-08-13T10:30:00,2026-08-13,OTA Aggregator,Air India Express,BLR,HYD,BLR-HYD,0.098,2026-08-28,T+15,Economy,3120.0,700.0,310.0,250.0,4380.0,INR,Available,False
2026-08-13T10:30:00,2026-08-13,OTA Aggregator,Air India Express,BLR,HYD,BLR-HYD,0.098,2026-09-12,T+30,Economy,3150.0,630.0,320.0,250.0,4350.0,INR,Available,False
2026-08-13T10:30:00,2026-08-13,OTA Aggregator,Air India Express,BLR,HYD,BLR-HYD,0.098,2026-09-27,T+45,Economy,2560.0,600.0,280.0,250.0,3690.0,INR,Available,False
2026-08-13T10:30:00,2026-08-13,OTA Aggregator,Akasa Air,BLR,HYD,BLR-HYD,0.098,2026-08-14,T+1,Economy,5230.0,1080.0,520.0,250.0,7080.0,INR,Available,False
2026-08-13T10:30:00,2026-08-13,OTA Aggregator,Akasa Air,BLR,HYD,BLR-HYD,0.098,2026-08-20,T+7,Economy,3780.0,710.0,380.0,250.0,5120.0,INR,Available,False
2026-08-13T10:30:00,2026-08-13,OTA Aggregator,Akasa Air,BLR,HYD,BLR-HYD,0.098,2026-08-28,T+15,Economy,3290.0,720.0,370.0,250.0,4630.0,INR,Available,False
2026-08-13T10:30:00,2026-08-13,OTA Aggregator,Akasa Air,BLR,HYD,BLR-HYD,0.098,2026-09-12,T+30,Economy,2910.0,670.0,330.0,250.0,4160.0,INR,Available,False
2026-08-13T10:30:00,2026-08-13,OTA Aggregator,Akasa Air,BLR,HYD,BLR-HYD,0.098,2026-09-27,T+45,Economy,2750.0,620.0,300.0,250.0,3920.0,INR,Available,False
2026-08-13T10:30:00,2026-08-13,OTA Aggregator,SpiceJet,BLR,HYD,BLR-HYD,0.098,2026-08-14,T+1,Economy,4940.0,1030.0,480.0,300.0,6750.0,INR,Available,False
2026-08-13T10:30:00,2026-08-13,OTA Aggregator,SpiceJet,BLR,HYD,BLR-HYD,0.098,2026-08-20,T+7,Economy,3680.0,700.0,390.0,300.0,5070.0,INR,Available,False
2026-08-13T10:30:00,2026-08-13,OTA Aggregator,SpiceJet,BLR,HYD,BLR-HYD,0.098,2026-08-28,T+15,Economy,3290.0,740.0,410.0,300.0,4740.0,INR,Available,False
2026-08-13T10:30:00,2026-08-13,OTA Aggregator,SpiceJet,BLR,HYD,BLR-HYD,0.098,2026-09-12,T+30,Economy,3010.0,720.0,310.0,300.0,4340.0,INR,Available,False
2026-08-13T10:30:00,2026-08-13,OTA Aggregator,SpiceJet,BLR,HYD,BLR-HYD,0.098,2026-09-27,T+45,Economy,2790.0,610.0,330.0,300.0,4030.0,INR,Available,False
2026-08-13T10:30:00,2026-08-13,Airline Direct,IndiGo,MAA,DEL,MAA-DEL,0.086,2026-08-14,T+1,Economy,8380.0,1510.0,760.0,300.0,10950.0,INR,Available,False
2026-08-13T10:30:00,2026-08-13,Airline Direct,IndiGo,MAA,DEL,MAA-DEL,0.086,2026-08-20,T+7,Economy,6900.0,1230.0,690.0,300.0,9120.0,INR,Available,False
2026-08-13T10:30:00,2026-08-13,Airline Direct,IndiGo,MAA,DEL,MAA-DEL,0.086,2026-08-28,T+15,Economy,5330.0,1050.0,540.0,300.0,7220.0,INR,Available,False
2026-08-13T10:30:00,2026-08-13,Airline Direct,IndiGo,MAA,DEL,MAA-DEL,0.086,2026-09-12,T+30,Economy,4710.0,870.0,430.0,300.0,6310.0,INR,Available,False
2026-08-13T10:30:00,2026-08-13,Airline Direct,IndiGo,MAA,DEL,MAA-DEL,0.086,2026-09-27,T+45,Economy,4170.0,850.0,420.0,300.0,5740.0,INR,Available,False
2026-08-13T10:30:00,2026-08-13,Airline Direct,Air India,MAA,DEL,MAA-DEL,0.086,2026-08-14,T+1,Economy,8580.0,1500.0,840.0,250.0,11170.0,INR,Available,False
2026-08-13T10:30:00,2026-08-13,Airline Direct,Air India,MAA,DEL,MAA-DEL,0.086,2026-08-20,T+7,Economy,6850.0,1280.0,670.0,250.0,9050.0,INR,Available,False
2026-08-13T10:30:00,2026-08-13,Airline Direct,Air India,MAA,DEL,MAA-DEL,0.086,2026-08-28,T+15,Economy,5670.0,1150.0,530.0,250.0,7600.0,INR,Available,False
2026-08-13T10:30:00,2026-08-13,Airline Direct,Air India,MAA,DEL,MAA-DEL,0.086,2026-09-12,T+30,Economy,5000.0,960.0,510.0,250.0,6720.0,INR,Available,False
2026-08-13T10:30:00,2026-08-13,Airline Direct,Air India,MAA,DEL,MAA-DEL,0.086,2026-09-27,T+45,Economy,4360.0,810.0,420.0,250.0,5840.0,INR,Available,False
2026-08-13T10:30:00,2026-08-13,OTA Aggregator,Air India Express,MAA,DEL,MAA-DEL,0.086,2026-08-14,T+1,Economy,7600.0,1420.0,680.0,250.0,9950.0,INR,Available,False
2026-08-13T10:30:00,2026-08-13,OTA Aggregator,Air India Express,MAA,DEL,MAA-DEL,0.086,2026-08-20,T+7,Economy,5840.0,1120.0,560.0,250.0,7770.0,INR,Available,False
2026-08-13T10:30:00,2026-08-13,OTA Aggregator,Air India Express,MAA,DEL,MAA-DEL,0.086,2026-08-28,T+15,Economy,4870.0,930.0,460.0,250.0,6510.0,INR,Available,False
2026-08-13T10:30:00,2026-08-13,OTA Aggregator,Air India Express,MAA,DEL,MAA-DEL,0.086,2026-09-12,T+30,Economy,4350.0,860.0,440.0,250.0,5900.0,INR,Available,False
2026-08-13T10:30:00,2026-08-13,OTA Aggregator,Air India Express,MAA,DEL,MAA-DEL,0.086,2026-09-27,T+45,Economy,3790.0,740.0,440.0,250.0,5220.0,INR,Available,False
2026-08-13T10:30:00,2026-08-13,OTA Aggregator,Akasa Air,MAA,DEL,MAA-DEL,0.086,2026-08-14,T+1,Economy,8470.0,1480.0,740.0,250.0,10940.0,INR,Available,False
2026-08-13T10:30:00,2026-08-13,OTA Aggregator,Akasa Air,MAA,DEL,MAA-DEL,0.086,2026-08-20,T+7,Economy,5720.0,1120.0,530.0,250.0,7620.0,INR,Available,False
2026-08-13T10:30:00,2026-08-13,OTA Aggregator,Akasa Air,MAA,DEL,MAA-DEL,0.086,2026-08-28,T+15,Economy,4890.0,940.0,490.0,250.0,6570.0,INR,Available,False
2026-08-13T10:30:00,2026-08-13,OTA Aggregator,Akasa Air,MAA,DEL,MAA-DEL,0.086,2026-09-12,T+30,Economy,4630.0,900.0,430.0,250.0,6210.0,INR,Available,False
2026-08-13T10:30:00,2026-08-13,OTA Aggregator,Akasa Air,MAA,DEL,MAA-DEL,0.086,2026-09-27,T+45,Economy,4190.0,870.0,410.0,250.0,5720.0,INR,Available,False
2026-08-13T10:30:00,2026-08-13,OTA Aggregator,SpiceJet,MAA,DEL,MAA-DEL,0.086,2026-08-14,T+1,Economy,7500.0,1330.0,670.0,300.0,9800.0,INR,Available,False
2026-08-13T10:30:00,2026-08-13,OTA Aggregator,SpiceJet,MAA,DEL,MAA-DEL,0.086,2026-08-20,T+7,Economy,5920.0,1090.0,540.0,300.0,7850.0,INR,Available,False
2026-08-13T10:30:00,2026-08-13,OTA Aggregator,SpiceJet,MAA,DEL,MAA-DEL,0.086,2026-08-28,T+15,Economy,5030.0,1000.0,460.0,300.0,6790.0,INR,Available,False
2026-08-13T10:30:00,2026-08-13,OTA Aggregator,SpiceJet,MAA,DEL,MAA-DEL,0.086,2026-09-12,T+30,Economy,4540.0,880.0,480.0,300.0,6200.0,INR,Available,False
2026-08-13T10:30:00,2026-08-13,OTA Aggregator,SpiceJet,MAA,DEL,MAA-DEL,0.086,2026-09-27,T+45,Economy,4000.0,820.0,400.0,300.0,5520.0,INR,Available,False
2026-08-13T10:30:00,2026-08-13,Airline Direct,IndiGo,BOM,DEL,BOM-DEL,0.135,2026-08-14,T+1,Economy,8830.0,1580.0,780.0,300.0,11490.0,INR,Available,False
2026-08-13T10:30:00,2026-08-13,Airline Direct,IndiGo,BOM,DEL,BOM-DEL,0.135,2026-08-20,T+7,Economy,7090.0,1330.0,700.0,300.0,9420.0,INR,Available,False
2026-08-13T10:30:00,2026-08-13,Airline Direct,IndiGo,BOM,DEL,BOM-DEL,0.135,2026-08-28,T+15,Economy,5680.0,1050.0,550.0,300.0,7580.0,INR,Available,False
2026-08-13T10:30:00,2026-08-13,Airline Direct,IndiGo,BOM,DEL,BOM-DEL,0.135,2026-09-12,T+30,Economy,5100.0,970.0,550.0,300.0,6920.0,INR,Available,False
2026-08-13T10:30:00,2026-08-13,Airline Direct,IndiGo,BOM,DEL,BOM-DEL,0.135,2026-09-27,T+45,Economy,4540.0,880.0,500.0,300.0,6220.0,INR,Available,False
2026-08-13T10:30:00,2026-08-13,Airline Direct,Air India,BOM,DEL,BOM-DEL,0.135,2026-08-14,T+1,Economy,9320.0,1680.0,830.0,250.0,12080.0,INR,Available,False
2026-08-13T10:30:00,2026-08-13,Airline Direct,Air India,BOM,DEL,BOM-DEL,0.135,2026-08-20,T+7,Economy,7580.0,1370.0,710.0,250.0,9910.0,INR,Available,False
2026-08-13T10:30:00,2026-08-13,Airline Direct,Air India,BOM,DEL,BOM-DEL,0.135,2026-08-28,T+15,Economy,6690.0,1270.0,590.0,250.0,8800.0,INR,Available,False
2026-08-13T10:30:00,2026-08-13,Airline Direct,Air India,BOM,DEL,BOM-DEL,0.135,2026-09-12,T+30,Economy,5580.0,1040.0,510.0,250.0,7380.0,INR,Available,False
2026-08-13T10:30:00,2026-08-13,Airline Direct,Air India,BOM,DEL,BOM-DEL,0.135,2026-09-27,T+45,Economy,5350.0,1020.0,530.0,250.0,7150.0,INR,Available,False
2026-08-13T10:30:00,2026-08-13,OTA Aggregator,Air India Express,BOM,DEL,BOM-DEL,0.135,2026-08-14,T+1,Economy,8850.0,1660.0,820.0,250.0,11580.0,INR,Available,False
2026-08-13T10:30:00,2026-08-13,OTA Aggregator,Air India Express,BOM,DEL,BOM-DEL,0.135,2026-08-20,T+7,Economy,6240.0,1220.0,560.0,250.0,8270.0,INR,Available,False
2026-08-13T10:30:00,2026-08-13,OTA Aggregator,Air India Express,BOM,DEL,BOM-DEL,0.135,2026-08-28,T+15,Economy,5180.0,1010.0,550.0,250.0,6990.0,INR,Available,False
2026-08-13T10:30:00,2026-08-13,OTA Aggregator,Air India Express,BOM,DEL,BOM-DEL,0.135,2026-09-12,T+30,Economy,4600.0,850.0,430.0,250.0,6130.0,INR,Available,False
2026-08-13T10:30:00,2026-08-13,OTA Aggregator,Air India Express,BOM,DEL,BOM-DEL,0.135,2026-09-27,T+45,Economy,4330.0,890.0,450.0,250.0,5920.0,INR,Available,False
2026-08-13T10:30:00,2026-08-13,OTA Aggregator,Akasa Air,BOM,DEL,BOM-DEL,0.135,2026-08-14,T+1,Economy,8690.0,1510.0,760.0,250.0,11210.0,INR,Available,False
2026-08-13T10:30:00,2026-08-13,OTA Aggregator,Akasa Air,BOM,DEL,BOM-DEL,0.135,2026-08-20,T+7,Economy,6740.0,1240.0,620.0,250.0,8850.0,INR,Available,False
2026-08-13T10:30:00,2026-08-13,OTA Aggregator,Akasa Air,BOM,DEL,BOM-DEL,0.135,2026-08-28,T+15,Economy,5630.0,1090.0,590.0,250.0,7560.0,INR,Available,False
2026-08-13T10:30:00,2026-08-13,OTA Aggregator,Akasa Air,BOM,DEL,BOM-DEL,0.135,2026-09-12,T+30,Economy,5080.0,960.0,480.0,250.0,6770.0,INR,Available,False
2026-08-13T10:30:00,2026-08-13,OTA Aggregator,Akasa Air,BOM,DEL,BOM-DEL,0.135,2026-09-27,T+45,Economy,4550.0,950.0,420.0,250.0,6170.0,INR,Available,False
2026-08-13T10:30:00,2026-08-13,OTA Aggregator,SpiceJet,BOM,DEL,BOM-DEL,0.135,2026-08-14,T+1,Economy,8750.0,1610.0,790.0,300.0,11450.0,INR,Available,False
2026-08-13T10:30:00,2026-08-13,OTA Aggregator,SpiceJet,BOM,DEL,BOM-DEL,0.135,2026-08-20,T+7,Economy,6180.0,1180.0,600.0,300.0,8260.0,INR,Available,False
2026-08-13T10:30:00,2026-08-13,OTA Aggregator,SpiceJet,BOM,DEL,BOM-DEL,0.135,2026-08-28,T+15,Economy,6150.0,1120.0,550.0,300.0,8120.0,INR,Available,False
2026-08-13T10:30:00,2026-08-13,OTA Aggregator,SpiceJet,BOM,DEL,BOM-DEL,0.135,2026-09-12,T+30,Economy,5110.0,940.0,480.0,300.0,6830.0,INR,Available,False
2026-08-13T10:30:00,2026-08-13,OTA Aggregator,SpiceJet,BOM,DEL,BOM-DEL,0.135,2026-09-27,T+45,Economy,4780.0,970.0,510.0,300.0,6560.0,INR,Available,False
2026-08-13T10:30:00,2026-08-13,Airline Direct,IndiGo,HYD,DEL,HYD-DEL,0.105,2026-08-14,T+1,Economy,6810.0,1250.0,630.0,300.0,8990.0,INR,Available,False
2026-08-13T10:30:00,2026-08-13,Airline Direct,IndiGo,HYD,DEL,HYD-DEL,0.105,2026-08-20,T+7,Economy,5280.0,970.0,480.0,300.0,7030.0,INR,Available,False
2026-08-13T10:30:00,2026-08-13,Airline Direct,IndiGo,HYD,DEL,HYD-DEL,0.105,2026-08-28,T+15,Economy,4480.0,930.0,430.0,300.0,6140.0,INR,Available,False
2026-08-13T10:30:00,2026-08-13,Airline Direct,IndiGo,HYD,DEL,HYD-DEL,0.105,2026-09-12,T+30,Economy,3970.0,880.0,410.0,300.0,5560.0,INR,Available,False
2026-08-13T10:30:00,2026-08-13,Airline Direct,IndiGo,HYD,DEL,HYD-DEL,0.105,2026-09-27,T+45,Economy,3690.0,790.0,390.0,300.0,5170.0,INR,Available,False
2026-08-13T10:30:00,2026-08-13,Airline Direct,Air India,HYD,DEL,HYD-DEL,0.105,2026-08-14,T+1,Economy,7150.0,1320.0,670.0,250.0,9390.0,INR,Available,False
2026-08-13T10:30:00,2026-08-13,Airline Direct,Air India,HYD,DEL,HYD-DEL,0.105,2026-08-20,T+7,Economy,6100.0,1200.0,610.0,250.0,8160.0,INR,Available,False
2026-08-13T10:30:00,2026-08-13,Airline Direct,Air India,HYD,DEL,HYD-DEL,0.105,2026-08-28,T+15,Economy,4710.0,960.0,480.0,250.0,6400.0,INR,Available,False
2026-08-13T10:30:00,2026-08-13,Airline Direct,Air India,HYD,DEL,HYD-DEL,0.105,2026-09-12,T+30,Economy,4250.0,910.0,480.0,250.0,5890.0,INR,Available,False
2026-08-13T10:30:00,2026-08-13,Airline Direct,Air India,HYD,DEL,HYD-DEL,0.105,2026-09-27,T+45,Economy,3850.0,800.0,370.0,250.0,5270.0,INR,Available,False
2026-08-13T10:30:00,2026-08-13,OTA Aggregator,Air India Express,HYD,DEL,HYD-DEL,0.105,2026-08-14,T+1,Economy,6190.0,1090.0,560.0,250.0,8090.0,INR,Available,False
2026-08-13T10:30:00,2026-08-13,OTA Aggregator,Air India Express,HYD,DEL,HYD-DEL,0.105,2026-08-20,T+7,Economy,5120.0,1060.0,530.0,250.0,6960.0,INR,Available,False
2026-08-13T10:30:00,2026-08-13,OTA Aggregator,Air India Express,HYD,DEL,HYD-DEL,0.105,2026-08-28,T+15,Economy,4210.0,870.0,430.0,250.0,5760.0,INR,Available,False
2026-08-13T10:30:00,2026-08-13,OTA Aggregator,Air India Express,HYD,DEL,HYD-DEL,0.105,2026-09-12,T+30,Economy,3830.0,780.0,430.0,250.0,5290.0,INR,Available,False
2026-08-13T10:30:00,2026-08-13,OTA Aggregator,Air India Express,HYD,DEL,HYD-DEL,0.105,2026-09-27,T+45,Economy,3340.0,710.0,320.0,250.0,4620.0,INR,Available,False
2026-08-13T10:30:00,2026-08-13,OTA Aggregator,Akasa Air,HYD,DEL,HYD-DEL,0.105,2026-08-14,T+1,Economy,6500.0,1270.0,580.0,250.0,8600.0,INR,Available,False
2026-08-13T10:30:00,2026-08-13,OTA Aggregator,Akasa Air,HYD,DEL,HYD-DEL,0.105,2026-08-20,T+7,Economy,4870.0,1030.0,460.0,250.0,6610.0,INR,Available,False
2026-08-13T10:30:00,2026-08-13,OTA Aggregator,Akasa Air,HYD,DEL,HYD-DEL,0.105,2026-08-28,T+15,Economy,4350.0,820.0,460.0,250.0,5880.0,INR,Available,False
2026-08-13T10:30:00,2026-08-13,OTA Aggregator,Akasa Air,HYD,DEL,HYD-DEL,0.105,2026-09-12,T+30,Economy,3500.0,800.0,360.0,250.0,4910.0,INR,Available,False
2026-08-13T10:30:00,2026-08-13,OTA Aggregator,Akasa Air,HYD,DEL,HYD-DEL,0.105,2026-09-27,T+45,Economy,3250.0,710.0,340.0,250.0,4550.0,INR,Available,False
2026-08-13T10:30:00,2026-08-13,OTA Aggregator,SpiceJet,HYD,DEL,HYD-DEL,0.105,2026-08-14,T+1,Economy,6670.0,1210.0,600.0,300.0,8780.0,INR,Available,False
2026-08-13T10:30:00,2026-08-13,OTA Aggregator,SpiceJet,HYD,DEL,HYD-DEL,0.105,2026-08-20,T+7,Economy,5010.0,940.0,500.0,300.0,6750.0,INR,Available,False
2026-08-13T10:30:00,2026-08-13,OTA Aggregator,SpiceJet,HYD,DEL,HYD-DEL,0.105,2026-08-28,T+15,Economy,4420.0,860.0,480.0,300.0,6060.0,INR,Available,False
2026-08-13T10:30:00,2026-08-13,OTA Aggregator,SpiceJet,HYD,DEL,HYD-DEL,0.105,2026-09-12,T+30,Economy,3730.0,830.0,400.0,300.0,5260.0,INR,Available,False
2026-08-13T10:30:00,2026-08-13,OTA Aggregator,SpiceJet,HYD,DEL,HYD-DEL,0.105,2026-09-27,T+45,Economy,3490.0,680.0,400.0,300.0,4870.0,INR,Available,False
2026-08-14T10:30:00,2026-08-14,Airline Direct,IndiGo,DEL,BOM,DEL-BOM,0.182,2026-08-15,T+1,Economy,10220.0,1800.0,960.0,250.0,13230.0,INR,Available,False
2026-08-14T10:30:00,2026-08-14,Airline Direct,IndiGo,DEL,BOM,DEL-BOM,0.182,2026-08-21,T+7,Economy,7370.0,1390.0,690.0,250.0,9700.0,INR,Available,False
2026-08-14T10:30:00,2026-08-14,Airline Direct,IndiGo,DEL,BOM,DEL-BOM,0.182,2026-08-29,T+15,Economy,5880.0,1190.0,590.0,250.0,7910.0,INR,Available,False
2026-08-14T10:30:00,2026-08-14,Airline Direct,IndiGo,DEL,BOM,DEL-BOM,0.182,2026-09-13,T+30,Economy,5610.0,1000.0,530.0,250.0,7390.0,INR,Available,False
2026-08-14T10:30:00,2026-08-14,Airline Direct,IndiGo,DEL,BOM,DEL-BOM,0.182,2026-09-28,T+45,Economy,4890.0,890.0,490.0,250.0,6520.0,INR,Available,False
2026-08-14T10:30:00,2026-08-14,Airline Direct,Air India,DEL,BOM,DEL-BOM,0.182,2026-08-15,T+1,Economy,10310.0,1820.0,900.0,300.0,13330.0,INR,Available,False
2026-08-14T10:30:00,2026-08-14,Airline Direct,Air India,DEL,BOM,DEL-BOM,0.182,2026-08-21,T+7,Economy,8050.0,1470.0,710.0,300.0,10530.0,INR,Available,False
2026-08-14T10:30:00,2026-08-14,Airline Direct,Air India,DEL,BOM,DEL-BOM,0.182,2026-08-29,T+15,Economy,6530.0,1190.0,630.0,300.0,8650.0,INR,Available,False
2026-08-14T10:30:00,2026-08-14,Airline Direct,Air India,DEL,BOM,DEL-BOM,0.182,2026-09-13,T+30,Economy,6030.0,1170.0,600.0,300.0,8100.0,INR,Available,False
2026-08-14T10:30:00,2026-08-14,Airline Direct,Air India,DEL,BOM,DEL-BOM,0.182,2026-09-28,T+45,Economy,5540.0,1060.0,560.0,300.0,7460.0,INR,Available,False
2026-08-14T10:30:00,2026-08-14,OTA Aggregator,Air India Express,DEL,BOM,DEL-BOM,0.182,2026-08-15,T+1,Economy,8770.0,1580.0,790.0,300.0,11440.0,INR,Available,False
2026-08-14T10:30:00,2026-08-14,OTA Aggregator,Air India Express,DEL,BOM,DEL-BOM,0.182,2026-08-21,T+7,Economy,6640.0,1200.0,650.0,300.0,8790.0,INR,Available,False
2026-08-14T10:30:00,2026-08-14,OTA Aggregator,Air India Express,DEL,BOM,DEL-BOM,0.182,2026-08-29,T+15,Economy,5890.0,1090.0,600.0,300.0,7880.0,INR,Available,False
2026-08-14T10:30:00,2026-08-14,OTA Aggregator,Air India Express,DEL,BOM,DEL-BOM,0.182,2026-09-13,T+30,Economy,5060.0,990.0,540.0,300.0,6890.0,INR,Available,False
2026-08-14T10:30:00,2026-08-14,OTA Aggregator,Air India Express,DEL,BOM,DEL-BOM,0.182,2026-09-28,T+45,Economy,4870.0,970.0,510.0,300.0,6650.0,INR,Available,False
2026-08-14T10:30:00,2026-08-14,OTA Aggregator,Akasa Air,DEL,BOM,DEL-BOM,0.182,2026-08-15,T+1,Economy,9790.0,1680.0,840.0,300.0,12610.0,INR,Available,False
2026-08-14T10:30:00,2026-08-14,OTA Aggregator,Akasa Air,DEL,BOM,DEL-BOM,0.182,2026-08-21,T+7,Economy,6890.0,1290.0,650.0,300.0,9130.0,INR,Available,False
2026-08-14T10:30:00,2026-08-14,OTA Aggregator,Akasa Air,DEL,BOM,DEL-BOM,0.182,2026-08-29,T+15,Economy,6010.0,1080.0,610.0,300.0,8000.0,INR,Available,False
2026-08-14T10:30:00,2026-08-14,OTA Aggregator,Akasa Air,DEL,BOM,DEL-BOM,0.182,2026-09-13,T+30,Economy,4950.0,940.0,530.0,300.0,6720.0,INR,Available,False
2026-08-14T10:30:00,2026-08-14,OTA Aggregator,Akasa Air,DEL,BOM,DEL-BOM,0.182,2026-09-28,T+45,Economy,4870.0,890.0,530.0,300.0,6590.0,INR,Available,False
2026-08-14T10:30:00,2026-08-14,OTA Aggregator,SpiceJet,DEL,BOM,DEL-BOM,0.182,2026-08-15,T+1,Economy,9300.0,1690.0,840.0,250.0,12080.0,INR,Available,False
2026-08-14T10:30:00,2026-08-14,OTA Aggregator,SpiceJet,DEL,BOM,DEL-BOM,0.182,2026-08-21,T+7,Economy,6660.0,1270.0,620.0,250.0,8800.0,INR,Available,False
2026-08-14T10:30:00,2026-08-14,OTA Aggregator,SpiceJet,DEL,BOM,DEL-BOM,0.182,2026-08-29,T+15,Economy,6140.0,1140.0,550.0,250.0,8080.0,INR,Available,False
2026-08-14T10:30:00,2026-08-14,OTA Aggregator,SpiceJet,DEL,BOM,DEL-BOM,0.182,2026-09-13,T+30,Economy,5440.0,980.0,540.0,250.0,7210.0,INR,Available,False
2026-08-14T10:30:00,2026-08-14,OTA Aggregator,SpiceJet,DEL,BOM,DEL-BOM,0.182,2026-09-28,T+45,Economy,4830.0,1000.0,440.0,250.0,6520.0,INR,Available,False
2026-08-14T10:30:00,2026-08-14,Airline Direct,IndiGo,DEL,BLR,DEL-BLR,0.154,2026-08-15,T+1,Economy,9460.0,1650.0,850.0,250.0,12210.0,INR,Available,False
2026-08-14T10:30:00,2026-08-14,Airline Direct,IndiGo,DEL,BLR,DEL-BLR,0.154,2026-08-21,T+7,Economy,6980.0,1300.0,700.0,250.0,9230.0,INR,Available,False
2026-08-14T10:30:00,2026-08-14,Airline Direct,IndiGo,DEL,BLR,DEL-BLR,0.154,2026-08-29,T+15,Economy,5880.0,1040.0,600.0,250.0,7770.0,INR,Available,False
2026-08-14T10:30:00,2026-08-14,Airline Direct,IndiGo,DEL,BLR,DEL-BLR,0.154,2026-09-13,T+30,Economy,5090.0,1050.0,510.0,250.0,6900.0,INR,Available,False
2026-08-14T10:30:00,2026-08-14,Airline Direct,IndiGo,DEL,BLR,DEL-BLR,0.154,2026-09-28,T+45,Economy,4570.0,910.0,430.0,250.0,6160.0,INR,Available,False
2026-08-14T10:30:00,2026-08-14,Airline Direct,Air India,DEL,BLR,DEL-BLR,0.154,2026-08-15,T+1,Economy,9760.0,1690.0,900.0,300.0,12650.0,INR,Available,False
2026-08-14T10:30:00,2026-08-14,Airline Direct,Air India,DEL,BLR,DEL-BLR,0.154,2026-08-21,T+7,Economy,7280.0,1280.0,690.0,300.0,9550.0,INR,Available,False
2026-08-14T10:30:00,2026-08-14,Airline Direct,Air India,DEL,BLR,DEL-BLR,0.154,2026-08-29,T+15,Economy,6470.0,1180.0,610.0,300.0,8560.0,INR,Available,False
2026-08-14T10:30:00,2026-08-14,Airline Direct,Air India,DEL,BLR,DEL-BLR,0.154,2026-09-13,T+30,Economy,5390.0,1050.0,500.0,300.0,7240.0,INR,Available,False
2026-08-14T10:30:00,2026-08-14,Airline Direct,Air India,DEL,BLR,DEL-BLR,0.154,2026-09-28,T+45,Economy,4930.0,990.0,460.0,300.0,6680.0,INR,Available,False
2026-08-14T10:30:00,2026-08-14,OTA Aggregator,Air India Express,DEL,BLR,DEL-BLR,0.154,2026-08-15,T+1,Economy,8550.0,1490.0,780.0,300.0,11120.0,INR,Available,False
2026-08-14T10:30:00,2026-08-14,OTA Aggregator,Air India Express,DEL,BLR,DEL-BLR,0.154,2026-08-21,T+7,Economy,6540.0,1190.0,660.0,300.0,8690.0,INR,Available,False
2026-08-14T10:30:00,2026-08-14,OTA Aggregator,Air India Express,DEL,BLR,DEL-BLR,0.154,2026-08-29,T+15,Economy,5260.0,1080.0,490.0,300.0,7130.0,INR,Available,False
2026-08-14T10:30:00,2026-08-14,OTA Aggregator,Air India Express,DEL,BLR,DEL-BLR,0.154,2026-09-13,T+30,Economy,4580.0,890.0,490.0,300.0,6260.0,INR,Available,False
2026-08-14T10:30:00,2026-08-14,OTA Aggregator,Air India Express,DEL,BLR,DEL-BLR,0.154,2026-09-28,T+45,Economy,4370.0,900.0,460.0,300.0,6030.0,INR,Available,False
2026-08-14T10:30:00,2026-08-14,OTA Aggregator,Akasa Air,DEL,BLR,DEL-BLR,0.154,2026-08-15,T+1,Economy,8180.0,1520.0,750.0,300.0,10750.0,INR,Available,False
2026-08-14T10:30:00,2026-08-14,OTA Aggregator,Akasa Air,DEL,BLR,DEL-BLR,0.154,2026-08-21,T+7,Economy,6170.0,1190.0,570.0,300.0,8230.0,INR,Available,False
2026-08-14T10:30:00,2026-08-14,OTA Aggregator,Akasa Air,DEL,BLR,DEL-BLR,0.154,2026-08-29,T+15,Economy,5310.0,950.0,510.0,300.0,7070.0,INR,Available,False
2026-08-14T10:30:00,2026-08-14,OTA Aggregator,Akasa Air,DEL,BLR,DEL-BLR,0.154,2026-09-13,T+30,Economy,4600.0,960.0,510.0,300.0,6370.0,INR,Available,False
2026-08-14T10:30:00,2026-08-14,OTA Aggregator,Akasa Air,DEL,BLR,DEL-BLR,0.154,2026-09-28,T+45,Economy,3990.0,740.0,460.0,300.0,5490.0,INR,Available,False
2026-08-14T10:30:00,2026-08-14,OTA Aggregator,SpiceJet,DEL,BLR,DEL-BLR,0.154,2026-08-15,T+1,Economy,11190.0,2030.0,990.0,250.0,14460.0,INR,Available,True
2026-08-14T10:30:00,2026-08-14,OTA Aggregator,SpiceJet,DEL,BLR,DEL-BLR,0.154,2026-08-21,T+7,Economy,6770.0,1190.0,650.0,250.0,8860.0,INR,Available,False
2026-08-14T10:30:00,2026-08-14,OTA Aggregator,SpiceJet,DEL,BLR,DEL-BLR,0.154,2026-08-29,T+15,Economy,5610.0,1080.0,520.0,250.0,7460.0,INR,Available,False
2026-08-14T10:30:00,2026-08-14,OTA Aggregator,SpiceJet,DEL,BLR,DEL-BLR,0.154,2026-09-13,T+30,Economy,5240.0,1050.0,470.0,250.0,7010.0,INR,Available,False
2026-08-14T10:30:00,2026-08-14,OTA Aggregator,SpiceJet,DEL,BLR,DEL-BLR,0.154,2026-09-28,T+45,Economy,4380.0,940.0,420.0,250.0,5990.0,INR,Available,False
2026-08-14T10:30:00,2026-08-14,Airline Direct,IndiGo,BOM,BLR,BOM-BLR,0.127,2026-08-15,T+1,Economy,9230.0,1600.0,890.0,250.0,11970.0,INR,Available,True
2026-08-14T10:30:00,2026-08-14,Airline Direct,IndiGo,BOM,BLR,BOM-BLR,0.127,2026-08-21,T+7,Economy,5680.0,1060.0,520.0,250.0,7510.0,INR,Available,False
2026-08-14T10:30:00,2026-08-14,Airline Direct,IndiGo,BOM,BLR,BOM-BLR,0.127,2026-08-29,T+15,Economy,5040.0,1030.0,480.0,250.0,6800.0,INR,Available,False
2026-08-14T10:30:00,2026-08-14,Airline Direct,IndiGo,BOM,BLR,BOM-BLR,0.127,2026-09-13,T+30,Economy,4250.0,780.0,410.0,250.0,5690.0,INR,Available,False
2026-08-14T10:30:00,2026-08-14,Airline Direct,IndiGo,BOM,BLR,BOM-BLR,0.127,2026-09-28,T+45,Economy,3780.0,780.0,380.0,250.0,5190.0,INR,Available,False
2026-08-14T10:30:00,2026-08-14,Airline Direct,Air India,BOM,BLR,BOM-BLR,0.127,2026-08-15,T+1,Economy,8090.0,1530.0,750.0,300.0,10670.0,INR,Available,False
2026-08-14T10:30:00,2026-08-14,Airline Direct,Air India,BOM,BLR,BOM-BLR,0.127,2026-08-21,T+7,Economy,6050.0,1130.0,610.0,300.0,8090.0,INR,Available,False
2026-08-14T10:30:00,2026-08-14,Airline Direct,Air India,BOM,BLR,BOM-BLR,0.127,2026-08-29,T+15,Economy,5100.0,980.0,540.0,300.0,6920.0,INR,Available,False
2026-08-14T10:30:00,2026-08-14,Airline Direct,Air India,BOM,BLR,BOM-BLR,0.127,2026-09-13,T+30,Economy,4660.0,930.0,430.0,300.0,6320.0,INR,Available,False
2026-08-14T10:30:00,2026-08-14,Airline Direct,Air India,BOM,BLR,BOM-BLR,0.127,2026-09-28,T+45,Economy,4380.0,830.0,440.0,300.0,5950.0,INR,Available,False
2026-08-14T10:30:00,2026-08-14,OTA Aggregator,Air India Express,BOM,BLR,BOM-BLR,0.127,2026-08-15,T+1,Economy,7070.0,1300.0,680.0,300.0,9350.0,INR,Available,False
2026-08-14T10:30:00,2026-08-14,OTA Aggregator,Air India Express,BOM,BLR,BOM-BLR,0.127,2026-08-21,T+7,Economy,5340.0,1060.0,520.0,300.0,7220.0,INR,Available,False
2026-08-14T10:30:00,2026-08-14,OTA Aggregator,Air India Express,BOM,BLR,BOM-BLR,0.127,2026-08-29,T+15,Economy,4620.0,910.0,430.0,300.0,6260.0,INR,Available,False
2026-08-14T10:30:00,2026-08-14,OTA Aggregator,Air India Express,BOM,BLR,BOM-BLR,0.127,2026-09-13,T+30,Economy,4140.0,830.0,460.0,300.0,5730.0,INR,Available,False
2026-08-14T10:30:00,2026-08-14,OTA Aggregator,Air India Express,BOM,BLR,BOM-BLR,0.127,2026-09-28,T+45,Economy,3820.0,790.0,370.0,300.0,5280.0,INR,Available,False
2026-08-14T10:30:00,2026-08-14,OTA Aggregator,Akasa Air,BOM,BLR,BOM-BLR,0.127,2026-08-15,T+1,Economy,9040.0,1590.0,840.0,300.0,11770.0,INR,Available,True
2026-08-14T10:30:00,2026-08-14,OTA Aggregator,Akasa Air,BOM,BLR,BOM-BLR,0.127,2026-08-21,T+7,Economy,5380.0,1040.0,520.0,300.0,7240.0,INR,Available,False
2026-08-14T10:30:00,2026-08-14,OTA Aggregator,Akasa Air,BOM,BLR,BOM-BLR,0.127,2026-08-29,T+15,Economy,4850.0,940.0,460.0,300.0,6550.0,INR,Available,False
2026-08-14T10:30:00,2026-08-14,OTA Aggregator,Akasa Air,BOM,BLR,BOM-BLR,0.127,2026-09-13,T+30,Economy,4040.0,750.0,390.0,300.0,5480.0,INR,Available,False
2026-08-14T10:30:00,2026-08-14,OTA Aggregator,Akasa Air,BOM,BLR,BOM-BLR,0.127,2026-09-28,T+45,Economy,3710.0,690.0,410.0,300.0,5110.0,INR,Available,False
2026-08-14T10:30:00,2026-08-14,OTA Aggregator,SpiceJet,BOM,BLR,BOM-BLR,0.127,2026-08-15,T+1,Economy,7150.0,1250.0,710.0,250.0,9360.0,INR,Available,False
2026-08-14T10:30:00,2026-08-14,OTA Aggregator,SpiceJet,BOM,BLR,BOM-BLR,0.127,2026-08-21,T+7,Economy,5410.0,970.0,580.0,250.0,7210.0,INR,Available,False
2026-08-14T10:30:00,2026-08-14,OTA Aggregator,SpiceJet,BOM,BLR,BOM-BLR,0.127,2026-08-29,T+15,Economy,4800.0,950.0,500.0,250.0,6500.0,INR,Available,False
2026-08-14T10:30:00,2026-08-14,OTA Aggregator,SpiceJet,BOM,BLR,BOM-BLR,0.127,2026-09-13,T+30,Economy,4310.0,850.0,460.0,250.0,5870.0,INR,Available,False
2026-08-14T10:30:00,2026-08-14,OTA Aggregator,SpiceJet,BOM,BLR,BOM-BLR,0.127,2026-09-28,T+45,Economy,4120.0,890.0,390.0,250.0,5650.0,INR,Available,False
2026-08-14T10:30:00,2026-08-14,Airline Direct,IndiGo,DEL,CCU,DEL-CCU,0.113,2026-08-15,T+1,Economy,6740.0,1210.0,630.0,250.0,8830.0,INR,Available,False
2026-08-14T10:30:00,2026-08-14,Airline Direct,IndiGo,DEL,CCU,DEL-CCU,0.113,2026-08-21,T+7,Economy,5390.0,980.0,530.0,250.0,7150.0,INR,Available,False
2026-08-14T10:30:00,2026-08-14,Airline Direct,IndiGo,DEL,CCU,DEL-CCU,0.113,2026-08-29,T+15,Economy,4470.0,940.0,450.0,250.0,6110.0,INR,Available,False
2026-08-14T10:30:00,2026-08-14,Airline Direct,IndiGo,DEL,CCU,DEL-CCU,0.113,2026-09-13,T+30,Economy,4290.0,890.0,440.0,250.0,5870.0,INR,Available,False
2026-08-14T10:30:00,2026-08-14,Airline Direct,IndiGo,DEL,CCU,DEL-CCU,0.113,2026-09-28,T+45,Economy,3790.0,750.0,440.0,250.0,5230.0,INR,Available,False
2026-08-14T10:30:00,2026-08-14,Airline Direct,Air India,DEL,CCU,DEL-CCU,0.113,2026-08-15,T+1,Economy,7400.0,1400.0,650.0,300.0,9750.0,INR,Available,False
2026-08-14T10:30:00,2026-08-14,Airline Direct,Air India,DEL,CCU,DEL-CCU,0.113,2026-08-21,T+7,Economy,6090.0,1220.0,550.0,300.0,8160.0,INR,Available,False
2026-08-14T10:30:00,2026-08-14,Airline Direct,Air India,DEL,CCU,DEL-CCU,0.113,2026-08-29,T+15,Economy,5040.0,980.0,540.0,300.0,6860.0,INR,Available,False
2026-08-14T10:30:00,2026-08-14,Airline Direct,Air India,DEL,CCU,DEL-CCU,0.113,2026-09-13,T+30,Economy,4650.0,910.0,480.0,300.0,6340.0,INR,Available,False
2026-08-14T10:30:00,2026-08-14,Airline Direct,Air India,DEL,CCU,DEL-CCU,0.113,2026-09-28,T+45,Economy,4210.0,790.0,400.0,300.0,5700.0,INR,Available,False
2026-08-14T10:30:00,2026-08-14,OTA Aggregator,Air India Express,DEL,CCU,DEL-CCU,0.113,2026-08-15,T+1,Economy,6380.0,1220.0,630.0,300.0,8530.0,INR,Available,False
2026-08-14T10:30:00,2026-08-14,OTA Aggregator,Air India Express,DEL,CCU,DEL-CCU,0.113,2026-08-21,T+7,Economy,5010.0,1020.0,530.0,300.0,6860.0,INR,Available,False
2026-08-14T10:30:00,2026-08-14,OTA Aggregator,Air India Express,DEL,CCU,DEL-CCU,0.113,2026-08-29,T+15,Economy,4440.0,900.0,440.0,300.0,6080.0,INR,Available,False
2026-08-14T10:30:00,2026-08-14,OTA Aggregator,Air India Express,DEL,CCU,DEL-CCU,0.113,2026-09-13,T+30,Economy,3720.0,770.0,410.0,300.0,5200.0,INR,Available,False
2026-08-14T10:30:00,2026-08-14,OTA Aggregator,Air India Express,DEL,CCU,DEL-CCU,0.113,2026-09-28,T+45,Economy,3450.0,710.0,370.0,300.0,4830.0,INR,Available,False
2026-08-14T10:30:00,2026-08-14,OTA Aggregator,Akasa Air,DEL,CCU,DEL-CCU,0.113,2026-08-15,T+1,Economy,7110.0,1260.0,660.0,300.0,9330.0,INR,Available,False
2026-08-14T10:30:00,2026-08-14,OTA Aggregator,Akasa Air,DEL,CCU,DEL-CCU,0.113,2026-08-21,T+7,Economy,4980.0,920.0,510.0,300.0,6710.0,INR,Available,False
2026-08-14T10:30:00,2026-08-14,OTA Aggregator,Akasa Air,DEL,CCU,DEL-CCU,0.113,2026-08-29,T+15,Economy,4500.0,860.0,510.0,300.0,6170.0,INR,Available,False
2026-08-14T10:30:00,2026-08-14,OTA Aggregator,Akasa Air,DEL,CCU,DEL-CCU,0.113,2026-09-13,T+30,Economy,3890.0,730.0,420.0,300.0,5340.0,INR,Available,False
2026-08-14T10:30:00,2026-08-14,OTA Aggregator,Akasa Air,DEL,CCU,DEL-CCU,0.113,2026-09-28,T+45,Economy,3820.0,840.0,370.0,300.0,5330.0,INR,Available,False
2026-08-14T10:30:00,2026-08-14,OTA Aggregator,SpiceJet,DEL,CCU,DEL-CCU,0.113,2026-08-15,T+1,Economy,8760.0,1630.0,780.0,250.0,11420.0,INR,Available,True
2026-08-14T10:30:00,2026-08-14,OTA Aggregator,SpiceJet,DEL,CCU,DEL-CCU,0.113,2026-08-21,T+7,Economy,5320.0,1040.0,480.0,250.0,7090.0,INR,Available,False
2026-08-14T10:30:00,2026-08-14,OTA Aggregator,SpiceJet,DEL,CCU,DEL-CCU,0.113,2026-08-29,T+15,Economy,4380.0,840.0,400.0,250.0,5870.0,INR,Available,False
2026-08-14T10:30:00,2026-08-14,OTA Aggregator,SpiceJet,DEL,CCU,DEL-CCU,0.113,2026-09-13,T+30,Economy,4080.0,900.0,440.0,250.0,5670.0,INR,Available,False
2026-08-14T10:30:00,2026-08-14,OTA Aggregator,SpiceJet,DEL,CCU,DEL-CCU,0.113,2026-09-28,T+45,Economy,3620.0,700.0,430.0,250.0,5000.0,INR,Available,False
2026-08-14T10:30:00,2026-08-14,Airline Direct,IndiGo,BLR,HYD,BLR-HYD,0.098,2026-08-15,T+1,Economy,5240.0,1050.0,540.0,250.0,7080.0,INR,Available,False
2026-08-14T10:30:00,2026-08-14,Airline Direct,IndiGo,BLR,HYD,BLR-HYD,0.098,2026-08-21,T+7,Economy,4230.0,880.0,410.0,250.0,5770.0,INR,Available,False
2026-08-14T10:30:00,2026-08-14,Airline Direct,IndiGo,BLR,HYD,BLR-HYD,0.098,2026-08-29,T+15,Economy,3680.0,720.0,390.0,250.0,5040.0,INR,Available,False
2026-08-14T10:30:00,2026-08-14,Airline Direct,IndiGo,BLR,HYD,BLR-HYD,0.098,2026-09-13,T+30,Economy,3010.0,700.0,370.0,250.0,4330.0,INR,Available,False
2026-08-14T10:30:00,2026-08-14,Airline Direct,IndiGo,BLR,HYD,BLR-HYD,0.098,2026-09-28,T+45,Economy,3020.0,710.0,360.0,250.0,4340.0,INR,Available,False
2026-08-14T10:30:00,2026-08-14,Airline Direct,Air India,BLR,HYD,BLR-HYD,0.098,2026-08-15,T+1,Economy,5860.0,1080.0,550.0,300.0,7790.0,INR,Available,False
2026-08-14T10:30:00,2026-08-14,Airline Direct,Air India,BLR,HYD,BLR-HYD,0.098,2026-08-21,T+7,Economy,4500.0,850.0,460.0,300.0,6110.0,INR,Available,False
2026-08-14T10:30:00,2026-08-14,Airline Direct,Air India,BLR,HYD,BLR-HYD,0.098,2026-08-29,T+15,Economy,3800.0,840.0,360.0,300.0,5300.0,INR,Available,False
2026-08-14T10:30:00,2026-08-14,Airline Direct,Air India,BLR,HYD,BLR-HYD,0.098,2026-09-13,T+30,Economy,3490.0,670.0,420.0,300.0,4880.0,INR,Available,False
2026-08-14T10:30:00,2026-08-14,Airline Direct,Air India,BLR,HYD,BLR-HYD,0.098,2026-09-28,T+45,Economy,3230.0,700.0,340.0,300.0,4570.0,INR,Available,False
2026-08-14T10:30:00,2026-08-14,OTA Aggregator,Air India Express,BLR,HYD,BLR-HYD,0.098,2026-08-15,T+1,Economy,4890.0,890.0,530.0,300.0,6610.0,INR,Available,False
2026-08-14T10:30:00,2026-08-14,OTA Aggregator,Air India Express,BLR,HYD,BLR-HYD,0.098,2026-08-21,T+7,Economy,4000.0,810.0,430.0,300.0,5540.0,INR,Available,False
2026-08-14T10:30:00,2026-08-14,OTA Aggregator,Air India Express,BLR,HYD,BLR-HYD,0.098,2026-08-29,T+15,Economy,3390.0,760.0,370.0,300.0,4820.0,INR,Available,False
2026-08-14T10:30:00,2026-08-14,OTA Aggregator,Air India Express,BLR,HYD,BLR-HYD,0.098,2026-09-13,T+30,Economy,2760.0,630.0,320.0,300.0,4010.0,INR,Available,False
2026-08-14T10:30:00,2026-08-14,OTA Aggregator,Air India Express,BLR,HYD,BLR-HYD,0.098,2026-09-28,T+45,Economy,2640.0,650.0,340.0,300.0,3930.0,INR,Available,False
2026-08-14T10:30:00,2026-08-14,OTA Aggregator,Akasa Air,BLR,HYD,BLR-HYD,0.098,2026-08-15,T+1,Economy,5310.0,980.0,520.0,300.0,7110.0,INR,Available,False
2026-08-14T10:30:00,2026-08-14,OTA Aggregator,Akasa Air,BLR,HYD,BLR-HYD,0.098,2026-08-21,T+7,Economy,3890.0,800.0,440.0,300.0,5430.0,INR,Available,False
2026-08-14T10:30:00,2026-08-14,OTA Aggregator,Akasa Air,BLR,HYD,BLR-HYD,0.098,2026-08-29,T+15,Economy,3450.0,710.0,390.0,300.0,4850.0,INR,Available,False
2026-08-14T10:30:00,2026-08-14,OTA Aggregator,Akasa Air,BLR,HYD,BLR-HYD,0.098,2026-09-13,T+30,Economy,2890.0,680.0,290.0,300.0,4160.0,INR,Available,False
2026-08-14T10:30:00,2026-08-14,OTA Aggregator,Akasa Air,BLR,HYD,BLR-HYD,0.098,2026-09-28,T+45,Economy,2670.0,570.0,350.0,300.0,3890.0,INR,Available,False
2026-08-14T10:30:00,2026-08-14,OTA Aggregator,SpiceJet,BLR,HYD,BLR-HYD,0.098,2026-08-15,T+1,Economy,5270.0,980.0,480.0,250.0,6980.0,INR,Available,False
2026-08-14T10:30:00,2026-08-14,OTA Aggregator,SpiceJet,BLR,HYD,BLR-HYD,0.098,2026-08-21,T+7,Economy,4040.0,850.0,420.0,250.0,5560.0,INR,Available,False
2026-08-14T10:30:00,2026-08-14,OTA Aggregator,SpiceJet,BLR,HYD,BLR-HYD,0.098,2026-08-29,T+15,Economy,3490.0,660.0,420.0,250.0,4820.0,INR,Available,False
2026-08-14T10:30:00,2026-08-14,OTA Aggregator,SpiceJet,BLR,HYD,BLR-HYD,0.098,2026-09-13,T+30,Economy,2940.0,590.0,300.0,250.0,4080.0,INR,Available,False
2026-08-14T10:30:00,2026-08-14,OTA Aggregator,SpiceJet,BLR,HYD,BLR-HYD,0.098,2026-09-28,T+45,Economy,2850.0,620.0,310.0,250.0,4030.0,INR,Available,False
2026-08-14T10:30:00,2026-08-14,Airline Direct,IndiGo,MAA,DEL,MAA-DEL,0.086,2026-08-15,T+1,Economy,8380.0,1510.0,780.0,250.0,10920.0,INR,Available,False
2026-08-14T10:30:00,2026-08-14,Airline Direct,IndiGo,MAA,DEL,MAA-DEL,0.086,2026-08-21,T+7,Economy,6030.0,1210.0,550.0,250.0,8040.0,INR,Available,False
2026-08-14T10:30:00,2026-08-14,Airline Direct,IndiGo,MAA,DEL,MAA-DEL,0.086,2026-08-29,T+15,Economy,5530.0,1130.0,490.0,250.0,7400.0,INR,Available,False
2026-08-14T10:30:00,2026-08-14,Airline Direct,IndiGo,MAA,DEL,MAA-DEL,0.086,2026-09-13,T+30,Economy,4350.0,860.0,460.0,250.0,5920.0,INR,Available,False
2026-08-14T10:30:00,2026-08-14,Airline Direct,IndiGo,MAA,DEL,MAA-DEL,0.086,2026-09-28,T+45,Economy,4280.0,850.0,430.0,250.0,5810.0,INR,Available,False
2026-08-14T10:30:00,2026-08-14,Airline Direct,Air India,MAA,DEL,MAA-DEL,0.086,2026-08-15,T+1,Economy,9140.0,1600.0,840.0,300.0,11880.0,INR,Available,False
2026-08-14T10:30:00,2026-08-14,Airline Direct,Air India,MAA,DEL,MAA-DEL,0.086,2026-08-21,T+7,Economy,7100.0,1320.0,650.0,300.0,9370.0,INR,Available,False
2026-08-14T10:30:00,2026-08-14,Airline Direct,Air India,MAA,DEL,MAA-DEL,0.086,2026-08-29,T+15,Economy,5420.0,990.0,500.0,300.0,7210.0,INR,Available,False
2026-08-14T10:30:00,2026-08-14,Airline Direct,Air India,MAA,DEL,MAA-DEL,0.086,2026-09-13,T+30,Economy,5030.0,920.0,520.0,300.0,6770.0,INR,Available,False
2026-08-14T10:30:00,2026-08-14,Airline Direct,Air India,MAA,DEL,MAA-DEL,0.086,2026-09-28,T+45,Economy,4720.0,960.0,430.0,300.0,6410.0,INR,Available,False
2026-08-14T10:30:00,2026-08-14,OTA Aggregator,Air India Express,MAA,DEL,MAA-DEL,0.086,2026-08-15,T+1,Economy,7580.0,1440.0,700.0,300.0,10020.0,INR,Available,False
2026-08-14T10:30:00,2026-08-14,OTA Aggregator,Air India Express,MAA,DEL,MAA-DEL,0.086,2026-08-21,T+7,Economy,5890.0,1120.0,610.0,300.0,7920.0,INR,Available,False
2026-08-14T10:30:00,2026-08-14,OTA Aggregator,Air India Express,MAA,DEL,MAA-DEL,0.086,2026-08-29,T+15,Economy,4970.0,910.0,470.0,300.0,6650.0,INR,Available,False
2026-08-14T10:30:00,2026-08-14,OTA Aggregator,Air India Express,MAA,DEL,MAA-DEL,0.086,2026-09-13,T+30,Economy,4620.0,960.0,520.0,300.0,6400.0,INR,Available,False
2026-08-14T10:30:00,2026-08-14,OTA Aggregator,Air India Express,MAA,DEL,MAA-DEL,0.086,2026-09-28,T+45,Economy,3770.0,760.0,360.0,300.0,5190.0,INR,Available,False
2026-08-14T10:30:00,2026-08-14,OTA Aggregator,Akasa Air,MAA,DEL,MAA-DEL,0.086,2026-08-15,T+1,Economy,7830.0,1430.0,750.0,300.0,10310.0,INR,Available,False
2026-08-14T10:30:00,2026-08-14,OTA Aggregator,Akasa Air,MAA,DEL,MAA-DEL,0.086,2026-08-21,T+7,Economy,6210.0,1210.0,600.0,300.0,8320.0,INR,Available,False
2026-08-14T10:30:00,2026-08-14,OTA Aggregator,Akasa Air,MAA,DEL,MAA-DEL,0.086,2026-08-29,T+15,Economy,4890.0,920.0,510.0,300.0,6620.0,INR,Available,False
2026-08-14T10:30:00,2026-08-14,OTA Aggregator,Akasa Air,MAA,DEL,MAA-DEL,0.086,2026-09-13,T+30,Economy,4670.0,880.0,440.0,300.0,6290.0,INR,Available,False
2026-08-14T10:30:00,2026-08-14,OTA Aggregator,Akasa Air,MAA,DEL,MAA-DEL,0.086,2026-09-28,T+45,Economy,3790.0,800.0,360.0,300.0,5250.0,INR,Available,False
2026-08-14T10:30:00,2026-08-14,OTA Aggregator,SpiceJet,MAA,DEL,MAA-DEL,0.086,2026-08-15,T+1,Economy,7940.0,1410.0,690.0,250.0,10290.0,INR,Available,False
2026-08-14T10:30:00,2026-08-14,OTA Aggregator,SpiceJet,MAA,DEL,MAA-DEL,0.086,2026-08-21,T+7,Economy,6000.0,1180.0,590.0,250.0,8020.0,INR,Available,False
2026-08-14T10:30:00,2026-08-14,OTA Aggregator,SpiceJet,MAA,DEL,MAA-DEL,0.086,2026-08-29,T+15,Economy,5260.0,1090.0,510.0,250.0,7110.0,INR,Available,False
2026-08-14T10:30:00,2026-08-14,OTA Aggregator,SpiceJet,MAA,DEL,MAA-DEL,0.086,2026-09-13,T+30,Economy,4430.0,870.0,500.0,250.0,6050.0,INR,Available,False
2026-08-14T10:30:00,2026-08-14,OTA Aggregator,SpiceJet,MAA,DEL,MAA-DEL,0.086,2026-09-28,T+45,Economy,4170.0,850.0,410.0,250.0,5680.0,INR,Available,False
2026-08-14T10:30:00,2026-08-14,Airline Direct,IndiGo,BOM,DEL,BOM-DEL,0.135,2026-08-15,T+1,Economy,9230.0,1630.0,880.0,250.0,11990.0,INR,Available,False
2026-08-14T10:30:00,2026-08-14,Airline Direct,IndiGo,BOM,DEL,BOM-DEL,0.135,2026-08-21,T+7,Economy,6860.0,1200.0,630.0,250.0,8940.0,INR,Available,False
2026-08-14T10:30:00,2026-08-14,Airline Direct,IndiGo,BOM,DEL,BOM-DEL,0.135,2026-08-29,T+15,Economy,5940.0,1090.0,580.0,250.0,7860.0,INR,Available,False
2026-08-14T10:30:00,2026-08-14,Airline Direct,IndiGo,BOM,DEL,BOM-DEL,0.135,2026-09-13,T+30,Economy,5310.0,1070.0,490.0,250.0,7120.0,INR,Available,False
2026-08-14T10:30:00,2026-08-14,Airline Direct,IndiGo,BOM,DEL,BOM-DEL,0.135,2026-09-28,T+45,Economy,4890.0,940.0,480.0,250.0,6560.0,INR,Available,False
2026-08-14T10:30:00,2026-08-14,Airline Direct,Air India,BOM,DEL,BOM-DEL,0.135,2026-08-15,T+1,Economy,9540.0,1770.0,830.0,300.0,12440.0,INR,Available,False
2026-08-14T10:30:00,2026-08-14,Airline Direct,Air India,BOM,DEL,BOM-DEL,0.135,2026-08-21,T+7,Economy,7420.0,1340.0,680.0,300.0,9740.0,INR,Available,False
2026-08-14T10:30:00,2026-08-14,Airline Direct,Air India,BOM,DEL,BOM-DEL,0.135,2026-08-29,T+15,Economy,5870.0,1050.0,590.0,300.0,7810.0,INR,Available,False
2026-08-14T10:30:00,2026-08-14,Airline Direct,Air India,BOM,DEL,BOM-DEL,0.135,2026-09-13,T+30,Economy,5360.0,1080.0,560.0,300.0,7300.0,INR,Available,False
2026-08-14T10:30:00,2026-08-14,Airline Direct,Air India,BOM,DEL,BOM-DEL,0.135,2026-09-28,T+45,Economy,5120.0,990.0,490.0,300.0,6900.0,INR,Available,False
2026-08-14T10:30:00,2026-08-14,OTA Aggregator,Air India Express,BOM,DEL,BOM-DEL,0.135,2026-08-15,T+1,Economy,7980.0,1490.0,690.0,300.0,10460.0,INR,Available,False
2026-08-14T10:30:00,2026-08-14,OTA Aggregator,Air India Express,BOM,DEL,BOM-DEL,0.135,2026-08-21,T+7,Economy,6670.0,1180.0,580.0,300.0,8730.0,INR,Available,False
2026-08-14T10:30:00,2026-08-14,OTA Aggregator,Air India Express,BOM,DEL,BOM-DEL,0.135,2026-08-29,T+15,Economy,5420.0,1110.0,540.0,300.0,7370.0,INR,Available,False
2026-08-14T10:30:00,2026-08-14,OTA Aggregator,Air India Express,BOM,DEL,BOM-DEL,0.135,2026-09-13,T+30,Economy,4690.0,910.0,510.0,300.0,6410.0,INR,Available,False
2026-08-14T10:30:00,2026-08-14,OTA Aggregator,Air India Express,BOM,DEL,BOM-DEL,0.135,2026-09-28,T+45,Economy,4150.0,800.0,420.0,300.0,5670.0,INR,Available,False
2026-08-14T10:30:00,2026-08-14,OTA Aggregator,Akasa Air,BOM,DEL,BOM-DEL,0.135,2026-08-15,T+1,Economy,8250.0,1520.0,740.0,300.0,10810.0,INR,Available,False
2026-08-14T10:30:00,2026-08-14,OTA Aggregator,Akasa Air,BOM,DEL,BOM-DEL,0.135,2026-08-21,T+7,Economy,6450.0,1160.0,610.0,300.0,8520.0,INR,Available,False
2026-08-14T10:30:00,2026-08-14,OTA Aggregator,Akasa Air,BOM,DEL,BOM-DEL,0.135,2026-08-29,T+15,Economy,5650.0,1140.0,540.0,300.0,7630.0,INR,Available,False
2026-08-14T10:30:00,2026-08-14,OTA Aggregator,Akasa Air,BOM,DEL,BOM-DEL,0.135,2026-09-13,T+30,Economy,4690.0,870.0,430.0,300.0,6290.0,INR,Available,False
2026-08-14T10:30:00,2026-08-14,OTA Aggregator,Akasa Air,BOM,DEL,BOM-DEL,0.135,2026-09-28,T+45,Economy,4630.0,890.0,440.0,300.0,6260.0,INR,Available,False
2026-08-14T10:30:00,2026-08-14,OTA Aggregator,SpiceJet,BOM,DEL,BOM-DEL,0.135,2026-08-15,T+1,Economy,11140.0,1970.0,980.0,250.0,14340.0,INR,Available,True
2026-08-14T10:30:00,2026-08-14,OTA Aggregator,SpiceJet,BOM,DEL,BOM-DEL,0.135,2026-08-21,T+7,Economy,6590.0,1230.0,630.0,250.0,8700.0,INR,Available,False
2026-08-14T10:30:00,2026-08-14,OTA Aggregator,SpiceJet,BOM,DEL,BOM-DEL,0.135,2026-08-29,T+15,Economy,5520.0,1090.0,580.0,250.0,7440.0,INR,Available,False
2026-08-14T10:30:00,2026-08-14,OTA Aggregator,SpiceJet,BOM,DEL,BOM-DEL,0.135,2026-09-13,T+30,Economy,4820.0,900.0,450.0,250.0,6420.0,INR,Available,False
2026-08-14T10:30:00,2026-08-14,OTA Aggregator,SpiceJet,BOM,DEL,BOM-DEL,0.135,2026-09-28,T+45,Economy,4550.0,910.0,450.0,250.0,6160.0,INR,Available,False
2026-08-14T10:30:00,2026-08-14,Airline Direct,IndiGo,HYD,DEL,HYD-DEL,0.105,2026-08-15,T+1,Economy,7010.0,1310.0,660.0,250.0,9230.0,INR,Available,False
2026-08-14T10:30:00,2026-08-14,Airline Direct,IndiGo,HYD,DEL,HYD-DEL,0.105,2026-08-21,T+7,Economy,5230.0,1060.0,530.0,250.0,7070.0,INR,Available,False
2026-08-14T10:30:00,2026-08-14,Airline Direct,IndiGo,HYD,DEL,HYD-DEL,0.105,2026-08-29,T+15,Economy,4270.0,800.0,450.0,250.0,5770.0,INR,Available,False
2026-08-14T10:30:00,2026-08-14,Airline Direct,IndiGo,HYD,DEL,HYD-DEL,0.105,2026-09-13,T+30,Economy,4040.0,840.0,390.0,250.0,5520.0,INR,Available,False
2026-08-14T10:30:00,2026-08-14,Airline Direct,IndiGo,HYD,DEL,HYD-DEL,0.105,2026-09-28,T+45,Economy,3680.0,800.0,410.0,250.0,5140.0,INR,Available,False
2026-08-14T10:30:00,2026-08-14,Airline Direct,Air India,HYD,DEL,HYD-DEL,0.105,2026-08-15,T+1,Economy,7360.0,1380.0,660.0,300.0,9700.0,INR,Available,False
2026-08-14T10:30:00,2026-08-14,Airline Direct,Air India,HYD,DEL,HYD-DEL,0.105,2026-08-21,T+7,Economy,5620.0,1090.0,590.0,300.0,7600.0,INR,Available,False
2026-08-14T10:30:00,2026-08-14,Airline Direct,Air India,HYD,DEL,HYD-DEL,0.105,2026-08-29,T+15,Economy,4630.0,970.0,450.0,300.0,6350.0,INR,Available,False
2026-08-14T10:30:00,2026-08-14,Airline Direct,Air India,HYD,DEL,HYD-DEL,0.105,2026-09-13,T+30,Economy,4480.0,960.0,470.0,300.0,6210.0,INR,Available,False
2026-08-14T10:30:00,2026-08-14,Airline Direct,Air India,HYD,DEL,HYD-DEL,0.105,2026-09-28,T+45,Economy,3960.0,740.0,450.0,300.0,5450.0,INR,Available,False
2026-08-14T10:30:00,2026-08-14,OTA Aggregator,Air India Express,HYD,DEL,HYD-DEL,0.105,2026-08-15,T+1,Economy,7670.0,1430.0,700.0,300.0,10100.0,INR,Available,True
2026-08-14T10:30:00,2026-08-14,OTA Aggregator,Air India Express,HYD,DEL,HYD-DEL,0.105,2026-08-21,T+7,Economy,5110.0,970.0,470.0,300.0,6850.0,INR,Available,False
2026-08-14T10:30:00,2026-08-14,OTA Aggregator,Air India Express,HYD,DEL,HYD-DEL,0.105,2026-08-29,T+15,Economy,4260.0,790.0,450.0,300.0,5800.0,INR,Available,False
2026-08-14T10:30:00,2026-08-14,OTA Aggregator,Air India Express,HYD,DEL,HYD-DEL,0.105,2026-09-13,T+30,Economy,3810.0,790.0,400.0,300.0,5300.0,INR,Available,False
2026-08-14T10:30:00,2026-08-14,OTA Aggregator,Air India Express,HYD,DEL,HYD-DEL,0.105,2026-09-28,T+45,Economy,3320.0,690.0,320.0,300.0,4630.0,INR,Available,False
2026-08-14T10:30:00,2026-08-14,OTA Aggregator,Akasa Air,HYD,DEL,HYD-DEL,0.105,2026-08-15,T+1,Economy,6340.0,1240.0,600.0,300.0,8480.0,INR,Available,False
2026-08-14T10:30:00,2026-08-14,OTA Aggregator,Akasa Air,HYD,DEL,HYD-DEL,0.105,2026-08-21,T+7,Economy,5100.0,920.0,470.0,300.0,6790.0,INR,Available,False
2026-08-14T10:30:00,2026-08-14,OTA Aggregator,Akasa Air,HYD,DEL,HYD-DEL,0.105,2026-08-29,T+15,Economy,4300.0,890.0,400.0,300.0,5890.0,INR,Available,False
2026-08-14T10:30:00,2026-08-14,OTA Aggregator,Akasa Air,HYD,DEL,HYD-DEL,0.105,2026-09-13,T+30,Economy,3670.0,720.0,420.0,300.0,5110.0,INR,Available,False
2026-08-14T10:30:00,2026-08-14,OTA Aggregator,Akasa Air,HYD,DEL,HYD-DEL,0.105,2026-09-28,T+45,Economy,3420.0,740.0,330.0,300.0,4790.0,INR,Available,False
2026-08-14T10:30:00,2026-08-14,OTA Aggregator,SpiceJet,HYD,DEL,HYD-DEL,0.105,2026-08-15,T+1,Economy,6810.0,1310.0,620.0,250.0,8990.0,INR,Available,False
2026-08-14T10:30:00,2026-08-14,OTA Aggregator,SpiceJet,HYD,DEL,HYD-DEL,0.105,2026-08-21,T+7,Economy,4890.0,890.0,460.0,250.0,6490.0,INR,Available,False
2026-08-14T10:30:00,2026-08-14,OTA Aggregator,SpiceJet,HYD,DEL,HYD-DEL,0.105,2026-08-29,T+15,Economy,4420.0,830.0,440.0,250.0,5940.0,INR,Available,False
2026-08-14T10:30:00,2026-08-14,OTA Aggregator,SpiceJet,HYD,DEL,HYD-DEL,0.105,2026-09-13,T+30,Economy,3790.0,780.0,380.0,250.0,5200.0,INR,Available,False
2026-08-14T10:30:00,2026-08-14,OTA Aggregator,SpiceJet,HYD,DEL,HYD-DEL,0.105,2026-09-28,T+45,Economy,3130.0,610.0,360.0,250.0,4350.0,INR,Available,False
2026-08-15T10:30:00,2026-08-15,Airline Direct,IndiGo,DEL,BOM,DEL-BOM,0.182,2026-08-16,T+1,Economy,9530.0,1740.0,900.0,300.0,12470.0,INR,Available,False
2026-08-15T10:30:00,2026-08-15,Airline Direct,IndiGo,DEL,BOM,DEL-BOM,0.182,2026-08-22,T+7,Economy,7560.0,1380.0,670.0,300.0,9910.0,INR,Available,False
2026-08-15T10:30:00,2026-08-15,Airline Direct,IndiGo,DEL,BOM,DEL-BOM,0.182,2026-08-30,T+15,Economy,6400.0,1190.0,570.0,300.0,8460.0,INR,Available,False
2026-08-15T10:30:00,2026-08-15,Airline Direct,IndiGo,DEL,BOM,DEL-BOM,0.182,2026-09-14,T+30,Economy,5900.0,1170.0,530.0,300.0,7900.0,INR,Available,False
2026-08-15T10:30:00,2026-08-15,Airline Direct,IndiGo,DEL,BOM,DEL-BOM,0.182,2026-09-29,T+45,Economy,5610.0,1090.0,580.0,300.0,7580.0,INR,Available,False
2026-08-15T10:30:00,2026-08-15,Airline Direct,Air India,DEL,BOM,DEL-BOM,0.182,2026-08-16,T+1,Economy,10810.0,1950.0,960.0,250.0,13970.0,INR,Available,False
2026-08-15T10:30:00,2026-08-15,Airline Direct,Air India,DEL,BOM,DEL-BOM,0.182,2026-08-22,T+7,Economy,8400.0,1510.0,800.0,250.0,10960.0,INR,Available,False
2026-08-15T10:30:00,2026-08-15,Airline Direct,Air India,DEL,BOM,DEL-BOM,0.182,2026-08-30,T+15,Economy,7340.0,1400.0,690.0,250.0,9680.0,INR,Available,False
2026-08-15T10:30:00,2026-08-15,Airline Direct,Air India,DEL,BOM,DEL-BOM,0.182,2026-09-14,T+30,Economy,6200.0,1240.0,620.0,250.0,8310.0,INR,Available,False
2026-08-15T10:30:00,2026-08-15,Airline Direct,Air India,DEL,BOM,DEL-BOM,0.182,2026-09-29,T+45,Economy,5460.0,1100.0,490.0,250.0,7300.0,INR,Available,False
2026-08-15T10:30:00,2026-08-15,OTA Aggregator,Air India Express,DEL,BOM,DEL-BOM,0.182,2026-08-16,T+1,Economy,9980.0,1700.0,930.0,250.0,12860.0,INR,Available,False
2026-08-15T10:30:00,2026-08-15,OTA Aggregator,Air India Express,DEL,BOM,DEL-BOM,0.182,2026-08-22,T+7,Economy,7040.0,1310.0,630.0,250.0,9230.0,INR,Available,False
2026-08-15T10:30:00,2026-08-15,OTA Aggregator,Air India Express,DEL,BOM,DEL-BOM,0.182,2026-08-30,T+15,Economy,5850.0,1120.0,520.0,250.0,7740.0,INR,Available,False
2026-08-15T10:30:00,2026-08-15,OTA Aggregator,Air India Express,DEL,BOM,DEL-BOM,0.182,2026-09-14,T+30,Economy,5130.0,940.0,540.0,250.0,6860.0,INR,Available,False
2026-08-15T10:30:00,2026-08-15,OTA Aggregator,Air India Express,DEL,BOM,DEL-BOM,0.182,2026-09-29,T+45,Economy,4820.0,940.0,490.0,250.0,6500.0,INR,Available,False
2026-08-15T10:30:00,2026-08-15,OTA Aggregator,Akasa Air,DEL,BOM,DEL-BOM,0.182,2026-08-16,T+1,Economy,9320.0,1660.0,870.0,250.0,12100.0,INR,Available,False
2026-08-15T10:30:00,2026-08-15,OTA Aggregator,Akasa Air,DEL,BOM,DEL-BOM,0.182,2026-08-22,T+7,Economy,7090.0,1260.0,660.0,250.0,9260.0,INR,Available,False
2026-08-15T10:30:00,2026-08-15,OTA Aggregator,Akasa Air,DEL,BOM,DEL-BOM,0.182,2026-08-30,T+15,Economy,6290.0,1170.0,630.0,250.0,8340.0,INR,Available,False
2026-08-15T10:30:00,2026-08-15,OTA Aggregator,Akasa Air,DEL,BOM,DEL-BOM,0.182,2026-09-14,T+30,Economy,5070.0,940.0,480.0,250.0,6740.0,INR,Available,False
2026-08-15T10:30:00,2026-08-15,OTA Aggregator,Akasa Air,DEL,BOM,DEL-BOM,0.182,2026-09-29,T+45,Economy,5220.0,1020.0,510.0,250.0,7000.0,INR,Available,False
2026-08-15T10:30:00,2026-08-15,OTA Aggregator,SpiceJet,DEL,BOM,DEL-BOM,0.182,2026-08-16,T+1,Economy,9250.0,1710.0,820.0,300.0,12080.0,INR,Available,False
2026-08-15T10:30:00,2026-08-15,OTA Aggregator,SpiceJet,DEL,BOM,DEL-BOM,0.182,2026-08-22,T+7,Economy,7490.0,1370.0,750.0,300.0,9910.0,INR,Available,False
2026-08-15T10:30:00,2026-08-15,OTA Aggregator,SpiceJet,DEL,BOM,DEL-BOM,0.182,2026-08-30,T+15,Economy,6580.0,1170.0,640.0,300.0,8690.0,INR,Available,False
2026-08-15T10:30:00,2026-08-15,OTA Aggregator,SpiceJet,DEL,BOM,DEL-BOM,0.182,2026-09-14,T+30,Economy,5210.0,950.0,560.0,300.0,7020.0,INR,Available,False
2026-08-15T10:30:00,2026-08-15,OTA Aggregator,SpiceJet,DEL,BOM,DEL-BOM,0.182,2026-09-29,T+45,Economy,5260.0,1050.0,530.0,300.0,7140.0,INR,Available,False
2026-08-15T10:30:00,2026-08-15,Airline Direct,IndiGo,DEL,BLR,DEL-BLR,0.154,2026-08-16,T+1,Economy,9750.0,1790.0,930.0,300.0,12770.0,INR,Available,False
2026-08-15T10:30:00,2026-08-15,Airline Direct,IndiGo,DEL,BLR,DEL-BLR,0.154,2026-08-22,T+7,Economy,7550.0,1400.0,710.0,300.0,9960.0,INR,Available,False
2026-08-15T10:30:00,2026-08-15,Airline Direct,IndiGo,DEL,BLR,DEL-BLR,0.154,2026-08-30,T+15,Economy,6260.0,1170.0,570.0,300.0,8300.0,INR,Available,False
2026-08-15T10:30:00,2026-08-15,Airline Direct,IndiGo,DEL,BLR,DEL-BLR,0.154,2026-09-14,T+30,Economy,4990.0,970.0,550.0,300.0,6810.0,INR,Available,False
2026-08-15T10:30:00,2026-08-15,Airline Direct,IndiGo,DEL,BLR,DEL-BLR,0.154,2026-09-29,T+45,Economy,5040.0,960.0,500.0,300.0,6800.0,INR,Available,False
2026-08-15T10:30:00,2026-08-15,Airline Direct,Air India,DEL,BLR,DEL-BLR,0.154,2026-08-16,T+1,Economy,10420.0,1790.0,940.0,250.0,13400.0,INR,Available,False
2026-08-15T10:30:00,2026-08-15,Airline Direct,Air India,DEL,BLR,DEL-BLR,0.154,2026-08-22,T+7,Economy,8340.0,1470.0,740.0,250.0,10800.0,INR,Available,False
2026-08-15T10:30:00,2026-08-15,Airline Direct,Air India,DEL,BLR,DEL-BLR,0.154,2026-08-30,T+15,Economy,6590.0,1300.0,610.0,250.0,8750.0,INR,Available,False
2026-08-15T10:30:00,2026-08-15,Airline Direct,Air India,DEL,BLR,DEL-BLR,0.154,2026-09-14,T+30,Economy,5810.0,1050.0,530.0,250.0,7640.0,INR,Available,False
2026-08-15T10:30:00,2026-08-15,Airline Direct,Air India,DEL,BLR,DEL-BLR,0.154,2026-09-29,T+45,Economy,5280.0,1070.0,570.0,250.0,7170.0,INR,Available,False
2026-08-15T10:30:00,2026-08-15,OTA Aggregator,Air India Express,DEL,BLR,DEL-BLR,0.154,2026-08-16,T+1,Economy,8800.0,1580.0,760.0,250.0,11390.0,INR,Available,False
2026-08-15T10:30:00,2026-08-15,OTA Aggregator,Air India Express,DEL,BLR,DEL-BLR,0.154,2026-08-22,T+7,Economy,6500.0,1180.0,590.0,250.0,8520.0,INR,Available,False
2026-08-15T10:30:00,2026-08-15,OTA Aggregator,Air India Express,DEL,BLR,DEL-BLR,0.154,2026-08-30,T+15,Economy,6120.0,1180.0,580.0,250.0,8130.0,INR,Available,False
2026-08-15T10:30:00,2026-08-15,OTA Aggregator,Air India Express,DEL,BLR,DEL-BLR,0.154,2026-09-14,T+30,Economy,5100.0,1000.0,540.0,250.0,6890.0,INR,Available,False
2026-08-15T10:30:00,2026-08-15,OTA Aggregator,Air India Express,DEL,BLR,DEL-BLR,0.154,2026-09-29,T+45,Economy,4460.0,830.0,490.0,250.0,6030.0,INR,Available,False
2026-08-15T10:30:00,2026-08-15,OTA Aggregator,Akasa Air,DEL,BLR,DEL-BLR,0.154,2026-08-16,T+1,Economy,8720.0,1560.0,840.0,250.0,11370.0,INR,Available,False
2026-08-15T10:30:00,2026-08-15,OTA Aggregator,Akasa Air,DEL,BLR,DEL-BLR,0.154,2026-08-22,T+7,Economy,6990.0,1240.0,670.0,250.0,9150.0,INR,Available,False
2026-08-15T10:30:00,2026-08-15,OTA Aggregator,Akasa Air,DEL,BLR,DEL-BLR,0.154,2026-08-30,T+15,Economy,5980.0,1110.0,620.0,250.0,7960.0,INR,Available,False
2026-08-15T10:30:00,2026-08-15,OTA Aggregator,Akasa Air,DEL,BLR,DEL-BLR,0.154,2026-09-14,T+30,Economy,5090.0,1050.0,480.0,250.0,6870.0,INR,Available,False
2026-08-15T10:30:00,2026-08-15,OTA Aggregator,Akasa Air,DEL,BLR,DEL-BLR,0.154,2026-09-29,T+45,Economy,4640.0,920.0,450.0,250.0,6260.0,INR,Available,False
2026-08-15T10:30:00,2026-08-15,OTA Aggregator,SpiceJet,DEL,BLR,DEL-BLR,0.154,2026-08-16,T+1,Economy,10790.0,1860.0,940.0,300.0,13890.0,INR,Available,True
2026-08-15T10:30:00,2026-08-15,OTA Aggregator,SpiceJet,DEL,BLR,DEL-BLR,0.154,2026-08-22,T+7,Economy,6740.0,1310.0,660.0,300.0,9010.0,INR,Available,False
2026-08-15T10:30:00,2026-08-15,OTA Aggregator,SpiceJet,DEL,BLR,DEL-BLR,0.154,2026-08-30,T+15,Economy,5960.0,1070.0,590.0,300.0,7920.0,INR,Available,False
2026-08-15T10:30:00,2026-08-15,OTA Aggregator,SpiceJet,DEL,BLR,DEL-BLR,0.154,2026-09-14,T+30,Economy,5290.0,950.0,500.0,300.0,7040.0,INR,Available,False
2026-08-15T10:30:00,2026-08-15,OTA Aggregator,SpiceJet,DEL,BLR,DEL-BLR,0.154,2026-09-29,T+45,Economy,4830.0,1010.0,530.0,300.0,6670.0,INR,Available,False
2026-08-15T10:30:00,2026-08-15,Airline Direct,IndiGo,BOM,BLR,BOM-BLR,0.127,2026-08-16,T+1,Economy,8340.0,1510.0,740.0,300.0,10890.0,INR,Available,False
2026-08-15T10:30:00,2026-08-15,Airline Direct,IndiGo,BOM,BLR,BOM-BLR,0.127,2026-08-22,T+7,Economy,6400.0,1150.0,640.0,300.0,8490.0,INR,Available,False
2026-08-15T10:30:00,2026-08-15,Airline Direct,IndiGo,BOM,BLR,BOM-BLR,0.127,2026-08-30,T+15,Economy,5290.0,1090.0,490.0,300.0,7170.0,INR,Available,False
2026-08-15T10:30:00,2026-08-15,Airline Direct,IndiGo,BOM,BLR,BOM-BLR,0.127,2026-09-14,T+30,Economy,4430.0,960.0,500.0,300.0,6190.0,INR,Available,False
2026-08-15T10:30:00,2026-08-15,Airline Direct,IndiGo,BOM,BLR,BOM-BLR,0.127,2026-09-29,T+45,Economy,4060.0,800.0,420.0,300.0,5580.0,INR,Available,False
2026-08-15T10:30:00,2026-08-15,Airline Direct,Air India,BOM,BLR,BOM-BLR,0.127,2026-08-16,T+1,Economy,8780.0,1550.0,850.0,250.0,11430.0,INR,Available,False
2026-08-15T10:30:00,2026-08-15,Airline Direct,Air India,BOM,BLR,BOM-BLR,0.127,2026-08-22,T+7,Economy,6840.0,1190.0,660.0,250.0,8940.0,INR,Available,False
2026-08-15T10:30:00,2026-08-15,Airline Direct,Air India,BOM,BLR,BOM-BLR,0.127,2026-08-30,T+15,Economy,5590.0,1130.0,530.0,250.0,7500.0,INR,Available,False
2026-08-15T10:30:00,2026-08-15,Airline Direct,Air India,BOM,BLR,BOM-BLR,0.127,2026-09-14,T+30,Economy,5070.0,1020.0,520.0,250.0,6860.0,INR,Available,False
2026-08-15T10:30:00,2026-08-15,Airline Direct,Air India,BOM,BLR,BOM-BLR,0.127,2026-09-29,T+45,Economy,4410.0,850.0,430.0,250.0,5940.0,INR,Available,False
2026-08-15T10:30:00,2026-08-15,OTA Aggregator,Air India Express,BOM,BLR,BOM-BLR,0.127,2026-08-16,T+1,Economy,7740.0,1400.0,680.0,250.0,10070.0,INR,Available,False
2026-08-15T10:30:00,2026-08-15,OTA Aggregator,Air India Express,BOM,BLR,BOM-BLR,0.127,2026-08-22,T+7,Economy,5700.0,1080.0,560.0,250.0,7590.0,INR,Available,False
2026-08-15T10:30:00,2026-08-15,OTA Aggregator,Air India Express,BOM,BLR,BOM-BLR,0.127,2026-08-30,T+15,Economy,4870.0,1000.0,510.0,250.0,6630.0,INR,Available,False
2026-08-15T10:30:00,2026-08-15,OTA Aggregator,Air India Express,BOM,BLR,BOM-BLR,0.127,2026-09-14,T+30,Economy,4190.0,870.0,480.0,250.0,5790.0,INR,Available,False
2026-08-15T10:30:00,2026-08-15,OTA Aggregator,Air India Express,BOM,BLR,BOM-BLR,0.127,2026-09-29,T+45,Economy,3910.0,840.0,420.0,250.0,5420.0,INR,Available,False
2026-08-15T10:30:00,2026-08-15,OTA Aggregator,Akasa Air,BOM,BLR,BOM-BLR,0.127,2026-08-16,T+1,Economy,7500.0,1320.0,740.0,250.0,9810.0,INR,Available,False
2026-08-15T10:30:00,2026-08-15,OTA Aggregator,Akasa Air,BOM,BLR,BOM-BLR,0.127,2026-08-22,T+7,Economy,6070.0,1160.0,600.0,250.0,8080.0,INR,Available,False
2026-08-15T10:30:00,2026-08-15,OTA Aggregator,Akasa Air,BOM,BLR,BOM-BLR,0.127,2026-08-30,T+15,Economy,4970.0,1020.0,510.0,250.0,6750.0,INR,Available,False
2026-08-15T10:30:00,2026-08-15,OTA Aggregator,Akasa Air,BOM,BLR,BOM-BLR,0.127,2026-09-14,T+30,Economy,4390.0,920.0,440.0,250.0,6000.0,INR,Available,False
2026-08-15T10:30:00,2026-08-15,OTA Aggregator,Akasa Air,BOM,BLR,BOM-BLR,0.127,2026-09-29,T+45,Economy,3640.0,740.0,350.0,250.0,4980.0,INR,Available,False
2026-08-15T10:30:00,2026-08-15,OTA Aggregator,SpiceJet,BOM,BLR,BOM-BLR,0.127,2026-08-16,T+1,Economy,7470.0,1400.0,650.0,300.0,9820.0,INR,Available,False
2026-08-15T10:30:00,2026-08-15,OTA Aggregator,SpiceJet,BOM,BLR,BOM-BLR,0.127,2026-08-22,T+7,Economy,6350.0,1210.0,640.0,300.0,8500.0,INR,Available,False
2026-08-15T10:30:00,2026-08-15,OTA Aggregator,SpiceJet,BOM,BLR,BOM-BLR,0.127,2026-08-30,T+15,Economy,5020.0,1040.0,520.0,300.0,6880.0,INR,Available,False
2026-08-15T10:30:00,2026-08-15,OTA Aggregator,SpiceJet,BOM,BLR,BOM-BLR,0.127,2026-09-14,T+30,Economy,4490.0,950.0,460.0,300.0,6200.0,INR,Available,False
2026-08-15T10:30:00,2026-08-15,OTA Aggregator,SpiceJet,BOM,BLR,BOM-BLR,0.127,2026-09-29,T+45,Economy,4190.0,910.0,430.0,300.0,5830.0,INR,Available,False
2026-08-15T10:30:00,2026-08-15,Airline Direct,IndiGo,DEL,CCU,DEL-CCU,0.113,2026-08-16,T+1,Economy,7690.0,1390.0,700.0,300.0,10080.0,INR,Available,False
2026-08-15T10:30:00,2026-08-15,Airline Direct,IndiGo,DEL,CCU,DEL-CCU,0.113,2026-08-22,T+7,Economy,5710.0,1140.0,510.0,300.0,7660.0,INR,Available,False
2026-08-15T10:30:00,2026-08-15,Airline Direct,IndiGo,DEL,CCU,DEL-CCU,0.113,2026-08-30,T+15,Economy,4880.0,980.0,460.0,300.0,6620.0,INR,Available,False
2026-08-15T10:30:00,2026-08-15,Airline Direct,IndiGo,DEL,CCU,DEL-CCU,0.113,2026-09-14,T+30,Economy,4300.0,830.0,470.0,300.0,5900.0,INR,Available,False
2026-08-15T10:30:00,2026-08-15,Airline Direct,IndiGo,DEL,CCU,DEL-CCU,0.113,2026-09-29,T+45,Economy,4010.0,870.0,390.0,300.0,5570.0,INR,Available,False
2026-08-15T10:30:00,2026-08-15,Airline Direct,Air India,DEL,CCU,DEL-CCU,0.113,2026-08-16,T+1,Economy,7720.0,1450.0,720.0,250.0,10140.0,INR,Available,False
2026-08-15T10:30:00,2026-08-15,Airline Direct,Air India,DEL,CCU,DEL-CCU,0.113,2026-08-22,T+7,Economy,5860.0,1140.0,600.0,250.0,7850.0,INR,Available,False
2026-08-15T10:30:00,2026-08-15,Airline Direct,Air India,DEL,CCU,DEL-CCU,0.113,2026-08-30,T+15,Economy,5440.0,1110.0,560.0,250.0,7360.0,INR,Available,False
2026-08-15T10:30:00,2026-08-15,Airline Direct,Air India,DEL,CCU,DEL-CCU,0.113,2026-09-14,T+30,Economy,4730.0,940.0,480.0,250.0,6400.0,INR,Available,False
2026-08-15T10:30:00,2026-08-15,Airline Direct,Air India,DEL,CCU,DEL-CCU,0.113,2026-09-29,T+45,Economy,4400.0,900.0,440.0,250.0,5990.0,INR,Available,False
2026-08-15T10:30:00,2026-08-15,OTA Aggregator,Air India Express,DEL,CCU,DEL-CCU,0.113,2026-08-16,T+1,Economy,6520.0,1270.0,590.0,250.0,8630.0,INR,Available,False
2026-08-15T10:30:00,2026-08-15,OTA Aggregator,Air India Express,DEL,CCU,DEL-CCU,0.113,2026-08-22,T+7,Economy,5020.0,1010.0,480.0,250.0,6760.0,INR,Available,False
2026-08-15T10:30:00,2026-08-15,OTA Aggregator,Air India Express,DEL,CCU,DEL-CCU,0.113,2026-08-30,T+15,Economy,4450.0,910.0,490.0,250.0,6100.0,INR,Available,False
2026-08-15T10:30:00,2026-08-15,OTA Aggregator,Air India Express,DEL,CCU,DEL-CCU,0.113,2026-09-14,T+30,Economy,4150.0,910.0,390.0,250.0,5700.0,INR,Available,False
2026-08-15T10:30:00,2026-08-15,OTA Aggregator,Air India Express,DEL,CCU,DEL-CCU,0.113,2026-09-29,T+45,Economy,3690.0,730.0,440.0,250.0,5110.0,INR,Available,False
2026-08-15T10:30:00,2026-08-15,OTA Aggregator,Akasa Air,DEL,CCU,DEL-CCU,0.113,2026-08-16,T+1,Economy,9390.0,1690.0,830.0,250.0,12160.0,INR,Available,True
2026-08-15T10:30:00,2026-08-15,OTA Aggregator,Akasa Air,DEL,CCU,DEL-CCU,0.113,2026-08-22,T+7,Economy,5560.0,1120.0,520.0,250.0,7450.0,INR,Available,False
2026-08-15T10:30:00,2026-08-15,OTA Aggregator,Akasa Air,DEL,CCU,DEL-CCU,0.113,2026-08-30,T+15,Economy,4920.0,920.0,450.0,250.0,6540.0,INR,Available,False
2026-08-15T10:30:00,2026-08-15,OTA Aggregator,Akasa Air,DEL,CCU,DEL-CCU,0.113,2026-09-14,T+30,Economy,4290.0,850.0,420.0,250.0,5810.0,INR,Available,False
2026-08-15T10:30:00,2026-08-15,OTA Aggregator,Akasa Air,DEL,CCU,DEL-CCU,0.113,2026-09-29,T+45,Economy,3860.0,790.0,420.0,250.0,5320.0,INR,Available,False
2026-08-15T10:30:00,2026-08-15,OTA Aggregator,SpiceJet,DEL,CCU,DEL-CCU,0.113,2026-08-16,T+1,Economy,7500.0,1420.0,690.0,300.0,9910.0,INR,Available,False
2026-08-15T10:30:00,2026-08-15,OTA Aggregator,SpiceJet,DEL,CCU,DEL-CCU,0.113,2026-08-22,T+7,Economy,5490.0,1060.0,530.0,300.0,7380.0,INR,Available,False
2026-08-15T10:30:00,2026-08-15,OTA Aggregator,SpiceJet,DEL,CCU,DEL-CCU,0.113,2026-08-30,T+15,Economy,4680.0,910.0,430.0,300.0,6320.0,INR,Available,False
2026-08-15T10:30:00,2026-08-15,OTA Aggregator,SpiceJet,DEL,CCU,DEL-CCU,0.113,2026-09-14,T+30,Economy,4070.0,780.0,420.0,300.0,5570.0,INR,Available,False
2026-08-15T10:30:00,2026-08-15,OTA Aggregator,SpiceJet,DEL,CCU,DEL-CCU,0.113,2026-09-29,T+45,Economy,3960.0,770.0,430.0,300.0,5460.0,INR,Available,False
2026-08-15T10:30:00,2026-08-15,Airline Direct,IndiGo,BLR,HYD,BLR-HYD,0.098,2026-08-16,T+1,Economy,5640.0,1030.0,520.0,300.0,7490.0,INR,Available,False
2026-08-15T10:30:00,2026-08-15,Airline Direct,IndiGo,BLR,HYD,BLR-HYD,0.098,2026-08-22,T+7,Economy,4150.0,900.0,430.0,300.0,5780.0,INR,Available,False
2026-08-15T10:30:00,2026-08-15,Airline Direct,IndiGo,BLR,HYD,BLR-HYD,0.098,2026-08-30,T+15,Economy,3760.0,780.0,410.0,300.0,5250.0,INR,Available,False
2026-08-15T10:30:00,2026-08-15,Airline Direct,IndiGo,BLR,HYD,BLR-HYD,0.098,2026-09-14,T+30,Economy,3310.0,710.0,390.0,300.0,4710.0,INR,Available,False
2026-08-15T10:30:00,2026-08-15,Airline Direct,IndiGo,BLR,HYD,BLR-HYD,0.098,2026-09-29,T+45,Economy,3000.0,700.0,380.0,300.0,4380.0,INR,Available,False
2026-08-15T10:30:00,2026-08-15,Airline Direct,Air India,BLR,HYD,BLR-HYD,0.098,2026-08-16,T+1,Economy,6120.0,1150.0,560.0,250.0,8080.0,INR,Available,False
2026-08-15T10:30:00,2026-08-15,Airline Direct,Air India,BLR,HYD,BLR-HYD,0.098,2026-08-22,T+7,Economy,4810.0,890.0,510.0,250.0,6460.0,INR,Available,False
2026-08-15T10:30:00,2026-08-15,Airline Direct,Air India,BLR,HYD,BLR-HYD,0.098,2026-08-30,T+15,Economy,4060.0,830.0,390.0,250.0,5530.0,INR,Available,False
2026-08-15T10:30:00,2026-08-15,Airline Direct,Air India,BLR,HYD,BLR-HYD,0.098,2026-09-14,T+30,Economy,3640.0,730.0,400.0,250.0,5020.0,INR,Available,False
2026-08-15T10:30:00,2026-08-15,Airline Direct,Air India,BLR,HYD,BLR-HYD,0.098,2026-09-29,T+45,Economy,3160.0,650.0,310.0,250.0,4370.0,INR,Available,False
2026-08-15T10:30:00,2026-08-15,OTA Aggregator,Air India Express,BLR,HYD,BLR-HYD,0.098,2026-08-16,T+1,Economy,5230.0,1040.0,490.0,250.0,7010.0,INR,Available,False
2026-08-15T10:30:00,2026-08-15,OTA Aggregator,Air India Express,BLR,HYD,BLR-HYD,0.098,2026-08-22,T+7,Economy,4040.0,750.0,430.0,250.0,5470.0,INR,Available,False
2026-08-15T10:30:00,2026-08-15,OTA Aggregator,Air India Express,BLR,HYD,BLR-HYD,0.098,2026-08-30,T+15,Economy,3570.0,760.0,380.0,250.0,4960.0,INR,Available,False
2026-08-15T10:30:00,2026-08-15,OTA Aggregator,Air India Express,BLR,HYD,BLR-HYD,0.098,2026-09-14,T+30,Economy,3070.0,680.0,390.0,250.0,4390.0,INR,Available,False
2026-08-15T10:30:00,2026-08-15,OTA Aggregator,Air India Express,BLR,HYD,BLR-HYD,0.098,2026-09-29,T+45,Economy,2760.0,580.0,300.0,250.0,3890.0,INR,Available,False
2026-08-15T10:30:00,2026-08-15,OTA Aggregator,Akasa Air,BLR,HYD,BLR-HYD,0.098,2026-08-16,T+1,Economy,5650.0,1120.0,550.0,250.0,7570.0,INR,Available,False
2026-08-15T10:30:00,2026-08-15,OTA Aggregator,Akasa Air,BLR,HYD,BLR-HYD,0.098,2026-08-22,T+7,Economy,4240.0,900.0,420.0,250.0,5810.0,INR,Available,False
2026-08-15T10:30:00,2026-08-15,OTA Aggregator,Akasa Air,BLR,HYD,BLR-HYD,0.098,2026-08-30,T+15,Economy,3550.0,770.0,380.0,250.0,4950.0,INR,Available,False
2026-08-15T10:30:00,2026-08-15,OTA Aggregator,Akasa Air,BLR,HYD,BLR-HYD,0.098,2026-09-14,T+30,Economy,3330.0,770.0,370.0,250.0,4720.0,INR,Available,False
2026-08-15T10:30:00,2026-08-15,OTA Aggregator,Akasa Air,BLR,HYD,BLR-HYD,0.098,2026-09-29,T+45,Economy,2900.0,610.0,360.0,250.0,4120.0,INR,Available,False
2026-08-15T10:30:00,2026-08-15,OTA Aggregator,SpiceJet,BLR,HYD,BLR-HYD,0.098,2026-08-16,T+1,Economy,5480.0,1090.0,530.0,300.0,7400.0,INR,Available,False
2026-08-15T10:30:00,2026-08-15,OTA Aggregator,SpiceJet,BLR,HYD,BLR-HYD,0.098,2026-08-22,T+7,Economy,4100.0,790.0,410.0,300.0,5600.0,INR,Available,False
2026-08-15T10:30:00,2026-08-15,OTA Aggregator,SpiceJet,BLR,HYD,BLR-HYD,0.098,2026-08-30,T+15,Economy,3560.0,780.0,360.0,300.0,5000.0,INR,Available,False
2026-08-15T10:30:00,2026-08-15,OTA Aggregator,SpiceJet,BLR,HYD,BLR-HYD,0.098,2026-09-14,T+30,Economy,3130.0,670.0,340.0,300.0,4440.0,INR,Available,False
2026-08-15T10:30:00,2026-08-15,OTA Aggregator,SpiceJet,BLR,HYD,BLR-HYD,0.098,2026-09-29,T+45,Economy,2930.0,580.0,290.0,300.0,4100.0,INR,Available,False
2026-08-15T10:30:00,2026-08-15,Airline Direct,IndiGo,MAA,DEL,MAA-DEL,0.086,2026-08-16,T+1,Economy,8780.0,1590.0,790.0,300.0,11460.0,INR,Available,False
2026-08-15T10:30:00,2026-08-15,Airline Direct,IndiGo,MAA,DEL,MAA-DEL,0.086,2026-08-22,T+7,Economy,6580.0,1230.0,630.0,300.0,8740.0,INR,Available,False
2026-08-15T10:30:00,2026-08-15,Airline Direct,IndiGo,MAA,DEL,MAA-DEL,0.086,2026-08-30,T+15,Economy,5710.0,1040.0,520.0,300.0,7570.0,INR,Available,False
2026-08-15T10:30:00,2026-08-15,Airline Direct,IndiGo,MAA,DEL,MAA-DEL,0.086,2026-09-14,T+30,Economy,4760.0,900.0,450.0,300.0,6410.0,INR,Available,False
2026-08-15T10:30:00,2026-08-15,Airline Direct,IndiGo,MAA,DEL,MAA-DEL,0.086,2026-09-29,T+45,Economy,4660.0,990.0,510.0,300.0,6460.0,INR,Available,False
2026-08-15T10:30:00,2026-08-15,Airline Direct,Air India,MAA,DEL,MAA-DEL,0.086,2026-08-16,T+1,Economy,9180.0,1640.0,790.0,250.0,11860.0,INR,Available,False
2026-08-15T10:30:00,2026-08-15,Airline Direct,Air India,MAA,DEL,MAA-DEL,0.086,2026-08-22,T+7,Economy,6980.0,1320.0,660.0,250.0,9210.0,INR,Available,False
2026-08-15T10:30:00,2026-08-15,Airline Direct,Air India,MAA,DEL,MAA-DEL,0.086,2026-08-30,T+15,Economy,6310.0,1130.0,590.0,250.0,8280.0,INR,Available,False
2026-08-15T10:30:00,2026-08-15,Airline Direct,Air India,MAA,DEL,MAA-DEL,0.086,2026-09-14,T+30,Economy,5490.0,1000.0,510.0,250.0,7250.0,INR,Available,False
2026-08-15T10:30:00,2026-08-15,Airline Direct,Air India,MAA,DEL,MAA-DEL,0.086,2026-09-29,T+45,Economy,5020.0,960.0,550.0,250.0,6780.0,INR,Available,False
2026-08-15T10:30:00,2026-08-15,OTA Aggregator,Air India Express,MAA,DEL,MAA-DEL,0.086,2026-08-16,T+1,Economy,7560.0,1460.0,680.0,250.0,9950.0,INR,Available,False
2026-08-15T10:30:00,2026-08-15,OTA Aggregator,Air India Express,MAA,DEL,MAA-DEL,0.086,2026-08-22,T+7,Economy,6040.0,1090.0,620.0,250.0,8000.0,INR,Available,False
2026-08-15T10:30:00,2026-08-15,OTA Aggregator,Air India Express,MAA,DEL,MAA-DEL,0.086,2026-08-30,T+15,Economy,5490.0,1020.0,560.0,250.0,7320.0,INR,Available,False
2026-08-15T10:30:00,2026-08-15,OTA Aggregator,Air India Express,MAA,DEL,MAA-DEL,0.086,2026-09-14,T+30,Economy,4410.0,880.0,480.0,250.0,6020.0,INR,Available,False
2026-08-15T10:30:00,2026-08-15,OTA Aggregator,Air India Express,MAA,DEL,MAA-DEL,0.086,2026-09-29,T+45,Economy,4590.0,850.0,480.0,250.0,6170.0,INR,Available,False
2026-08-15T10:30:00,2026-08-15,OTA Aggregator,Akasa Air,MAA,DEL,MAA-DEL,0.086,2026-08-16,T+1,Economy,8320.0,1490.0,730.0,250.0,10790.0,INR,Available,False
2026-08-15T10:30:00,2026-08-15,OTA Aggregator,Akasa Air,MAA,DEL,MAA-DEL,0.086,2026-08-22,T+7,Economy,6160.0,1160.0,560.0,250.0,8130.0,INR,Available,False
2026-08-15T10:30:00,2026-08-15,OTA Aggregator,Akasa Air,MAA,DEL,MAA-DEL,0.086,2026-08-30,T+15,Economy,5680.0,1050.0,550.0,250.0,7530.0,INR,Available,False
2026-08-15T10:30:00,2026-08-15,OTA Aggregator,Akasa Air,MAA,DEL,MAA-DEL,0.086,2026-09-14,T+30,Economy,4660.0,990.0,490.0,250.0,6390.0,INR,Available,False
2026-08-15T10:30:00,2026-08-15,OTA Aggregator,Akasa Air,MAA,DEL,MAA-DEL,0.086,2026-09-29,T+45,Economy,4260.0,900.0,390.0,250.0,5800.0,INR,Available,False
2026-08-15T10:30:00,2026-08-15,OTA Aggregator,SpiceJet,MAA,DEL,MAA-DEL,0.086,2026-08-16,T+1,Economy,8710.0,1520.0,790.0,300.0,11320.0,INR,Available,False
2026-08-15T10:30:00,2026-08-15,OTA Aggregator,SpiceJet,MAA,DEL,MAA-DEL,0.086,2026-08-22,T+7,Economy,6360.0,1220.0,630.0,300.0,8510.0,INR,Available,False
2026-08-15T10:30:00,2026-08-15,OTA Aggregator,SpiceJet,MAA,DEL,MAA-DEL,0.086,2026-08-30,T+15,Economy,5690.0,1100.0,540.0,300.0,7630.0,INR,Available,False
2026-08-15T10:30:00,2026-08-15,OTA Aggregator,SpiceJet,MAA,DEL,MAA-DEL,0.086,2026-09-14,T+30,Economy,4470.0,830.0,510.0,300.0,6110.0,INR,Available,False
2026-08-15T10:30:00,2026-08-15,OTA Aggregator,SpiceJet,MAA,DEL,MAA-DEL,0.086,2026-09-29,T+45,Economy,4540.0,850.0,420.0,300.0,6110.0,INR,Available,False
2026-08-15T10:30:00,2026-08-15,Airline Direct,IndiGo,BOM,DEL,BOM-DEL,0.135,2026-08-16,T+1,Economy,9560.0,1680.0,850.0,300.0,12390.0,INR,Available,False
2026-08-15T10:30:00,2026-08-15,Airline Direct,IndiGo,BOM,DEL,BOM-DEL,0.135,2026-08-22,T+7,Economy,7660.0,1360.0,700.0,300.0,10020.0,INR,Available,False
2026-08-15T10:30:00,2026-08-15,Airline Direct,IndiGo,BOM,DEL,BOM-DEL,0.135,2026-08-30,T+15,Economy,6720.0,1250.0,680.0,300.0,8950.0,INR,Available,False
2026-08-15T10:30:00,2026-08-15,Airline Direct,IndiGo,BOM,DEL,BOM-DEL,0.135,2026-09-14,T+30,Economy,5410.0,970.0,530.0,300.0,7210.0,INR,Available,False
2026-08-15T10:30:00,2026-08-15,Airline Direct,IndiGo,BOM,DEL,BOM-DEL,0.135,2026-09-29,T+45,Economy,5230.0,940.0,530.0,300.0,7000.0,INR,Available,False
2026-08-15T10:30:00,2026-08-15,Airline Direct,Air India,BOM,DEL,BOM-DEL,0.135,2026-08-16,T+1,Economy,10520.0,1820.0,980.0,250.0,13570.0,INR,Available,False
2026-08-15T10:30:00,2026-08-15,Airline Direct,Air India,BOM,DEL,BOM-DEL,0.135,2026-08-22,T+7,Economy,8130.0,1470.0,700.0,250.0,10550.0,INR,Available,False
2026-08-15T10:30:00,2026-08-15,Airline Direct,Air India,BOM,DEL,BOM-DEL,0.135,2026-08-30,T+15,Economy,7000.0,1360.0,660.0,250.0,9270.0,INR,Available,False
2026-08-15T10:30:00,2026-08-15,Airline Direct,Air India,BOM,DEL,BOM-DEL,0.135,2026-09-14,T+30,Economy,5750.0,1050.0,520.0,250.0,7570.0,INR,Available,False
2026-08-15T10:30:00,2026-08-15,Airline Direct,Air India,BOM,DEL,BOM-DEL,0.135,2026-09-29,T+45,Economy,5490.0,1060.0,550.0,250.0,7350.0,INR,Available,False
2026-08-15T10:30:00,2026-08-15,OTA Aggregator,Air India Express,BOM,DEL,BOM-DEL,0.135,2026-08-16,T+1,Economy,9330.0,1690.0,800.0,250.0,12070.0,INR,Available,False
2026-08-15T10:30:00,2026-08-15,OTA Aggregator,Air India Express,BOM,DEL,BOM-DEL,0.135,2026-08-22,T+7,Economy,6880.0,1310.0,640.0,250.0,9080.0,INR,Available,False
2026-08-15T10:30:00,2026-08-15,OTA Aggregator,Air India Express,BOM,DEL,BOM-DEL,0.135,2026-08-30,T+15,Economy,6250.0,1150.0,640.0,250.0,8290.0,INR,Available,False
2026-08-15T10:30:00,2026-08-15,OTA Aggregator,Air India Express,BOM,DEL,BOM-DEL,0.135,2026-09-14,T+30,Economy,5240.0,960.0,540.0,250.0,6990.0,INR,Available,False
2026-08-15T10:30:00,2026-08-15,OTA Aggregator,Air India Express,BOM,DEL,BOM-DEL,0.135,2026-09-29,T+45,Economy,4500.0,850.0,470.0,250.0,6070.0,INR,Available,False
2026-08-15T10:30:00,2026-08-15,OTA Aggregator,Akasa Air,BOM,DEL,BOM-DEL,0.135,2026-08-16,T+1,Economy,8630.0,1490.0,770.0,250.0,11140.0,INR,Available,False
2026-08-15T10:30:00,2026-08-15,OTA Aggregator,Akasa Air,BOM,DEL,BOM-DEL,0.135,2026-08-22,T+7,Economy,7170.0,1360.0,690.0,250.0,9470.0,INR,Available,False
2026-08-15T10:30:00,2026-08-15,OTA Aggregator,Akasa Air,BOM,DEL,BOM-DEL,0.135,2026-08-30,T+15,Economy,6190.0,1140.0,560.0,250.0,8140.0,INR,Available,False
2026-08-15T10:30:00,2026-08-15,OTA Aggregator,Akasa Air,BOM,DEL,BOM-DEL,0.135,2026-09-14,T+30,Economy,5340.0,1100.0,530.0,250.0,7220.0,INR,Available,False
2026-08-15T10:30:00,2026-08-15,OTA Aggregator,Akasa Air,BOM,DEL,BOM-DEL,0.135,2026-09-29,T+45,Economy,4700.0,850.0,440.0,250.0,6240.0,INR,Available,False
2026-08-15T10:30:00,2026-08-15,OTA Aggregator,SpiceJet,BOM,DEL,BOM-DEL,0.135,2026-08-16,T+1,Economy,9550.0,1770.0,850.0,300.0,12470.0,INR,Available,False
2026-08-15T10:30:00,2026-08-15,OTA Aggregator,SpiceJet,BOM,DEL,BOM-DEL,0.135,2026-08-22,T+7,Economy,6730.0,1310.0,670.0,300.0,9010.0,INR,Available,False
2026-08-15T10:30:00,2026-08-15,OTA Aggregator,SpiceJet,BOM,DEL,BOM-DEL,0.135,2026-08-30,T+15,Economy,6240.0,1190.0,610.0,300.0,8340.0,INR,Available,False
2026-08-15T10:30:00,2026-08-15,OTA Aggregator,SpiceJet,BOM,DEL,BOM-DEL,0.135,2026-09-14,T+30,Economy,5580.0,1090.0,550.0,300.0,7520.0,INR,Available,False
2026-08-15T10:30:00,2026-08-15,OTA Aggregator,SpiceJet,BOM,DEL,BOM-DEL,0.135,2026-09-29,T+45,Economy,4960.0,930.0,460.0,300.0,6650.0,INR,Available,False
2026-08-15T10:30:00,2026-08-15,Airline Direct,IndiGo,HYD,DEL,HYD-DEL,0.105,2026-08-16,T+1,Economy,7350.0,1350.0,720.0,300.0,9720.0,INR,Available,False
2026-08-15T10:30:00,2026-08-15,Airline Direct,IndiGo,HYD,DEL,HYD-DEL,0.105,2026-08-22,T+7,Economy,6010.0,1140.0,530.0,300.0,7980.0,INR,Available,False
2026-08-15T10:30:00,2026-08-15,Airline Direct,IndiGo,HYD,DEL,HYD-DEL,0.105,2026-08-30,T+15,Economy,4500.0,910.0,490.0,300.0,6200.0,INR,Available,False
2026-08-15T10:30:00,2026-08-15,Airline Direct,IndiGo,HYD,DEL,HYD-DEL,0.105,2026-09-14,T+30,Economy,4200.0,860.0,400.0,300.0,5760.0,INR,Available,False
2026-08-15T10:30:00,2026-08-15,Airline Direct,IndiGo,HYD,DEL,HYD-DEL,0.105,2026-09-29,T+45,Economy,3670.0,710.0,440.0,300.0,5120.0,INR,Available,False
2026-08-15T10:30:00,2026-08-15,Airline Direct,Air India,HYD,DEL,HYD-DEL,0.105,2026-08-16,T+1,Economy,7470.0,1400.0,710.0,250.0,9830.0,INR,Available,False
2026-08-15T10:30:00,2026-08-15,Airline Direct,Air India,HYD,DEL,HYD-DEL,0.105,2026-08-22,T+7,Economy,5940.0,1150.0,530.0,250.0,7870.0,INR,Available,False
2026-08-15T10:30:00,2026-08-15,Airline Direct,Air India,HYD,DEL,HYD-DEL,0.105,2026-08-30,T+15,Economy,5110.0,960.0,510.0,250.0,6830.0,INR,Available,False
2026-08-15T10:30:00,2026-08-15,Airline Direct,Air India,HYD,DEL,HYD-DEL,0.105,2026-09-14,T+30,Economy,4620.0,900.0,510.0,250.0,6280.0,INR,Available,False
2026-08-15T10:30:00,2026-08-15,Airline Direct,Air India,HYD,DEL,HYD-DEL,0.105,2026-09-29,T+45,Economy,4100.0,890.0,460.0,250.0,5700.0,INR,Available,False
2026-08-15T10:30:00,2026-08-15,OTA Aggregator,Air India Express,HYD,DEL,HYD-DEL,0.105,2026-08-16,T+1,Economy,6790.0,1220.0,650.0,250.0,8910.0,INR,Available,False
2026-08-15T10:30:00,2026-08-15,OTA Aggregator,Air India Express,HYD,DEL,HYD-DEL,0.105,2026-08-22,T+7,Economy,5300.0,950.0,530.0,250.0,7030.0,INR,Available,False
2026-08-15T10:30:00,2026-08-15,OTA Aggregator,Air India Express,HYD,DEL,HYD-DEL,0.105,2026-08-30,T+15,Economy,4310.0,840.0,430.0,250.0,5830.0,INR,Available,False
2026-08-15T10:30:00,2026-08-15,OTA Aggregator,Air India Express,HYD,DEL,HYD-DEL,0.105,2026-09-14,T+30,Economy,3950.0,820.0,450.0,250.0,5470.0,INR,Available,False
2026-08-15T10:30:00,2026-08-15,OTA Aggregator,Air India Express,HYD,DEL,HYD-DEL,0.105,2026-09-29,T+45,Economy,3560.0,710.0,390.0,250.0,4910.0,INR,Available,False
2026-08-15T10:30:00,2026-08-15,OTA Aggregator,Akasa Air,HYD,DEL,HYD-DEL,0.105,2026-08-16,T+1,Economy,6760.0,1280.0,650.0,250.0,8940.0,INR,Available,False
2026-08-15T10:30:00,2026-08-15,OTA Aggregator,Akasa Air,HYD,DEL,HYD-DEL,0.105,2026-08-22,T+7,Economy,5260.0,1050.0,530.0,250.0,7090.0,INR,Available,False
2026-08-15T10:30:00,2026-08-15,OTA Aggregator,Akasa Air,HYD,DEL,HYD-DEL,0.105,2026-08-30,T+15,Economy,4240.0,790.0,430.0,250.0,5710.0,INR,Available,False
2026-08-15T10:30:00,2026-08-15,OTA Aggregator,Akasa Air,HYD,DEL,HYD-DEL,0.105,2026-09-14,T+30,Economy,3990.0,820.0,400.0,250.0,5460.0,INR,Available,False
2026-08-15T10:30:00,2026-08-15,OTA Aggregator,Akasa Air,HYD,DEL,HYD-DEL,0.105,2026-09-29,T+45,Economy,3700.0,740.0,420.0,250.0,5110.0,INR,Available,False
2026-08-15T10:30:00,2026-08-15,OTA Aggregator,SpiceJet,HYD,DEL,HYD-DEL,0.105,2026-08-16,T+1,Economy,7300.0,1360.0,690.0,300.0,9650.0,INR,Available,False
2026-08-15T10:30:00,2026-08-15,OTA Aggregator,SpiceJet,HYD,DEL,HYD-DEL,0.105,2026-08-22,T+7,Economy,5490.0,1100.0,550.0,300.0,7440.0,INR,Available,False
2026-08-15T10:30:00,2026-08-15,OTA Aggregator,SpiceJet,HYD,DEL,HYD-DEL,0.105,2026-08-30,T+15,Economy,4560.0,870.0,440.0,300.0,6170.0,INR,Available,False
2026-08-15T10:30:00,2026-08-15,OTA Aggregator,SpiceJet,HYD,DEL,HYD-DEL,0.105,2026-09-14,T+30,Economy,3940.0,770.0,420.0,300.0,5430.0,INR,Available,False
2026-08-15T10:30:00,2026-08-15,OTA Aggregator,SpiceJet,HYD,DEL,HYD-DEL,0.105,2026-09-29,T+45,Economy,3400.0,670.0,420.0,300.0,4790.0,INR,Available,False
2026-08-16T10:30:00,2026-08-16,Airline Direct,IndiGo,DEL,BOM,DEL-BOM,0.182,2026-08-17,T+1,Economy,10140.0,1790.0,920.0,250.0,13100.0,INR,Available,False
2026-08-16T10:30:00,2026-08-16,Airline Direct,IndiGo,DEL,BOM,DEL-BOM,0.182,2026-08-23,T+7,Economy,8040.0,1440.0,720.0,250.0,10450.0,INR,Available,False
2026-08-16T10:30:00,2026-08-16,Airline Direct,IndiGo,DEL,BOM,DEL-BOM,0.182,2026-08-31,T+15,Economy,6630.0,1250.0,610.0,250.0,8740.0,INR,Available,False
2026-08-16T10:30:00,2026-08-16,Airline Direct,IndiGo,DEL,BOM,DEL-BOM,0.182,2026-09-15,T+30,Economy,6330.0,1170.0,560.0,250.0,8310.0,INR,Available,False
2026-08-16T10:30:00,2026-08-16,Airline Direct,IndiGo,DEL,BOM,DEL-BOM,0.182,2026-09-30,T+45,Economy,5090.0,1050.0,510.0,250.0,6900.0,INR,Available,False
2026-08-16T10:30:00,2026-08-16,Airline Direct,Air India,DEL,BOM,DEL-BOM,0.182,2026-08-17,T+1,Economy,11270.0,1980.0,990.0,300.0,14540.0,INR,Available,False
2026-08-16T10:30:00,2026-08-16,Airline Direct,Air India,DEL,BOM,DEL-BOM,0.182,2026-08-23,T+7,Economy,8140.0,1550.0,740.0,300.0,10730.0,INR,Available,False
2026-08-16T10:30:00,2026-08-16,Airline Direct,Air India,DEL,BOM,DEL-BOM,0.182,2026-08-31,T+15,Economy,7220.0,1310.0,700.0,300.0,9530.0,INR,Available,False
2026-08-16T10:30:00,2026-08-16,Airline Direct,Air India,DEL,BOM,DEL-BOM,0.182,2026-09-15,T+30,Economy,6480.0,1200.0,640.0,300.0,8620.0,INR,Available,False
2026-08-16T10:30:00,2026-08-16,Airline Direct,Air India,DEL,BOM,DEL-BOM,0.182,2026-09-30,T+45,Economy,5660.0,1020.0,590.0,300.0,7570.0,INR,Available,False
2026-08-16T10:30:00,2026-08-16,OTA Aggregator,Air India Express,DEL,BOM,DEL-BOM,0.182,2026-08-17,T+1,Economy,9040.0,1590.0,870.0,300.0,11800.0,INR,Available,False
2026-08-16T10:30:00,2026-08-16,OTA Aggregator,Air India Express,DEL,BOM,DEL-BOM,0.182,2026-08-23,T+7,Economy,7350.0,1310.0,680.0,300.0,9640.0,INR,Available,False
2026-08-16T10:30:00,2026-08-16,OTA Aggregator,Air India Express,DEL,BOM,DEL-BOM,0.182,2026-08-31,T+15,Economy,6100.0,1160.0,630.0,300.0,8190.0,INR,Available,False
2026-08-16T10:30:00,2026-08-16,OTA Aggregator,Air India Express,DEL,BOM,DEL-BOM,0.182,2026-09-15,T+30,Economy,5250.0,1020.0,550.0,300.0,7120.0,INR,Available,False
2026-08-16T10:30:00,2026-08-16,OTA Aggregator,Air India Express,DEL,BOM,DEL-BOM,0.182,2026-09-30,T+45,Economy,4800.0,920.0,490.0,300.0,6510.0,INR,Available,False
2026-08-16T10:30:00,2026-08-16,OTA Aggregator,Akasa Air,DEL,BOM,DEL-BOM,0.182,2026-08-17,T+1,Economy,9530.0,1750.0,840.0,300.0,12420.0,INR,Available,False
2026-08-16T10:30:00,2026-08-16,OTA Aggregator,Akasa Air,DEL,BOM,DEL-BOM,0.182,2026-08-23,T+7,Economy,7170.0,1390.0,710.0,300.0,9570.0,INR,Available,False
2026-08-16T10:30:00,2026-08-16,OTA Aggregator,Akasa Air,DEL,BOM,DEL-BOM,0.182,2026-08-31,T+15,Economy,6120.0,1200.0,580.0,300.0,8200.0,INR,Available,False
2026-08-16T10:30:00,2026-08-16,OTA Aggregator,Akasa Air,DEL,BOM,DEL-BOM,0.182,2026-09-15,T+30,Economy,4820.0,910.0,490.0,300.0,6520.0,INR,Available,False
2026-08-16T10:30:00,2026-08-16,OTA Aggregator,Akasa Air,DEL,BOM,DEL-BOM,0.182,2026-09-30,T+45,Economy,5070.0,920.0,470.0,300.0,6760.0,INR,Available,False
2026-08-16T10:30:00,2026-08-16,OTA Aggregator,SpiceJet,DEL,BOM,DEL-BOM,0.182,2026-08-17,T+1,Economy,9820.0,1750.0,870.0,250.0,12690.0,INR,Available,False
2026-08-16T10:30:00,2026-08-16,OTA Aggregator,SpiceJet,DEL,BOM,DEL-BOM,0.182,2026-08-23,T+7,Economy,7620.0,1430.0,740.0,250.0,10040.0,INR,Available,False
2026-08-16T10:30:00,2026-08-16,OTA Aggregator,SpiceJet,DEL,BOM,DEL-BOM,0.182,2026-08-31,T+15,Economy,6560.0,1180.0,610.0,250.0,8600.0,INR,Available,False
2026-08-16T10:30:00,2026-08-16,OTA Aggregator,SpiceJet,DEL,BOM,DEL-BOM,0.182,2026-09-15,T+30,Economy,5730.0,1090.0,540.0,250.0,7610.0,INR,Available,False
2026-08-16T10:30:00,2026-08-16,OTA Aggregator,SpiceJet,DEL,BOM,DEL-BOM,0.182,2026-09-30,T+45,Economy,4970.0,920.0,490.0,250.0,6630.0,INR,Available,False
2026-08-16T10:30:00,2026-08-16,Airline Direct,IndiGo,DEL,BLR,DEL-BLR,0.154,2026-08-17,T+1,Economy,9940.0,1720.0,910.0,250.0,12820.0,INR,Available,False
2026-08-16T10:30:00,2026-08-16,Airline Direct,IndiGo,DEL,BLR,DEL-BLR,0.154,2026-08-23,T+7,Economy,7180.0,1320.0,690.0,250.0,9440.0,INR,Available,False
2026-08-16T10:30:00,2026-08-16,Airline Direct,IndiGo,DEL,BLR,DEL-BLR,0.154,2026-08-31,T+15,Economy,6250.0,1180.0,640.0,250.0,8320.0,INR,Available,False
2026-08-16T10:30:00,2026-08-16,Airline Direct,IndiGo,DEL,BLR,DEL-BLR,0.154,2026-09-15,T+30,Economy,5370.0,1100.0,520.0,250.0,7240.0,INR,Available,False
2026-08-16T10:30:00,2026-08-16,Airline Direct,IndiGo,DEL,BLR,DEL-BLR,0.154,2026-09-30,T+45,Economy,4980.0,980.0,530.0,250.0,6740.0,INR,Available,False
2026-08-16T10:30:00,2026-08-16,Airline Direct,Air India,DEL,BLR,DEL-BLR,0.154,2026-08-17,T+1,Economy,10750.0,1860.0,920.0,300.0,13830.0,INR,Available,False
2026-08-16T10:30:00,2026-08-16,Airline Direct,Air India,DEL,BLR,DEL-BLR,0.154,2026-08-23,T+7,Economy,7690.0,1450.0,690.0,300.0,10130.0,INR,Available,False
2026-08-16T10:30:00,2026-08-16,Airline Direct,Air India,DEL,BLR,DEL-BLR,0.154,2026-08-31,T+15,Economy,6830.0,1270.0,650.0,300.0,9050.0,INR,Available,False
2026-08-16T10:30:00,2026-08-16,Airline Direct,Air India,DEL,BLR,DEL-BLR,0.154,2026-09-15,T+30,Economy,5920.0,1120.0,560.0,300.0,7900.0,INR,Available,False
2026-08-16T10:30:00,2026-08-16,Airline Direct,Air India,DEL,BLR,DEL-BLR,0.154,2026-09-30,T+45,Economy,5880.0,1190.0,610.0,300.0,7980.0,INR,Available,False
2026-08-16T10:30:00,2026-08-16,OTA Aggregator,Air India Express,DEL,BLR,DEL-BLR,0.154,2026-08-17,T+1,Economy,8610.0,1610.0,790.0,300.0,11310.0,INR,Available,False
2026-08-16T10:30:00,2026-08-16,OTA Aggregator,Air India Express,DEL,BLR,DEL-BLR,0.154,2026-08-23,T+7,Economy,6960.0,1270.0,700.0,300.0,9230.0,INR,Available,False
2026-08-16T10:30:00,2026-08-16,OTA Aggregator,Air India Express,DEL,BLR,DEL-BLR,0.154,2026-08-31,T+15,Economy,5840.0,1100.0,580.0,300.0,7820.0,INR,Available,False
2026-08-16T10:30:00,2026-08-16,OTA Aggregator,Air India Express,DEL,BLR,DEL-BLR,0.154,2026-09-15,T+30,Economy,5050.0,940.0,530.0,300.0,6820.0,INR,Available,False
2026-08-16T10:30:00,2026-08-16,OTA Aggregator,Air India Express,DEL,BLR,DEL-BLR,0.154,2026-09-30,T+45,Economy,4630.0,920.0,450.0,300.0,6300.0,INR,Available,False
2026-08-16T10:30:00,2026-08-16,OTA Aggregator,Akasa Air,DEL,BLR,DEL-BLR,0.154,2026-08-17,T+1,Economy,9070.0,1600.0,820.0,300.0,11790.0,INR,Available,False
2026-08-16T10:30:00,2026-08-16,OTA Aggregator,Akasa Air,DEL,BLR,DEL-BLR,0.154,2026-08-23,T+7,Economy,7290.0,1360.0,670.0,300.0,9620.0,INR,Available,False
2026-08-16T10:30:00,2026-08-16,OTA Aggregator,Akasa Air,DEL,BLR,DEL-BLR,0.154,2026-08-31,T+15,Economy,6260.0,1160.0,590.0,300.0,8310.0,INR,Available,False
2026-08-16T10:30:00,2026-08-16,OTA Aggregator,Akasa Air,DEL,BLR,DEL-BLR,0.154,2026-09-15,T+30,Economy,5150.0,990.0,500.0,300.0,6940.0,INR,Available,False
2026-08-16T10:30:00,2026-08-16,OTA Aggregator,Akasa Air,DEL,BLR,DEL-BLR,0.154,2026-09-30,T+45,Economy,5060.0,980.0,470.0,300.0,6810.0,INR,Available,False
2026-08-16T10:30:00,2026-08-16,OTA Aggregator,SpiceJet,DEL,BLR,DEL-BLR,0.154,2026-08-17,T+1,Economy,9830.0,1700.0,850.0,250.0,12630.0,INR,Available,False
2026-08-16T10:30:00,2026-08-16,OTA Aggregator,SpiceJet,DEL,BLR,DEL-BLR,0.154,2026-08-23,T+7,Economy,7110.0,1340.0,660.0,250.0,9360.0,INR,Available,False
2026-08-16T10:30:00,2026-08-16,OTA Aggregator,SpiceJet,DEL,BLR,DEL-BLR,0.154,2026-08-31,T+15,Economy,6170.0,1220.0,610.0,250.0,8250.0,INR,Available,False
2026-08-16T10:30:00,2026-08-16,OTA Aggregator,SpiceJet,DEL,BLR,DEL-BLR,0.154,2026-09-15,T+30,Economy,5130.0,1060.0,540.0,250.0,6980.0,INR,Available,False
2026-08-16T10:30:00,2026-08-16,OTA Aggregator,SpiceJet,DEL,BLR,DEL-BLR,0.154,2026-09-30,T+45,Economy,5040.0,1030.0,470.0,250.0,6790.0,INR,Available,False
2026-08-16T10:30:00,2026-08-16,Airline Direct,IndiGo,BOM,BLR,BOM-BLR,0.127,2026-08-17,T+1,Economy,7830.0,1480.0,680.0,250.0,10240.0,INR,Available,False
2026-08-16T10:30:00,2026-08-16,Airline Direct,IndiGo,BOM,BLR,BOM-BLR,0.127,2026-08-23,T+7,Economy,6030.0,1080.0,560.0,250.0,7920.0,INR,Available,False
2026-08-16T10:30:00,2026-08-16,Airline Direct,IndiGo,BOM,BLR,BOM-BLR,0.127,2026-08-31,T+15,Economy,5200.0,1050.0,520.0,250.0,7020.0,INR,Available,False
2026-08-16T10:30:00,2026-08-16,Airline Direct,IndiGo,BOM,BLR,BOM-BLR,0.127,2026-09-15,T+30,Economy,4510.0,820.0,450.0,250.0,6030.0,INR,Available,False
2026-08-16T10:30:00,2026-08-16,Airline Direct,IndiGo,BOM,BLR,BOM-BLR,0.127,2026-09-30,T+45,Economy,4120.0,860.0,450.0,250.0,5680.0,INR,Available,False
2026-08-16T10:30:00,2026-08-16,Airline Direct,Air India,BOM,BLR,BOM-BLR,0.127,2026-08-17,T+1,Economy,8670.0,1600.0,740.0,300.0,11310.0,INR,Available,False
2026-08-16T10:30:00,2026-08-16,Airline Direct,Air India,BOM,BLR,BOM-BLR,0.127,2026-08-23,T+7,Economy,6910.0,1350.0,650.0,300.0,9210.0,INR,Available,False
2026-08-16T10:30:00,2026-08-16,Airline Direct,Air India,BOM,BLR,BOM-BLR,0.127,2026-08-31,T+15,Economy,6110.0,1170.0,590.0,300.0,8170.0,INR,Available,False
2026-08-16T10:30:00,2026-08-16,Airline Direct,Air India,BOM,BLR,BOM-BLR,0.127,2026-09-15,T+30,Economy,5340.0,1070.0,540.0,300.0,7250.0,INR,Available,False
2026-08-16T10:30:00,2026-08-16,Airline Direct,Air India,BOM,BLR,BOM-BLR,0.127,2026-09-30,T+45,Economy,4600.0,970.0,510.0,300.0,6380.0,INR,Available,False
2026-08-16T10:30:00,2026-08-16,OTA Aggregator,Air India Express,BOM,BLR,BOM-BLR,0.127,2026-08-17,T+1,Economy,9260.0,1630.0,840.0,300.0,12030.0,INR,Available,True
2026-08-16T10:30:00,2026-08-16,OTA Aggregator,Air India Express,BOM,BLR,BOM-BLR,0.127,2026-08-23,T+7,Economy,5610.0,1130.0,580.0,300.0,7620.0,INR,Available,False
2026-08-16T10:30:00,2026-08-16,OTA Aggregator,Air India Express,BOM,BLR,BOM-BLR,0.127,2026-08-31,T+15,Economy,5040.0,950.0,540.0,300.0,6830.0,INR,Available,False
2026-08-16T10:30:00,2026-08-16,OTA Aggregator,Air India Express,BOM,BLR,BOM-BLR,0.127,2026-09-15,T+30,Economy,4620.0,980.0,460.0,300.0,6360.0,INR,Available,False
2026-08-16T10:30:00,2026-08-16,OTA Aggregator,Air India Express,BOM,BLR,BOM-BLR,0.127,2026-09-30,T+45,Economy,3880.0,830.0,410.0,300.0,5420.0,INR,Available,False
2026-08-16T10:30:00,2026-08-16,OTA Aggregator,Akasa Air,BOM,BLR,BOM-BLR,0.127,2026-08-17,T+1,Economy,7840.0,1490.0,720.0,300.0,10350.0,INR,Available,False
2026-08-16T10:30:00,2026-08-16,OTA Aggregator,Akasa Air,BOM,BLR,BOM-BLR,0.127,2026-08-23,T+7,Economy,5710.0,1020.0,520.0,300.0,7550.0,INR,Available,False
2026-08-16T10:30:00,2026-08-16,OTA Aggregator,Akasa Air,BOM,BLR,BOM-BLR,0.127,2026-08-31,T+15,Economy,5240.0,1010.0,540.0,300.0,7090.0,INR,Available,False
2026-08-16T10:30:00,2026-08-16,OTA Aggregator,Akasa Air,BOM,BLR,BOM-BLR,0.127,2026-09-15,T+30,Economy,4540.0,930.0,480.0,300.0,6250.0,INR,Available,False
2026-08-16T10:30:00,2026-08-16,OTA Aggregator,Akasa Air,BOM,BLR,BOM-BLR,0.127,2026-09-30,T+45,Economy,3850.0,790.0,450.0,300.0,5390.0,INR,Available,False
2026-08-16T10:30:00,2026-08-16,OTA Aggregator,SpiceJet,BOM,BLR,BOM-BLR,0.127,2026-08-17,T+1,Economy,6970.0,1260.0,610.0,250.0,9090.0,INR,Available,False
2026-08-16T10:30:00,2026-08-16,OTA Aggregator,SpiceJet,BOM,BLR,BOM-BLR,0.127,2026-08-23,T+7,Economy,5860.0,1130.0,540.0,250.0,7780.0,INR,Available,False
2026-08-16T10:30:00,2026-08-16,OTA Aggregator,SpiceJet,BOM,BLR,BOM-BLR,0.127,2026-08-31,T+15,Economy,5290.0,1000.0,500.0,250.0,7040.0,INR,Available,False
2026-08-16T10:30:00,2026-08-16,OTA Aggregator,SpiceJet,BOM,BLR,BOM-BLR,0.127,2026-09-15,T+30,Economy,4330.0,820.0,470.0,250.0,5870.0,INR,Available,False
2026-08-16T10:30:00,2026-08-16,OTA Aggregator,SpiceJet,BOM,BLR,BOM-BLR,0.127,2026-09-30,T+45,Economy,4070.0,830.0,440.0,250.0,5590.0,INR,Available,False
2026-08-16T10:30:00,2026-08-16,Airline Direct,IndiGo,DEL,CCU,DEL-CCU,0.113,2026-08-17,T+1,Economy,7400.0,1410.0,650.0,250.0,9710.0,INR,Available,False
2026-08-16T10:30:00,2026-08-16,Airline Direct,IndiGo,DEL,CCU,DEL-CCU,0.113,2026-08-23,T+7,Economy,5710.0,1040.0,540.0,250.0,7540.0,INR,Available,False
2026-08-16T10:30:00,2026-08-16,Airline Direct,IndiGo,DEL,CCU,DEL-CCU,0.113,2026-08-31,T+15,Economy,4880.0,930.0,490.0,250.0,6550.0,INR,Available,False
2026-08-16T10:30:00,2026-08-16,Airline Direct,IndiGo,DEL,CCU,DEL-CCU,0.113,2026-09-15,T+30,Economy,4220.0,880.0,420.0,250.0,5770.0,INR,Available,False
2026-08-16T10:30:00,2026-08-16,Airline Direct,IndiGo,DEL,CCU,DEL-CCU,0.113,2026-09-30,T+45,Economy,4260.0,830.0,440.0,250.0,5780.0,INR,Available,False
2026-08-16T10:30:00,2026-08-16,Airline Direct,Air India,DEL,CCU,DEL-CCU,0.113,2026-08-17,T+1,Economy,8490.0,1470.0,810.0,300.0,11070.0,INR,Available,False
2026-08-16T10:30:00,2026-08-16,Airline Direct,Air India,DEL,CCU,DEL-CCU,0.113,2026-08-23,T+7,Economy,6380.0,1230.0,620.0,300.0,8530.0,INR,Available,False
2026-08-16T10:30:00,2026-08-16,Airline Direct,Air India,DEL,CCU,DEL-CCU,0.113,2026-08-31,T+15,Economy,5390.0,1000.0,530.0,300.0,7220.0,INR,Available,False
2026-08-16T10:30:00,2026-08-16,Airline Direct,Air India,DEL,CCU,DEL-CCU,0.113,2026-09-15,T+30,Economy,4950.0,970.0,500.0,300.0,6720.0,INR,Available,False
2026-08-16T10:30:00,2026-08-16,Airline Direct,Air India,DEL,CCU,DEL-CCU,0.113,2026-09-30,T+45,Economy,4460.0,950.0,490.0,300.0,6200.0,INR,Available,False
2026-08-16T10:30:00,2026-08-16,OTA Aggregator,Air India Express,DEL,CCU,DEL-CCU,0.113,2026-08-17,T+1,Economy,7100.0,1380.0,630.0,300.0,9410.0,INR,Available,False
2026-08-16T10:30:00,2026-08-16,OTA Aggregator,Air India Express,DEL,CCU,DEL-CCU,0.113,2026-08-23,T+7,Economy,5450.0,1100.0,540.0,300.0,7390.0,INR,Available,False
2026-08-16T10:30:00,2026-08-16,OTA Aggregator,Air India Express,DEL,CCU,DEL-CCU,0.113,2026-08-31,T+15,Economy,4370.0,910.0,410.0,300.0,5990.0,INR,Available,False
2026-08-16T10:30:00,2026-08-16,OTA Aggregator,Air India Express,DEL,CCU,DEL-CCU,0.113,2026-09-15,T+30,Economy,4160.0,790.0,420.0,300.0,5670.0,INR,Available,False
2026-08-16T10:30:00,2026-08-16,OTA Aggregator,Air India Express,DEL,CCU,DEL-CCU,0.113,2026-09-30,T+45,Economy,3600.0,720.0,370.0,300.0,4990.0,INR,Available,False
2026-08-16T10:30:00,2026-08-16,OTA Aggregator,Akasa Air,DEL,CCU,DEL-CCU,0.113,2026-08-17,T+1,Economy,7000.0,1230.0,690.0,300.0,9220.0,INR,Available,False
2026-08-16T10:30:00,2026-08-16,OTA Aggregator,Akasa Air,DEL,CCU,DEL-CCU,0.113,2026-08-23,T+7,Economy,5850.0,1090.0,580.0,300.0,7820.0,INR,Available,False
2026-08-16T10:30:00,2026-08-16,OTA Aggregator,Akasa Air,DEL,CCU,DEL-CCU,0.113,2026-08-31,T+15,Economy,4600.0,970.0,480.0,300.0,6350.0,INR,Available,False
2026-08-16T10:30:00,2026-08-16,OTA Aggregator,Akasa Air,DEL,CCU,DEL-CCU,0.113,2026-09-15,T+30,Economy,4230.0,840.0,410.0,300.0,5780.0,INR,Available,False
2026-08-16T10:30:00,2026-08-16,OTA Aggregator,Akasa Air,DEL,CCU,DEL-CCU,0.113,2026-09-30,T+45,Economy,3720.0,820.0,420.0,300.0,5260.0,INR,Available,False
2026-08-16T10:30:00,2026-08-16,OTA Aggregator,SpiceJet,DEL,CCU,DEL-CCU,0.113,2026-08-17,T+1,Economy,7100.0,1300.0,690.0,250.0,9340.0,INR,Available,False
2026-08-16T10:30:00,2026-08-16,OTA Aggregator,SpiceJet,DEL,CCU,DEL-CCU,0.113,2026-08-23,T+7,Economy,5440.0,1070.0,580.0,250.0,7340.0,INR,Available,False
2026-08-16T10:30:00,2026-08-16,OTA Aggregator,SpiceJet,DEL,CCU,DEL-CCU,0.113,2026-08-31,T+15,Economy,4770.0,910.0,480.0,250.0,6410.0,INR,Available,False
2026-08-16T10:30:00,2026-08-16,OTA Aggregator,SpiceJet,DEL,CCU,DEL-CCU,0.113,2026-09-15,T+30,Economy,4290.0,910.0,470.0,250.0,5920.0,INR,Available,False
2026-08-16T10:30:00,2026-08-16,OTA Aggregator,SpiceJet,DEL,CCU,DEL-CCU,0.113,2026-09-30,T+45,Economy,4150.0,770.0,480.0,250.0,5650.0,INR,Available,False
2026-08-16T10:30:00,2026-08-16,Airline Direct,IndiGo,BLR,HYD,BLR-HYD,0.098,2026-08-17,T+1,Economy,5950.0,1180.0,540.0,250.0,7920.0,INR,Available,False
2026-08-16T10:30:00,2026-08-16,Airline Direct,IndiGo,BLR,HYD,BLR-HYD,0.098,2026-08-23,T+7,Economy,4560.0,880.0,500.0,250.0,6190.0,INR,Available,False
2026-08-16T10:30:00,2026-08-16,Airline Direct,IndiGo,BLR,HYD,BLR-HYD,0.098,2026-08-31,T+15,Economy,3900.0,750.0,450.0,250.0,5350.0,INR,Available,False
2026-08-16T10:30:00,2026-08-16,Airline Direct,IndiGo,BLR,HYD,BLR-HYD,0.098,2026-09-15,T+30,Economy,3380.0,740.0,370.0,250.0,4740.0,INR,Available,False
2026-08-16T10:30:00,2026-08-16,Airline Direct,IndiGo,BLR,HYD,BLR-HYD,0.098,2026-09-30,T+45,Economy,3030.0,610.0,320.0,250.0,4210.0,INR,Available,False
2026-08-16T10:30:00,2026-08-16,Airline Direct,Air India,BLR,HYD,BLR-HYD,0.098,2026-08-17,T+1,Economy,6560.0,1230.0,660.0,300.0,8750.0,INR,Available,False
2026-08-16T10:30:00,2026-08-16,Airline Direct,Air India,BLR,HYD,BLR-HYD,0.098,2026-08-23,T+7,Economy,4920.0,1000.0,460.0,300.0,6680.0,INR,Available,False
2026-08-16T10:30:00,2026-08-16,Airline Direct,Air India,BLR,HYD,BLR-HYD,0.098,2026-08-31,T+15,Economy,4330.0,800.0,480.0,300.0,5910.0,INR,Available,False
2026-08-16T10:30:00,2026-08-16,Airline Direct,Air India,BLR,HYD,BLR-HYD,0.098,2026-09-15,T+30,Economy,3580.0,780.0,380.0,300.0,5040.0,INR,Available,False
2026-08-16T10:30:00,2026-08-16,Airline Direct,Air India,BLR,HYD,BLR-HYD,0.098,2026-09-30,T+45,Economy,3290.0,760.0,340.0,300.0,4690.0,INR,Available,False
2026-08-16T10:30:00,2026-08-16,OTA Aggregator,Air India Express,BLR,HYD,BLR-HYD,0.098,2026-08-17,T+1,Economy,5010.0,1030.0,540.0,300.0,6880.0,INR,Available,False
2026-08-16T10:30:00,2026-08-16,OTA Aggregator,Air India Express,BLR,HYD,BLR-HYD,0.098,2026-08-23,T+7,Economy,4310.0,830.0,440.0,300.0,5880.0,INR,Available,False
2026-08-16T10:30:00,2026-08-16,OTA Aggregator,Air India Express,BLR,HYD,BLR-HYD,0.098,2026-08-31,T+15,Economy,3600.0,830.0,360.0,300.0,5090.0,INR,Available,False
2026-08-16T10:30:00,2026-08-16,OTA Aggregator,Air India Express,BLR,HYD,BLR-HYD,0.098,2026-09-15,T+30,Economy,3070.0,700.0,330.0,300.0,4400.0,INR,Available,False
2026-08-16T10:30:00,2026-08-16,OTA Aggregator,Air India Express,BLR,HYD,BLR-HYD,0.098,2026-09-30,T+45,Economy,2730.0,540.0,340.0,300.0,3910.0,INR,Available,False
2026-08-16T10:30:00,2026-08-16,OTA Aggregator,Akasa Air,BLR,HYD,BLR-HYD,0.098,2026-08-17,T+1,Economy,4900.0,970.0,470.0,300.0,6640.0,INR,Available,False
2026-08-16T10:30:00,2026-08-16,OTA Aggregator,Akasa Air,BLR,HYD,BLR-HYD,0.098,2026-08-23,T+7,Economy,4180.0,800.0,440.0,300.0,5720.0,INR,Available,False
2026-08-16T10:30:00,2026-08-16,OTA Aggregator,Akasa Air,BLR,HYD,BLR-HYD,0.098,2026-08-31,T+15,Economy,3450.0,680.0,380.0,300.0,4810.0,INR,Available,False
2026-08-16T10:30:00,2026-08-16,OTA Aggregator,Akasa Air,BLR,HYD,BLR-HYD,0.098,2026-09-15,T+30,Economy,3180.0,720.0,320.0,300.0,4520.0,INR,Available,False
2026-08-16T10:30:00,2026-08-16,OTA Aggregator,Akasa Air,BLR,HYD,BLR-HYD,0.098,2026-09-30,T+45,Economy,2790.0,620.0,280.0,300.0,3990.0,INR,Available,False
2026-08-16T10:30:00,2026-08-16,OTA Aggregator,SpiceJet,BLR,HYD,BLR-HYD,0.098,2026-08-17,T+1,Economy,5300.0,1030.0,570.0,250.0,7150.0,INR,Available,False
2026-08-16T10:30:00,2026-08-16,OTA Aggregator,SpiceJet,BLR,HYD,BLR-HYD,0.098,2026-08-23,T+7,Economy,4410.0,890.0,460.0,250.0,6010.0,INR,Available,False
2026-08-16T10:30:00,2026-08-16,OTA Aggregator,SpiceJet,BLR,HYD,BLR-HYD,0.098,2026-08-31,T+15,Economy,3750.0,820.0,380.0,250.0,5200.0,INR,Available,False
2026-08-16T10:30:00,2026-08-16,OTA Aggregator,SpiceJet,BLR,HYD,BLR-HYD,0.098,2026-09-15,T+30,Economy,3180.0,740.0,350.0,250.0,4520.0,INR,Available,False
2026-08-16T10:30:00,2026-08-16,OTA Aggregator,SpiceJet,BLR,HYD,BLR-HYD,0.098,2026-09-30,T+45,Economy,2980.0,610.0,360.0,250.0,4200.0,INR,Available,False
2026-08-16T10:30:00,2026-08-16,Airline Direct,IndiGo,MAA,DEL,MAA-DEL,0.086,2026-08-17,T+1,Economy,8870.0,1560.0,790.0,250.0,11470.0,INR,Available,False
2026-08-16T10:30:00,2026-08-16,Airline Direct,IndiGo,MAA,DEL,MAA-DEL,0.086,2026-08-23,T+7,Economy,6530.0,1140.0,640.0,250.0,8560.0,INR,Available,False
2026-08-16T10:30:00,2026-08-16,Airline Direct,IndiGo,MAA,DEL,MAA-DEL,0.086,2026-08-31,T+15,Economy,5900.0,1070.0,530.0,250.0,7750.0,INR,Available,False
2026-08-16T10:30:00,2026-08-16,Airline Direct,IndiGo,MAA,DEL,MAA-DEL,0.086,2026-09-15,T+30,Economy,4890.0,950.0,450.0,250.0,6540.0,INR,Available,False
2026-08-16T10:30:00,2026-08-16,Airline Direct,IndiGo,MAA,DEL,MAA-DEL,0.086,2026-09-30,T+45,Economy,4380.0,950.0,470.0,250.0,6050.0,INR,Available,False
2026-08-16T10:30:00,2026-08-16,Airline Direct,Air India,MAA,DEL,MAA-DEL,0.086,2026-08-17,T+1,Economy,9050.0,1640.0,790.0,300.0,11780.0,INR,Available,False
2026-08-16T10:30:00,2026-08-16,Airline Direct,Air India,MAA,DEL,MAA-DEL,0.086,2026-08-23,T+7,Economy,6990.0,1250.0,700.0,300.0,9240.0,INR,Available,False
2026-08-16T10:30:00,2026-08-16,Airline Direct,Air India,MAA,DEL,MAA-DEL,0.086,2026-08-31,T+15,Economy,6060.0,1200.0,600.0,300.0,8160.0,INR,Available,False
2026-08-16T10:30:00,2026-08-16,Airline Direct,Air India,MAA,DEL,MAA-DEL,0.086,2026-09-15,T+30,Economy,5130.0,970.0,530.0,300.0,6930.0,INR,Available,False
2026-08-16T10:30:00,2026-08-16,Airline Direct,Air India,MAA,DEL,MAA-DEL,0.086,2026-09-30,T+45,Economy,5200.0,1080.0,560.0,300.0,7140.0,INR,Available,False
2026-08-16T10:30:00,2026-08-16,OTA Aggregator,Air India Express,MAA,DEL,MAA-DEL,0.086,2026-08-17,T+1,Economy,8030.0,1460.0,730.0,300.0,10520.0,INR,Available,False
2026-08-16T10:30:00,2026-08-16,OTA Aggregator,Air India Express,MAA,DEL,MAA-DEL,0.086,2026-08-23,T+7,Economy,6620.0,1290.0,600.0,300.0,8810.0,INR,Available,False
2026-08-16T10:30:00,2026-08-16,OTA Aggregator,Air India Express,MAA,DEL,MAA-DEL,0.086,2026-08-31,T+15,Economy,5220.0,1070.0,550.0,300.0,7140.0,INR,Available,False
2026-08-16T10:30:00,2026-08-16,OTA Aggregator,Air India Express,MAA,DEL,MAA-DEL,0.086,2026-09-15,T+30,Economy,4510.0,840.0,440.0,300.0,6090.0,INR,Available,False
2026-08-16T10:30:00,2026-08-16,OTA Aggregator,Air India Express,MAA,DEL,MAA-DEL,0.086,2026-09-30,T+45,Economy,4180.0,860.0,460.0,300.0,5800.0,INR,Available,False
2026-08-16T10:30:00,2026-08-16,OTA Aggregator,Akasa Air,MAA,DEL,MAA-DEL,0.086,2026-08-17,T+1,Economy,10360.0,1790.0,890.0,300.0,13340.0,INR,Available,True
2026-08-16T10:30:00,2026-08-16,OTA Aggregator,Akasa Air,MAA,DEL,MAA-DEL,0.086,2026-08-23,T+7,Economy,6520.0,1200.0,620.0,300.0,8640.0,INR,Available,False
2026-08-16T10:30:00,2026-08-16,OTA Aggregator,Akasa Air,MAA,DEL,MAA-DEL,0.086,2026-08-31,T+15,Economy,5380.0,990.0,550.0,300.0,7220.0,INR,Available,False
2026-08-16T10:30:00,2026-08-16,OTA Aggregator,Akasa Air,MAA,DEL,MAA-DEL,0.086,2026-09-15,T+30,Economy,4640.0,910.0,470.0,300.0,6320.0,INR,Available,False
2026-08-16T10:30:00,2026-08-16,OTA Aggregator,Akasa Air,MAA,DEL,MAA-DEL,0.086,2026-09-30,T+45,Economy,4400.0,840.0,450.0,300.0,5990.0,INR,Available,False
2026-08-16T10:30:00,2026-08-16,OTA Aggregator,SpiceJet,MAA,DEL,MAA-DEL,0.086,2026-08-17,T+1,Economy,8370.0,1520.0,810.0,250.0,10950.0,INR,Available,False
2026-08-16T10:30:00,2026-08-16,OTA Aggregator,SpiceJet,MAA,DEL,MAA-DEL,0.086,2026-08-23,T+7,Economy,6320.0,1120.0,620.0,250.0,8310.0,INR,Available,False
2026-08-16T10:30:00,2026-08-16,OTA Aggregator,SpiceJet,MAA,DEL,MAA-DEL,0.086,2026-08-31,T+15,Economy,5080.0,960.0,470.0,250.0,6760.0,INR,Available,False
2026-08-16T10:30:00,2026-08-16,OTA Aggregator,SpiceJet,MAA,DEL,MAA-DEL,0.086,2026-09-15,T+30,Economy,5090.0,930.0,530.0,250.0,6800.0,INR,Available,False
2026-08-16T10:30:00,2026-08-16,OTA Aggregator,SpiceJet,MAA,DEL,MAA-DEL,0.086,2026-09-30,T+45,Economy,4780.0,960.0,450.0,250.0,6440.0,INR,Available,False
2026-08-16T10:30:00,2026-08-16,Airline Direct,IndiGo,BOM,DEL,BOM-DEL,0.135,2026-08-17,T+1,Economy,10320.0,1810.0,910.0,250.0,13290.0,INR,Available,False
2026-08-16T10:30:00,2026-08-16,Airline Direct,IndiGo,BOM,DEL,BOM-DEL,0.135,2026-08-23,T+7,Economy,7430.0,1380.0,740.0,250.0,9800.0,INR,Available,False
2026-08-16T10:30:00,2026-08-16,Airline Direct,IndiGo,BOM,DEL,BOM-DEL,0.135,2026-08-31,T+15,Economy,6260.0,1170.0,640.0,250.0,8320.0,INR,Available,False
2026-08-16T10:30:00,2026-08-16,Airline Direct,IndiGo,BOM,DEL,BOM-DEL,0.135,2026-09-15,T+30,Economy,5590.0,1010.0,600.0,250.0,7450.0,INR,Available,False
2026-08-16T10:30:00,2026-08-16,Airline Direct,IndiGo,BOM,DEL,BOM-DEL,0.135,2026-09-30,T+45,Economy,5070.0,1040.0,500.0,250.0,6860.0,INR,Available,False
2026-08-16T10:30:00,2026-08-16,Airline Direct,Air India,BOM,DEL,BOM-DEL,0.135,2026-08-17,T+1,Economy,10710.0,1910.0,980.0,300.0,13900.0,INR,Available,False
2026-08-16T10:30:00,2026-08-16,Airline Direct,Air India,BOM,DEL,BOM-DEL,0.135,2026-08-23,T+7,Economy,8120.0,1430.0,730.0,300.0,10580.0,INR,Available,False
2026-08-16T10:30:00,2026-08-16,Airline Direct,Air India,BOM,DEL,BOM-DEL,0.135,2026-08-31,T+15,Economy,6790.0,1240.0,640.0,300.0,8970.0,INR,Available,False
2026-08-16T10:30:00,2026-08-16,Airline Direct,Air India,BOM,DEL,BOM-DEL,0.135,2026-09-15,T+30,Economy,5840.0,1060.0,520.0,300.0,7720.0,INR,Available,False
2026-08-16T10:30:00,2026-08-16,Airline Direct,Air India,BOM,DEL,BOM-DEL,0.135,2026-09-30,T+45,Economy,5460.0,1040.0,580.0,300.0,7380.0,INR,Available,False
2026-08-16T10:30:00,2026-08-16,OTA Aggregator,Air India Express,BOM,DEL,BOM-DEL,0.135,2026-08-17,T+1,Economy,9190.0,1690.0,800.0,300.0,11980.0,INR,Available,False
2026-08-16T10:30:00,2026-08-16,OTA Aggregator,Air India Express,BOM,DEL,BOM-DEL,0.135,2026-08-23,T+7,Economy,7220.0,1330.0,700.0,300.0,9550.0,INR,Available,False
2026-08-16T10:30:00,2026-08-16,OTA Aggregator,Air India Express,BOM,DEL,BOM-DEL,0.135,2026-08-31,T+15,Economy,6120.0,1090.0,610.0,300.0,8120.0,INR,Available,False
2026-08-16T10:30:00,2026-08-16,OTA Aggregator,Air India Express,BOM,DEL,BOM-DEL,0.135,2026-09-15,T+30,Economy,5160.0,1010.0,500.0,300.0,6970.0,INR,Available,False
2026-08-16T10:30:00,2026-08-16,OTA Aggregator,Air India Express,BOM,DEL,BOM-DEL,0.135,2026-09-30,T+45,Economy,4890.0,1020.0,490.0,300.0,6700.0,INR,Available,False
2026-08-16T10:30:00,2026-08-16,OTA Aggregator,Akasa Air,BOM,DEL,BOM-DEL,0.135,2026-08-17,T+1,Economy,8640.0,1540.0,750.0,300.0,11230.0,INR,Available,False
2026-08-16T10:30:00,2026-08-16,OTA Aggregator,Akasa Air,BOM,DEL,BOM-DEL,0.135,2026-08-23,T+7,Economy,6670.0,1270.0,660.0,300.0,8900.0,INR,Available,False
2026-08-16T10:30:00,2026-08-16,OTA Aggregator,Akasa Air,BOM,DEL,BOM-DEL,0.135,2026-08-31,T+15,Economy,5760.0,1030.0,530.0,300.0,7620.0,INR,Available,False
2026-08-16T10:30:00,2026-08-16,OTA Aggregator,Akasa Air,BOM,DEL,BOM-DEL,0.135,2026-09-15,T+30,Economy,5280.0,970.0,490.0,300.0,7040.0,INR,Available,False
2026-08-16T10:30:00,2026-08-16,OTA Aggregator,Akasa Air,BOM,DEL,BOM-DEL,0.135,2026-09-30,T+45,Economy,4510.0,960.0,490.0,300.0,6260.0,INR,Available,False
2026-08-16T10:30:00,2026-08-16,OTA Aggregator,SpiceJet,BOM,DEL,BOM-DEL,0.135,2026-08-17,T+1,Economy,9210.0,1690.0,840.0,250.0,11990.0,INR,Available,False
2026-08-16T10:30:00,2026-08-16,OTA Aggregator,SpiceJet,BOM,DEL,BOM-DEL,0.135,2026-08-23,T+7,Economy,6890.0,1220.0,680.0,250.0,9040.0,INR,Available,False
2026-08-16T10:30:00,2026-08-16,OTA Aggregator,SpiceJet,BOM,DEL,BOM-DEL,0.135,2026-08-31,T+15,Economy,5810.0,1090.0,560.0,250.0,7710.0,INR,Available,False
2026-08-16T10:30:00,2026-08-16,OTA Aggregator,SpiceJet,BOM,DEL,BOM-DEL,0.135,2026-09-15,T+30,Economy,5210.0,990.0,490.0,250.0,6940.0,INR,Available,False
2026-08-16T10:30:00,2026-08-16,OTA Aggregator,SpiceJet,BOM,DEL,BOM-DEL,0.135,2026-09-30,T+45,Economy,4860.0,990.0,460.0,250.0,6560.0,INR,Available,False
2026-08-16T10:30:00,2026-08-16,Airline Direct,IndiGo,HYD,DEL,HYD-DEL,0.105,2026-08-17,T+1,Economy,9090.0,1650.0,850.0,250.0,11840.0,INR,Available,True
2026-08-16T10:30:00,2026-08-16,Airline Direct,IndiGo,HYD,DEL,HYD-DEL,0.105,2026-08-23,T+7,Economy,5620.0,1030.0,570.0,250.0,7470.0,INR,Available,False
2026-08-16T10:30:00,2026-08-16,Airline Direct,IndiGo,HYD,DEL,HYD-DEL,0.105,2026-08-31,T+15,Economy,5020.0,1010.0,480.0,250.0,6760.0,INR,Available,False
2026-08-16T10:30:00,2026-08-16,Airline Direct,IndiGo,HYD,DEL,HYD-DEL,0.105,2026-09-15,T+30,Economy,4220.0,880.0,410.0,250.0,5760.0,INR,Available,False
2026-08-16T10:30:00,2026-08-16,Airline Direct,IndiGo,HYD,DEL,HYD-DEL,0.105,2026-09-30,T+45,Economy,3850.0,780.0,370.0,250.0,5250.0,INR,Available,False
2026-08-16T10:30:00,2026-08-16,Airline Direct,Air India,HYD,DEL,HYD-DEL,0.105,2026-08-17,T+1,Economy,8270.0,1470.0,770.0,300.0,10810.0,INR,Available,False
2026-08-16T10:30:00,2026-08-16,Airline Direct,Air India,HYD,DEL,HYD-DEL,0.105,2026-08-23,T+7,Economy,5930.0,1180.0,530.0,300.0,7940.0,INR,Available,False
2026-08-16T10:30:00,2026-08-16,Airline Direct,Air India,HYD,DEL,HYD-DEL,0.105,2026-08-31,T+15,Economy,4970.0,1000.0,460.0,300.0,6730.0,INR,Available,False
2026-08-16T10:30:00,2026-08-16,Airline Direct,Air India,HYD,DEL,HYD-DEL,0.105,2026-09-15,T+30,Economy,4440.0,910.0,430.0,300.0,6080.0,INR,Available,False
2026-08-16T10:30:00,2026-08-16,Airline Direct,Air India,HYD,DEL,HYD-DEL,0.105,2026-09-30,T+45,Economy,4130.0,760.0,430.0,300.0,5620.0,INR,Available,False
2026-08-16T10:30:00,2026-08-16,OTA Aggregator,Air India Express,HYD,DEL,HYD-DEL,0.105,2026-08-17,T+1,Economy,6620.0,1210.0,590.0,300.0,8720.0,INR,Available,False
2026-08-16T10:30:00,2026-08-16,OTA Aggregator,Air India Express,HYD,DEL,HYD-DEL,0.105,2026-08-23,T+7,Economy,5440.0,1090.0,540.0,300.0,7370.0,INR,Available,False
2026-08-16T10:30:00,2026-08-16,OTA Aggregator,Air India Express,HYD,DEL,HYD-DEL,0.105,2026-08-31,T+15,Economy,4240.0,870.0,410.0,300.0,5820.0,INR,Available,False
2026-08-16T10:30:00,2026-08-16,OTA Aggregator,Air India Express,HYD,DEL,HYD-DEL,0.105,2026-09-15,T+30,Economy,3720.0,730.0,370.0,300.0,5120.0,INR,Available,False
2026-08-16T10:30:00,2026-08-16,OTA Aggregator,Air India Express,HYD,DEL,HYD-DEL,0.105,2026-09-30,T+45,Economy,3460.0,730.0,380.0,300.0,4870.0,INR,Available,False
2026-08-16T10:30:00,2026-08-16,OTA Aggregator,Akasa Air,HYD,DEL,HYD-DEL,0.105,2026-08-17,T+1,Economy,7110.0,1280.0,650.0,300.0,9340.0,INR,Available,False
2026-08-16T10:30:00,2026-08-16,OTA Aggregator,Akasa Air,HYD,DEL,HYD-DEL,0.105,2026-08-23,T+7,Economy,5370.0,970.0,510.0,300.0,7150.0,INR,Available,False
2026-08-16T10:30:00,2026-08-16,OTA Aggregator,Akasa Air,HYD,DEL,HYD-DEL,0.105,2026-08-31,T+15,Economy,4610.0,950.0,460.0,300.0,6320.0,INR,Available,False
2026-08-16T10:30:00,2026-08-16,OTA Aggregator,Akasa Air,HYD,DEL,HYD-DEL,0.105,2026-09-15,T+30,Economy,3780.0,810.0,390.0,300.0,5280.0,INR,Available,False
2026-08-16T10:30:00,2026-08-16,OTA Aggregator,Akasa Air,HYD,DEL,HYD-DEL,0.105,2026-09-30,T+45,Economy,3560.0,760.0,430.0,300.0,5050.0,INR,Available,False
2026-08-16T10:30:00,2026-08-16,OTA Aggregator,SpiceJet,HYD,DEL,HYD-DEL,0.105,2026-08-17,T+1,Economy,6720.0,1250.0,620.0,250.0,8840.0,INR,Available,False
2026-08-16T10:30:00,2026-08-16,OTA Aggregator,SpiceJet,HYD,DEL,HYD-DEL,0.105,2026-08-23,T+7,Economy,5310.0,1000.0,560.0,250.0,7120.0,INR,Available,False
2026-08-16T10:30:00,2026-08-16,OTA Aggregator,SpiceJet,HYD,DEL,HYD-DEL,0.105,2026-08-31,T+15,Economy,4600.0,920.0,460.0,250.0,6230.0,INR,Available,False
2026-08-16T10:30:00,2026-08-16,OTA Aggregator,SpiceJet,HYD,DEL,HYD-DEL,0.105,2026-09-15,T+30,Economy,3860.0,780.0,440.0,250.0,5330.0,INR,Available,False
2026-08-16T10:30:00,2026-08-16,OTA Aggregator,SpiceJet,HYD,DEL,HYD-DEL,0.105,2026-09-30,T+45,Economy,3540.0,810.0,380.0,250.0,4980.0,INR,Available,False
2026-08-17T10:30:00,2026-08-17,Airline Direct,IndiGo,DEL,BOM,DEL-BOM,0.182,2026-08-18,T+1,Economy,9940.0,1770.0,870.0,300.0,12880.0,INR,Available,False
2026-08-17T10:30:00,2026-08-17,Airline Direct,IndiGo,DEL,BOM,DEL-BOM,0.182,2026-08-24,T+7,Economy,7300.0,1380.0,690.0,300.0,9670.0,INR,Available,False
2026-08-17T10:30:00,2026-08-17,Airline Direct,IndiGo,DEL,BOM,DEL-BOM,0.182,2026-09-01,T+15,Economy,6420.0,1160.0,640.0,300.0,8520.0,INR,Available,False
2026-08-17T10:30:00,2026-08-17,Airline Direct,IndiGo,DEL,BOM,DEL-BOM,0.182,2026-09-16,T+30,Economy,5590.0,1110.0,530.0,300.0,7530.0,INR,Available,False
2026-08-17T10:30:00,2026-08-17,Airline Direct,IndiGo,DEL,BOM,DEL-BOM,0.182,2026-10-01,T+45,Economy,4670.0,930.0,440.0,300.0,6340.0,INR,Available,False
2026-08-17T10:30:00,2026-08-17,Airline Direct,Air India,DEL,BOM,DEL-BOM,0.182,2026-08-18,T+1,Economy,10090.0,1750.0,880.0,250.0,12970.0,INR,Available,False
2026-08-17T10:30:00,2026-08-17,Airline Direct,Air India,DEL,BOM,DEL-BOM,0.182,2026-08-24,T+7,Economy,7920.0,1400.0,710.0,250.0,10280.0,INR,Available,False
2026-08-17T10:30:00,2026-08-17,Airline Direct,Air India,DEL,BOM,DEL-BOM,0.182,2026-09-01,T+15,Economy,5940.0,1080.0,600.0,250.0,7870.0,INR,Available,False
2026-08-17T10:30:00,2026-08-17,Airline Direct,Air India,DEL,BOM,DEL-BOM,0.182,2026-09-16,T+30,Economy,5860.0,1140.0,590.0,250.0,7840.0,INR,Available,False
2026-08-17T10:30:00,2026-08-17,Airline Direct,Air India,DEL,BOM,DEL-BOM,0.182,2026-10-01,T+45,Economy,5730.0,1040.0,610.0,250.0,7630.0,INR,Available,False
2026-08-17T10:30:00,2026-08-17,OTA Aggregator,Air India Express,DEL,BOM,DEL-BOM,0.182,2026-08-18,T+1,Economy,8650.0,1500.0,760.0,250.0,11160.0,INR,Available,False
2026-08-17T10:30:00,2026-08-17,OTA Aggregator,Air India Express,DEL,BOM,DEL-BOM,0.182,2026-08-24,T+7,Economy,6920.0,1320.0,650.0,250.0,9140.0,INR,Available,False
2026-08-17T10:30:00,2026-08-17,OTA Aggregator,Air India Express,DEL,BOM,DEL-BOM,0.182,2026-09-01,T+15,Economy,5930.0,1140.0,590.0,250.0,7910.0,INR,Available,False
2026-08-17T10:30:00,2026-08-17,OTA Aggregator,Air India Express,DEL,BOM,DEL-BOM,0.182,2026-09-16,T+30,Economy,5180.0,930.0,500.0,250.0,6860.0,INR,Available,False
2026-08-17T10:30:00,2026-08-17,OTA Aggregator,Air India Express,DEL,BOM,DEL-BOM,0.182,2026-10-01,T+45,Economy,4450.0,920.0,490.0,250.0,6110.0,INR,Available,False
2026-08-17T10:30:00,2026-08-17,OTA Aggregator,Akasa Air,DEL,BOM,DEL-BOM,0.182,2026-08-18,T+1,Economy,9280.0,1590.0,890.0,250.0,12010.0,INR,Available,False
2026-08-17T10:30:00,2026-08-17,OTA Aggregator,Akasa Air,DEL,BOM,DEL-BOM,0.182,2026-08-24,T+7,Economy,6760.0,1260.0,670.0,250.0,8940.0,INR,Available,False
2026-08-17T10:30:00,2026-08-17,OTA Aggregator,Akasa Air,DEL,BOM,DEL-BOM,0.182,2026-09-01,T+15,Economy,5850.0,1070.0,540.0,250.0,7710.0,INR,Available,False
2026-08-17T10:30:00,2026-08-17,OTA Aggregator,Akasa Air,DEL,BOM,DEL-BOM,0.182,2026-09-16,T+30,Economy,5200.0,1070.0,480.0,250.0,7000.0,INR,Available,False
2026-08-17T10:30:00,2026-08-17,OTA Aggregator,Akasa Air,DEL,BOM,DEL-BOM,0.182,2026-10-01,T+45,Economy,4510.0,970.0,510.0,250.0,6240.0,INR,Available,False
2026-08-17T10:30:00,2026-08-17,OTA Aggregator,SpiceJet,DEL,BOM,DEL-BOM,0.182,2026-08-18,T+1,Economy,9110.0,1670.0,880.0,300.0,11960.0,INR,Available,False
2026-08-17T10:30:00,2026-08-17,OTA Aggregator,SpiceJet,DEL,BOM,DEL-BOM,0.182,2026-08-24,T+7,Economy,7170.0,1270.0,700.0,300.0,9440.0,INR,Available,False
2026-08-17T10:30:00,2026-08-17,OTA Aggregator,SpiceJet,DEL,BOM,DEL-BOM,0.182,2026-09-01,T+15,Economy,5830.0,1100.0,600.0,300.0,7830.0,INR,Available,False
2026-08-17T10:30:00,2026-08-17,OTA Aggregator,SpiceJet,DEL,BOM,DEL-BOM,0.182,2026-09-16,T+30,Economy,5160.0,1000.0,520.0,300.0,6980.0,INR,Available,False
2026-08-17T10:30:00,2026-08-17,OTA Aggregator,SpiceJet,DEL,BOM,DEL-BOM,0.182,2026-10-01,T+45,Economy,4570.0,890.0,490.0,300.0,6250.0,INR,Available,False
2026-08-17T10:30:00,2026-08-17,Airline Direct,IndiGo,DEL,BLR,DEL-BLR,0.154,2026-08-18,T+1,Economy,9460.0,1690.0,880.0,300.0,12330.0,INR,Available,False
2026-08-17T10:30:00,2026-08-17,Airline Direct,IndiGo,DEL,BLR,DEL-BLR,0.154,2026-08-24,T+7,Economy,6870.0,1240.0,650.0,300.0,9060.0,INR,Available,False
2026-08-17T10:30:00,2026-08-17,Airline Direct,IndiGo,DEL,BLR,DEL-BLR,0.154,2026-09-01,T+15,Economy,5940.0,1050.0,550.0,300.0,7840.0,INR,Available,False
2026-08-17T10:30:00,2026-08-17,Airline Direct,IndiGo,DEL,BLR,DEL-BLR,0.154,2026-09-16,T+30,Economy,5650.0,1140.0,570.0,300.0,7660.0,INR,Available,False
2026-08-17T10:30:00,2026-08-17,Airline Direct,IndiGo,DEL,BLR,DEL-BLR,0.154,2026-10-01,T+45,Economy,4840.0,940.0,530.0,300.0,6610.0,INR,Available,False
2026-08-17T10:30:00,2026-08-17,Airline Direct,Air India,DEL,BLR,DEL-BLR,0.154,2026-08-18,T+1,Economy,9550.0,1730.0,870.0,250.0,12400.0,INR,Available,False
2026-08-17T10:30:00,2026-08-17,Airline Direct,Air India,DEL,BLR,DEL-BLR,0.154,2026-08-24,T+7,Economy,7690.0,1450.0,740.0,250.0,10130.0,INR,Available,False
2026-08-17T10:30:00,2026-08-17,Airline Direct,Air India,DEL,BLR,DEL-BLR,0.154,2026-09-01,T+15,Economy,6190.0,1210.0,570.0,250.0,8220.0,INR,Available,False
2026-08-17T10:30:00,2026-08-17,Airline Direct,Air India,DEL,BLR,DEL-BLR,0.154,2026-09-16,T+30,Economy,5590.0,1110.0,590.0,250.0,7540.0,INR,Available,False
2026-08-17T10:30:00,2026-08-17,Airline Direct,Air India,DEL,BLR,DEL-BLR,0.154,2026-10-01,T+45,Economy,5270.0,1010.0,510.0,250.0,7040.0,INR,Available,False
2026-08-17T10:30:00,2026-08-17,OTA Aggregator,Air India Express,DEL,BLR,DEL-BLR,0.154,2026-08-18,T+1,Economy,8790.0,1600.0,830.0,250.0,11470.0,INR,Available,False
2026-08-17T10:30:00,2026-08-17,OTA Aggregator,Air India Express,DEL,BLR,DEL-BLR,0.154,2026-08-24,T+7,Economy,6180.0,1160.0,620.0,250.0,8210.0,INR,Available,False
2026-08-17T10:30:00,2026-08-17,OTA Aggregator,Air India Express,DEL,BLR,DEL-BLR,0.154,2026-09-01,T+15,Economy,5580.0,1060.0,550.0,250.0,7440.0,INR,Available,False
2026-08-17T10:30:00,2026-08-17,OTA Aggregator,Air India Express,DEL,BLR,DEL-BLR,0.154,2026-09-16,T+30,Economy,4870.0,940.0,530.0,250.0,6590.0,INR,Available,False
2026-08-17T10:30:00,2026-08-17,OTA Aggregator,Air India Express,DEL,BLR,DEL-BLR,0.154,2026-10-01,T+45,Economy,4550.0,850.0,510.0,250.0,6160.0,INR,Available,False
2026-08-17T10:30:00,2026-08-17,OTA Aggregator,Akasa Air,DEL,BLR,DEL-BLR,0.154,2026-08-18,T+1,Economy,8410.0,1570.0,810.0,250.0,11040.0,INR,Available,False
2026-08-17T10:30:00,2026-08-17,OTA Aggregator,Akasa Air,DEL,BLR,DEL-BLR,0.154,2026-08-24,T+7,Economy,6660.0,1310.0,610.0,250.0,8830.0,INR,Available,False
2026-08-17T10:30:00,2026-08-17,OTA Aggregator,Akasa Air,DEL,BLR,DEL-BLR,0.154,2026-09-01,T+15,Economy,5460.0,1030.0,570.0,250.0,7310.0,INR,Available,False
2026-08-17T10:30:00,2026-08-17,OTA Aggregator,Akasa Air,DEL,BLR,DEL-BLR,0.154,2026-09-16,T+30,Economy,4910.0,940.0,500.0,250.0,6600.0,INR,Available,False
2026-08-17T10:30:00,2026-08-17,OTA Aggregator,Akasa Air,DEL,BLR,DEL-BLR,0.154,2026-10-01,T+45,Economy,4810.0,1020.0,440.0,250.0,6520.0,INR,Available,False
2026-08-17T10:30:00,2026-08-17,OTA Aggregator,SpiceJet,DEL,BLR,DEL-BLR,0.154,2026-08-18,T+1,Economy,8690.0,1620.0,790.0,300.0,11400.0,INR,Available,False
2026-08-17T10:30:00,2026-08-17,OTA Aggregator,SpiceJet,DEL,BLR,DEL-BLR,0.154,2026-08-24,T+7,Economy,6720.0,1230.0,600.0,300.0,8850.0,INR,Available,False
2026-08-17T10:30:00,2026-08-17,OTA Aggregator,SpiceJet,DEL,BLR,DEL-BLR,0.154,2026-09-01,T+15,Economy,5540.0,1110.0,550.0,300.0,7500.0,INR,Available,False
2026-08-17T10:30:00,2026-08-17,OTA Aggregator,SpiceJet,DEL,BLR,DEL-BLR,0.154,2026-09-16,T+30,Economy,4730.0,990.0,450.0,300.0,6470.0,INR,Available,False
2026-08-17T10:30:00,2026-08-17,OTA Aggregator,SpiceJet,DEL,BLR,DEL-BLR,0.154,2026-10-01,T+45,Economy,4510.0,860.0,460.0,300.0,6130.0,INR,Available,False
2026-08-17T10:30:00,2026-08-17,Airline Direct,IndiGo,BOM,BLR,BOM-BLR,0.127,2026-08-18,T+1,Economy,7440.0,1300.0,650.0,300.0,9690.0,INR,Available,False
2026-08-17T10:30:00,2026-08-17,Airline Direct,IndiGo,BOM,BLR,BOM-BLR,0.127,2026-08-24,T+7,Economy,5770.0,1080.0,580.0,300.0,7730.0,INR,Available,False
2026-08-17T10:30:00,2026-08-17,Airline Direct,IndiGo,BOM,BLR,BOM-BLR,0.127,2026-09-01,T+15,Economy,4660.0,930.0,460.0,300.0,6350.0,INR,Available,False
2026-08-17T10:30:00,2026-08-17,Airline Direct,IndiGo,BOM,BLR,BOM-BLR,0.127,2026-09-16,T+30,Economy,4610.0,980.0,420.0,300.0,6310.0,INR,Available,False
2026-08-17T10:30:00,2026-08-17,Airline Direct,IndiGo,BOM,BLR,BOM-BLR,0.127,2026-10-01,T+45,Economy,4130.0,880.0,400.0,300.0,5710.0,INR,Available,False
2026-08-17T10:30:00,2026-08-17,Airline Direct,Air India,BOM,BLR,BOM-BLR,0.127,2026-08-18,T+1,Economy,8360.0,1550.0,730.0,250.0,10890.0,INR,Available,False
2026-08-17T10:30:00,2026-08-17,Airline Direct,Air India,BOM,BLR,BOM-BLR,0.127,2026-08-24,T+7,Economy,6520.0,1250.0,580.0,250.0,8600.0,INR,Available,False
2026-08-17T10:30:00,2026-08-17,Airline Direct,Air India,BOM,BLR,BOM-BLR,0.127,2026-09-01,T+15,Economy,5600.0,1100.0,570.0,250.0,7520.0,INR,Available,False
2026-08-17T10:30:00,2026-08-17,Airline Direct,Air India,BOM,BLR,BOM-BLR,0.127,2026-09-16,T+30,Economy,4720.0,880.0,480.0,250.0,6330.0,INR,Available,False
2026-08-17T10:30:00,2026-08-17,Airline Direct,Air India,BOM,BLR,BOM-BLR,0.127,2026-10-01,T+45,Economy,4320.0,930.0,430.0,250.0,5930.0,INR,Available,False
2026-08-17T10:30:00,2026-08-17,OTA Aggregator,Air India Express,BOM,BLR,BOM-BLR,0.127,2026-08-18,T+1,Economy,7200.0,1340.0,670.0,250.0,9460.0,INR,Available,False
2026-08-17T10:30:00,2026-08-17,OTA Aggregator,Air India Express,BOM,BLR,BOM-BLR,0.127,2026-08-24,T+7,Economy,5380.0,1100.0,490.0,250.0,7220.0,INR,Available,False
2026-08-17T10:30:00,2026-08-17,OTA Aggregator,Air India Express,BOM,BLR,BOM-BLR,0.127,2026-09-01,T+15,Economy,4360.0,930.0,460.0,250.0,6000.0,INR,Available,False
2026-08-17T10:30:00,2026-08-17,OTA Aggregator,Air India Express,BOM,BLR,BOM-BLR,0.127,2026-09-16,T+30,Economy,3960.0,830.0,420.0,250.0,5460.0,INR,Available,False
2026-08-17T10:30:00,2026-08-17,OTA Aggregator,Air India Express,BOM,BLR,BOM-BLR,0.127,2026-10-01,T+45,Economy,3690.0,840.0,430.0,250.0,5210.0,INR,Available,False
2026-08-17T10:30:00,2026-08-17,OTA Aggregator,Akasa Air,BOM,BLR,BOM-BLR,0.127,2026-08-18,T+1,Economy,6980.0,1340.0,620.0,250.0,9190.0,INR,Available,False
2026-08-17T10:30:00,2026-08-17,OTA Aggregator,Akasa Air,BOM,BLR,BOM-BLR,0.127,2026-08-24,T+7,Economy,5430.0,1040.0,550.0,250.0,7270.0,INR,Available,False
2026-08-17T10:30:00,2026-08-17,OTA Aggregator,Akasa Air,BOM,BLR,BOM-BLR,0.127,2026-09-01,T+15,Economy,4680.0,980.0,500.0,250.0,6410.0,INR,Available,False
2026-08-17T10:30:00,2026-08-17,OTA Aggregator,Akasa Air,BOM,BLR,BOM-BLR,0.127,2026-09-16,T+30,Economy,3970.0,780.0,390.0,250.0,5390.0,INR,Available,False
2026-08-17T10:30:00,2026-08-17,OTA Aggregator,Akasa Air,BOM,BLR,BOM-BLR,0.127,2026-10-01,T+45,Economy,3670.0,760.0,390.0,250.0,5070.0,INR,Available,False
2026-08-17T10:30:00,2026-08-17,OTA Aggregator,SpiceJet,BOM,BLR,BOM-BLR,0.127,2026-08-18,T+1,Economy,7880.0,1400.0,700.0,300.0,10280.0,INR,Available,False
2026-08-17T10:30:00,2026-08-17,OTA Aggregator,SpiceJet,BOM,BLR,BOM-BLR,0.127,2026-08-24,T+7,Economy,5700.0,1060.0,580.0,300.0,7640.0,INR,Available,False
2026-08-17T10:30:00,2026-08-17,OTA Aggregator,SpiceJet,BOM,BLR,BOM-BLR,0.127,2026-09-01,T+15,Economy,4960.0,930.0,510.0,300.0,6700.0,INR,Available,False
2026-08-17T10:30:00,2026-08-17,OTA Aggregator,SpiceJet,BOM,BLR,BOM-BLR,0.127,2026-09-16,T+30,Economy,4370.0,880.0,450.0,300.0,6000.0,INR,Available,False
2026-08-17T10:30:00,2026-08-17,OTA Aggregator,SpiceJet,BOM,BLR,BOM-BLR,0.127,2026-10-01,T+45,Economy,3800.0,790.0,430.0,300.0,5320.0,INR,Available,False
2026-08-17T10:30:00,2026-08-17,Airline Direct,IndiGo,DEL,CCU,DEL-CCU,0.113,2026-08-18,T+1,Economy,8040.0,1500.0,710.0,300.0,10550.0,INR,Available,False
2026-08-17T10:30:00,2026-08-17,Airline Direct,IndiGo,DEL,CCU,DEL-CCU,0.113,2026-08-24,T+7,Economy,5350.0,1030.0,560.0,300.0,7240.0,INR,Available,False
2026-08-17T10:30:00,2026-08-17,Airline Direct,IndiGo,DEL,CCU,DEL-CCU,0.113,2026-09-01,T+15,Economy,4740.0,1000.0,490.0,300.0,6530.0,INR,Available,False
2026-08-17T10:30:00,2026-08-17,Airline Direct,IndiGo,DEL,CCU,DEL-CCU,0.113,2026-09-16,T+30,Economy,4330.0,840.0,490.0,300.0,5960.0,INR,Available,False
2026-08-17T10:30:00,2026-08-17,Airline Direct,IndiGo,DEL,CCU,DEL-CCU,0.113,2026-10-01,T+45,Economy,3600.0,810.0,390.0,300.0,5100.0,INR,Available,False
2026-08-17T10:30:00,2026-08-17,Airline Direct,Air India,DEL,CCU,DEL-CCU,0.113,2026-08-18,T+1,Economy,9410.0,1730.0,850.0,250.0,12240.0,INR,Available,True
2026-08-17T10:30:00,2026-08-17,Airline Direct,Air India,DEL,CCU,DEL-CCU,0.113,2026-08-24,T+7,Economy,5850.0,1080.0,570.0,250.0,7750.0,INR,Available,False
2026-08-17T10:30:00,2026-08-17,Airline Direct,Air India,DEL,CCU,DEL-CCU,0.113,2026-09-01,T+15,Economy,5130.0,1050.0,550.0,250.0,6980.0,INR,Available,False
2026-08-17T10:30:00,2026-08-17,Airline Direct,Air India,DEL,CCU,DEL-CCU,0.113,2026-09-16,T+30,Economy,4520.0,970.0,450.0,250.0,6190.0,INR,Available,False
2026-08-17T10:30:00,2026-08-17,Airline Direct,Air India,DEL,CCU,DEL-CCU,0.113,2026-10-01,T+45,Economy,4050.0,800.0,390.0,250.0,5490.0,INR,Available,False
2026-08-17T10:30:00,2026-08-17,OTA Aggregator,Air India Express,DEL,CCU,DEL-CCU,0.113,2026-08-18,T+1,Economy,6400.0,1200.0,650.0,250.0,8500.0,INR,Available,False
2026-08-17T10:30:00,2026-08-17,OTA Aggregator,Air India Express,DEL,CCU,DEL-CCU,0.113,2026-08-24,T+7,Economy,5180.0,1040.0,540.0,250.0,7010.0,INR,Available,False
2026-08-17T10:30:00,2026-08-17,OTA Aggregator,Air India Express,DEL,CCU,DEL-CCU,0.113,2026-09-01,T+15,Economy,4360.0,930.0,470.0,250.0,6010.0,INR,Available,False
2026-08-17T10:30:00,2026-08-17,OTA Aggregator,Air India Express,DEL,CCU,DEL-CCU,0.113,2026-09-16,T+30,Economy,3800.0,780.0,360.0,250.0,5190.0,INR,Available,False
2026-08-17T10:30:00,2026-08-17,OTA Aggregator,Air India Express,DEL,CCU,DEL-CCU,0.113,2026-10-01,T+45,Economy,3590.0,680.0,360.0,250.0,4880.0,INR,Available,False
2026-08-17T10:30:00,2026-08-17,OTA Aggregator,Akasa Air,DEL,CCU,DEL-CCU,0.113,2026-08-18,T+1,Economy,6770.0,1190.0,680.0,250.0,8890.0,INR,Available,False
2026-08-17T10:30:00,2026-08-17,OTA Aggregator,Akasa Air,DEL,CCU,DEL-CCU,0.113,2026-08-24,T+7,Economy,5190.0,930.0,540.0,250.0,6910.0,INR,Available,False
2026-08-17T10:30:00,2026-08-17,OTA Aggregator,Akasa Air,DEL,CCU,DEL-CCU,0.113,2026-09-01,T+15,Economy,4540.0,930.0,410.0,250.0,6130.0,INR,Available,False
2026-08-17T10:30:00,2026-08-17,OTA Aggregator,Akasa Air,DEL,CCU,DEL-CCU,0.113,2026-09-16,T+30,Economy,4010.0,890.0,460.0,250.0,5610.0,INR,Available,False
2026-08-17T10:30:00,2026-08-17,OTA Aggregator,Akasa Air,DEL,CCU,DEL-CCU,0.113,2026-10-01,T+45,Economy,3630.0,730.0,430.0,250.0,5040.0,INR,Available,False
2026-08-17T10:30:00,2026-08-17,OTA Aggregator,SpiceJet,DEL,CCU,DEL-CCU,0.113,2026-08-18,T+1,Economy,7170.0,1330.0,630.0,300.0,9430.0,INR,Available,False
2026-08-17T10:30:00,2026-08-17,OTA Aggregator,SpiceJet,DEL,CCU,DEL-CCU,0.113,2026-08-24,T+7,Economy,5450.0,1090.0,550.0,300.0,7390.0,INR,Available,False
2026-08-17T10:30:00,2026-08-17,OTA Aggregator,SpiceJet,DEL,CCU,DEL-CCU,0.113,2026-09-01,T+15,Economy,4350.0,830.0,400.0,300.0,5880.0,INR,Available,False
2026-08-17T10:30:00,2026-08-17,OTA Aggregator,SpiceJet,DEL,CCU,DEL-CCU,0.113,2026-09-16,T+30,Economy,3970.0,870.0,410.0,300.0,5550.0,INR,Available,False
2026-08-17T10:30:00,2026-08-17,OTA Aggregator,SpiceJet,DEL,CCU,DEL-CCU,0.113,2026-10-01,T+45,Economy,3850.0,790.0,410.0,300.0,5350.0,INR,Available,False
2026-08-17T10:30:00,2026-08-17,Airline Direct,IndiGo,BLR,HYD,BLR-HYD,0.098,2026-08-18,T+1,Economy,5800.0,1080.0,540.0,300.0,7720.0,INR,Available,False
2026-08-17T10:30:00,2026-08-17,Airline Direct,IndiGo,BLR,HYD,BLR-HYD,0.098,2026-08-24,T+7,Economy,4210.0,780.0,450.0,300.0,5740.0,INR,Available,False
2026-08-17T10:30:00,2026-08-17,Airline Direct,IndiGo,BLR,HYD,BLR-HYD,0.098,2026-09-01,T+15,Economy,3550.0,770.0,400.0,300.0,5020.0,INR,Available,False
2026-08-17T10:30:00,2026-08-17,Airline Direct,IndiGo,BLR,HYD,BLR-HYD,0.098,2026-09-16,T+30,Economy,3100.0,710.0,350.0,300.0,4460.0,INR,Available,False
2026-08-17T10:30:00,2026-08-17,Airline Direct,IndiGo,BLR,HYD,BLR-HYD,0.098,2026-10-01,T+45,Economy,2950.0,620.0,380.0,300.0,4250.0,INR,Available,False
2026-08-17T10:30:00,2026-08-17,Airline Direct,Air India,BLR,HYD,BLR-HYD,0.098,2026-08-18,T+1,Economy,6200.0,1120.0,590.0,250.0,8160.0,INR,Available,False
2026-08-17T10:30:00,2026-08-17,Airline Direct,Air India,BLR,HYD,BLR-HYD,0.098,2026-08-24,T+7,Economy,4810.0,970.0,480.0,250.0,6510.0,INR,Available,False
2026-08-17T10:30:00,2026-08-17,Airline Direct,Air India,BLR,HYD,BLR-HYD,0.098,2026-09-01,T+15,Economy,4200.0,780.0,450.0,250.0,5680.0,INR,Available,False
2026-08-17T10:30:00,2026-08-17,Airline Direct,Air India,BLR,HYD,BLR-HYD,0.098,2026-09-16,T+30,Economy,3330.0,750.0,340.0,250.0,4670.0,INR,Available,False
2026-08-17T10:30:00,2026-08-17,Airline Direct,Air India,BLR,HYD,BLR-HYD,0.098,2026-10-01,T+45,Economy,3310.0,660.0,330.0,250.0,4550.0,INR,Available,False
2026-08-17T10:30:00,2026-08-17,OTA Aggregator,Air India Express,BLR,HYD,BLR-HYD,0.098,2026-08-18,T+1,Economy,5260.0,1000.0,530.0,250.0,7040.0,INR,Available,False
2026-08-17T10:30:00,2026-08-17,OTA Aggregator,Air India Express,BLR,HYD,BLR-HYD,0.098,2026-08-24,T+7,Economy,3860.0,830.0,380.0,250.0,5320.0,INR,Available,False
2026-08-17T10:30:00,2026-08-17,OTA Aggregator,Air India Express,BLR,HYD,BLR-HYD,0.098,2026-09-01,T+15,Economy,3360.0,690.0,390.0,250.0,4690.0,INR,Available,False
2026-08-17T10:30:00,2026-08-17,OTA Aggregator,Air India Express,BLR,HYD,BLR-HYD,0.098,2026-09-16,T+30,Economy,2900.0,600.0,310.0,250.0,4060.0,INR,Available,False
2026-08-17T10:30:00,2026-08-17,OTA Aggregator,Air India Express,BLR,HYD,BLR-HYD,0.098,2026-10-01,T+45,Economy,2480.0,520.0,270.0,250.0,3520.0,INR,Available,False
2026-08-17T10:30:00,2026-08-17,OTA Aggregator,Akasa Air,BLR,HYD,BLR-HYD,0.098,2026-08-18,T+1,Economy,6510.0,1250.0,620.0,250.0,8630.0,INR,Available,True
2026-08-17T10:30:00,2026-08-17,OTA Aggregator,Akasa Air,BLR,HYD,BLR-HYD,0.098,2026-08-24,T+7,Economy,4030.0,760.0,450.0,250.0,5490.0,INR,Available,False
2026-08-17T10:30:00,2026-08-17,OTA Aggregator,Akasa Air,BLR,HYD,BLR-HYD,0.098,2026-09-01,T+15,Economy,3310.0,630.0,340.0,250.0,4530.0,INR,Available,False
2026-08-17T10:30:00,2026-08-17,OTA Aggregator,Akasa Air,BLR,HYD,BLR-HYD,0.098,2026-09-16,T+30,Economy,3000.0,590.0,370.0,250.0,4210.0,INR,Available,False
2026-08-17T10:30:00,2026-08-17,OTA Aggregator,Akasa Air,BLR,HYD,BLR-HYD,0.098,2026-10-01,T+45,Economy,2780.0,620.0,360.0,250.0,4010.0,INR,Available,False
2026-08-17T10:30:00,2026-08-17,OTA Aggregator,SpiceJet,BLR,HYD,BLR-HYD,0.098,2026-08-18,T+1,Economy,5600.0,1030.0,560.0,300.0,7490.0,INR,Available,False
2026-08-17T10:30:00,2026-08-17,OTA Aggregator,SpiceJet,BLR,HYD,BLR-HYD,0.098,2026-08-24,T+7,Economy,4210.0,840.0,390.0,300.0,5740.0,INR,Available,False
2026-08-17T10:30:00,2026-08-17,OTA Aggregator,SpiceJet,BLR,HYD,BLR-HYD,0.098,2026-09-01,T+15,Economy,3580.0,760.0,340.0,300.0,4980.0,INR,Available,False
2026-08-17T10:30:00,2026-08-17,OTA Aggregator,SpiceJet,BLR,HYD,BLR-HYD,0.098,2026-09-16,T+30,Economy,3230.0,690.0,400.0,300.0,4620.0,INR,Available,False
2026-08-17T10:30:00,2026-08-17,OTA Aggregator,SpiceJet,BLR,HYD,BLR-HYD,0.098,2026-10-01,T+45,Economy,2940.0,690.0,360.0,300.0,4290.0,INR,Available,False
2026-08-17T10:30:00,2026-08-17,Airline Direct,IndiGo,MAA,DEL,MAA-DEL,0.086,2026-08-18,T+1,Economy,7880.0,1490.0,720.0,300.0,10390.0,INR,Available,False
2026-08-17T10:30:00,2026-08-17,Airline Direct,IndiGo,MAA,DEL,MAA-DEL,0.086,2026-08-24,T+7,Economy,6320.0,1150.0,560.0,300.0,8330.0,INR,Available,False
2026-08-17T10:30:00,2026-08-17,Airline Direct,IndiGo,MAA,DEL,MAA-DEL,0.086,2026-09-01,T+15,Economy,5520.0,1100.0,530.0,300.0,7450.0,INR,Available,False
2026-08-17T10:30:00,2026-08-17,Airline Direct,IndiGo,MAA,DEL,MAA-DEL,0.086,2026-09-16,T+30,Economy,4610.0,970.0,500.0,300.0,6380.0,INR,Available,False
2026-08-17T10:30:00,2026-08-17,Airline Direct,IndiGo,MAA,DEL,MAA-DEL,0.086,2026-10-01,T+45,Economy,4240.0,860.0,450.0,300.0,5850.0,INR,Available,False
2026-08-17T10:30:00,2026-08-17,Airline Direct,Air India,MAA,DEL,MAA-DEL,0.086,2026-08-18,T+1,Economy,8190.0,1430.0,750.0,250.0,10620.0,INR,Available,False
2026-08-17T10:30:00,2026-08-17,Airline Direct,Air India,MAA,DEL,MAA-DEL,0.086,2026-08-24,T+7,Economy,6760.0,1230.0,640.0,250.0,8880.0,INR,Available,False
2026-08-17T10:30:00,2026-08-17,Airline Direct,Air India,MAA,DEL,MAA-DEL,0.086,2026-09-01,T+15,Economy,6130.0,1100.0,590.0,250.0,8070.0,INR,Available,False
2026-08-17T10:30:00,2026-08-17,Airline Direct,Air India,MAA,DEL,MAA-DEL,0.086,2026-09-16,T+30,Economy,4600.0,870.0,440.0,250.0,6160.0,INR,Available,False
2026-08-17T10:30:00,2026-08-17,Airline Direct,Air India,MAA,DEL,MAA-DEL,0.086,2026-10-01,T+45,Economy,5010.0,1010.0,520.0,250.0,6790.0,INR,Available,False
2026-08-17T10:30:00,2026-08-17,OTA Aggregator,Air India Express,MAA,DEL,MAA-DEL,0.086,2026-08-18,T+1,Economy,7320.0,1330.0,670.0,250.0,9570.0,INR,Available,False
2026-08-17T10:30:00,2026-08-17,OTA Aggregator,Air India Express,MAA,DEL,MAA-DEL,0.086,2026-08-24,T+7,Economy,5850.0,1160.0,610.0,250.0,7870.0,INR,Available,False
2026-08-17T10:30:00,2026-08-17,OTA Aggregator,Air India Express,MAA,DEL,MAA-DEL,0.086,2026-09-01,T+15,Economy,5400.0,990.0,500.0,250.0,7140.0,INR,Available,False
2026-08-17T10:30:00,2026-08-17,OTA Aggregator,Air India Express,MAA,DEL,MAA-DEL,0.086,2026-09-16,T+30,Economy,4130.0,760.0,470.0,250.0,5610.0,INR,Available,False
2026-08-17T10:30:00,2026-08-17,OTA Aggregator,Air India Express,MAA,DEL,MAA-DEL,0.086,2026-10-01,T+45,Economy,4130.0,790.0,470.0,250.0,5640.0,INR,Available,False
2026-08-17T10:30:00,2026-08-17,OTA Aggregator,Akasa Air,MAA,DEL,MAA-DEL,0.086,2026-08-18,T+1,Economy,8040.0,1420.0,750.0,250.0,10460.0,INR,Available,False
2026-08-17T10:30:00,2026-08-17,OTA Aggregator,Akasa Air,MAA,DEL,MAA-DEL,0.086,2026-08-24,T+7,Economy,6160.0,1110.0,570.0,250.0,8090.0,INR,Available,False
2026-08-17T10:30:00,2026-08-17,OTA Aggregator,Akasa Air,MAA,DEL,MAA-DEL,0.086,2026-09-01,T+15,Economy,4950.0,920.0,520.0,250.0,6640.0,INR,Available,False
2026-08-17T10:30:00,2026-08-17,OTA Aggregator,Akasa Air,MAA,DEL,MAA-DEL,0.086,2026-09-16,T+30,Economy,4370.0,820.0,400.0,250.0,5840.0,INR,Available,False
2026-08-17T10:30:00,2026-08-17,OTA Aggregator,Akasa Air,MAA,DEL,MAA-DEL,0.086,2026-10-01,T+45,Economy,4120.0,810.0,390.0,250.0,5570.0,INR,Available,False
2026-08-17T10:30:00,2026-08-17,OTA Aggregator,SpiceJet,MAA,DEL,MAA-DEL,0.086,2026-08-18,T+1,Economy,7960.0,1510.0,770.0,300.0,10540.0,INR,Available,False
2026-08-17T10:30:00,2026-08-17,OTA Aggregator,SpiceJet,MAA,DEL,MAA-DEL,0.086,2026-08-24,T+7,Economy,5800.0,1110.0,520.0,300.0,7730.0,INR,Available,False
2026-08-17T10:30:00,2026-08-17,OTA Aggregator,SpiceJet,MAA,DEL,MAA-DEL,0.086,2026-09-01,T+15,Economy,5400.0,1070.0,550.0,300.0,7320.0,INR,Available,False
2026-08-17T10:30:00,2026-08-17,OTA Aggregator,SpiceJet,MAA,DEL,MAA-DEL,0.086,2026-09-16,T+30,Economy,4540.0,930.0,490.0,300.0,6260.0,INR,Available,False
2026-08-17T10:30:00,2026-08-17,OTA Aggregator,SpiceJet,MAA,DEL,MAA-DEL,0.086,2026-10-01,T+45,Economy,4120.0,790.0,410.0,300.0,5620.0,INR,Available,False
2026-08-17T10:30:00,2026-08-17,Airline Direct,IndiGo,BOM,DEL,BOM-DEL,0.135,2026-08-18,T+1,Economy,8520.0,1530.0,810.0,300.0,11160.0,INR,Available,False
2026-08-17T10:30:00,2026-08-17,Airline Direct,IndiGo,BOM,DEL,BOM-DEL,0.135,2026-08-24,T+7,Economy,7130.0,1330.0,700.0,300.0,9460.0,INR,Available,False
2026-08-17T10:30:00,2026-08-17,Airline Direct,IndiGo,BOM,DEL,BOM-DEL,0.135,2026-09-01,T+15,Economy,6250.0,1140.0,600.0,300.0,8290.0,INR,Available,False
2026-08-17T10:30:00,2026-08-17,Airline Direct,IndiGo,BOM,DEL,BOM-DEL,0.135,2026-09-16,T+30,Economy,5160.0,960.0,510.0,300.0,6930.0,INR,Available,False
2026-08-17T10:30:00,2026-08-17,Airline Direct,IndiGo,BOM,DEL,BOM-DEL,0.135,2026-10-01,T+45,Economy,4640.0,990.0,440.0,300.0,6370.0,INR,Available,False
2026-08-17T10:30:00,2026-08-17,Airline Direct,Air India,BOM,DEL,BOM-DEL,0.135,2026-08-18,T+1,Economy,9620.0,1790.0,820.0,250.0,12480.0,INR,Available,False
2026-08-17T10:30:00,2026-08-17,Airline Direct,Air India,BOM,DEL,BOM-DEL,0.135,2026-08-24,T+7,Economy,7380.0,1290.0,680.0,250.0,9600.0,INR,Available,False
2026-08-17T10:30:00,2026-08-17,Airline Direct,Air India,BOM,DEL,BOM-DEL,0.135,2026-09-01,T+15,Economy,6720.0,1320.0,590.0,250.0,8880.0,INR,Available,False
2026-08-17T10:30:00,2026-08-17,Airline Direct,Air India,BOM,DEL,BOM-DEL,0.135,2026-09-16,T+30,Economy,5680.0,1140.0,510.0,250.0,7580.0,INR,Available,False
2026-08-17T10:30:00,2026-08-17,Airline Direct,Air India,BOM,DEL,BOM-DEL,0.135,2026-10-01,T+45,Economy,5700.0,1110.0,570.0,250.0,7630.0,INR,Available,False
2026-08-17T10:30:00,2026-08-17,OTA Aggregator,Air India Express,BOM,DEL,BOM-DEL,0.135,2026-08-18,T+1,Economy,8580.0,1480.0,780.0,250.0,11090.0,INR,Available,False
2026-08-17T10:30:00,2026-08-17,OTA Aggregator,Air India Express,BOM,DEL,BOM-DEL,0.135,2026-08-24,T+7,Economy,6560.0,1210.0,610.0,250.0,8630.0,INR,Available,False
2026-08-17T10:30:00,2026-08-17,OTA Aggregator,Air India Express,BOM,DEL,BOM-DEL,0.135,2026-09-01,T+15,Economy,5140.0,990.0,560.0,250.0,6940.0,INR,Available,False
2026-08-17T10:30:00,2026-08-17,OTA Aggregator,Air India Express,BOM,DEL,BOM-DEL,0.135,2026-09-16,T+30,Economy,4680.0,860.0,520.0,250.0,6310.0,INR,Available,False
2026-08-17T10:30:00,2026-08-17,OTA Aggregator,Air India Express,BOM,DEL,BOM-DEL,0.135,2026-10-01,T+45,Economy,4810.0,990.0,470.0,250.0,6520.0,INR,Available,False
2026-08-17T10:30:00,2026-08-17,OTA Aggregator,Akasa Air,BOM,DEL,BOM-DEL,0.135,2026-08-18,T+1,Economy,8530.0,1530.0,770.0,250.0,11080.0,INR,Available,False
2026-08-17T10:30:00,2026-08-17,OTA Aggregator,Akasa Air,BOM,DEL,BOM-DEL,0.135,2026-08-24,T+7,Economy,6460.0,1230.0,580.0,250.0,8520.0,INR,Available,False
2026-08-17T10:30:00,2026-08-17,OTA Aggregator,Akasa Air,BOM,DEL,BOM-DEL,0.135,2026-09-01,T+15,Economy,5650.0,1080.0,500.0,250.0,7480.0,INR,Available,False
2026-08-17T10:30:00,2026-08-17,OTA Aggregator,Akasa Air,BOM,DEL,BOM-DEL,0.135,2026-09-16,T+30,Economy,5130.0,990.0,560.0,250.0,6930.0,INR,Available,False
2026-08-17T10:30:00,2026-08-17,OTA Aggregator,Akasa Air,BOM,DEL,BOM-DEL,0.135,2026-10-01,T+45,Economy,4350.0,930.0,430.0,250.0,5960.0,INR,Available,False
2026-08-17T10:30:00,2026-08-17,OTA Aggregator,SpiceJet,BOM,DEL,BOM-DEL,0.135,2026-08-18,T+1,Economy,9100.0,1590.0,870.0,300.0,11860.0,INR,Available,False
2026-08-17T10:30:00,2026-08-17,OTA Aggregator,SpiceJet,BOM,DEL,BOM-DEL,0.135,2026-08-24,T+7,Economy,6580.0,1200.0,670.0,300.0,8750.0,INR,Available,False
2026-08-17T10:30:00,2026-08-17,OTA Aggregator,SpiceJet,BOM,DEL,BOM-DEL,0.135,2026-09-01,T+15,Economy,5820.0,1110.0,560.0,300.0,7790.0,INR,Available,False
2026-08-17T10:30:00,2026-08-17,OTA Aggregator,SpiceJet,BOM,DEL,BOM-DEL,0.135,2026-09-16,T+30,Economy,5000.0,930.0,520.0,300.0,6750.0,INR,Available,False
2026-08-17T10:30:00,2026-08-17,OTA Aggregator,SpiceJet,BOM,DEL,BOM-DEL,0.135,2026-10-01,T+45,Economy,4680.0,890.0,520.0,300.0,6390.0,INR,Available,False
2026-08-17T10:30:00,2026-08-17,Airline Direct,IndiGo,HYD,DEL,HYD-DEL,0.105,2026-08-18,T+1,Economy,8210.0,1440.0,730.0,300.0,10680.0,INR,Available,True
2026-08-17T10:30:00,2026-08-17,Airline Direct,IndiGo,HYD,DEL,HYD-DEL,0.105,2026-08-24,T+7,Economy,5050.0,980.0,540.0,300.0,6870.0,INR,Available,False
2026-08-17T10:30:00,2026-08-17,Airline Direct,IndiGo,HYD,DEL,HYD-DEL,0.105,2026-09-01,T+15,Economy,4460.0,920.0,460.0,300.0,6140.0,INR,Available,False
2026-08-17T10:30:00,2026-08-17,Airline Direct,IndiGo,HYD,DEL,HYD-DEL,0.105,2026-09-16,T+30,Economy,3980.0,760.0,450.0,300.0,5490.0,INR,Available,False
2026-08-17T10:30:00,2026-08-17,Airline Direct,IndiGo,HYD,DEL,HYD-DEL,0.105,2026-10-01,T+45,Economy,3550.0,710.0,380.0,300.0,4940.0,INR,Available,False
2026-08-17T10:30:00,2026-08-17,Airline Direct,Air India,HYD,DEL,HYD-DEL,0.105,2026-08-18,T+1,Economy,7690.0,1420.0,680.0,250.0,10040.0,INR,Available,False
2026-08-17T10:30:00,2026-08-17,Airline Direct,Air India,HYD,DEL,HYD-DEL,0.105,2026-08-24,T+7,Economy,5670.0,1110.0,590.0,250.0,7620.0,INR,Available,False
2026-08-17T10:30:00,2026-08-17,Airline Direct,Air India,HYD,DEL,HYD-DEL,0.105,2026-09-01,T+15,Economy,4810.0,1010.0,490.0,250.0,6560.0,INR,Available,False
2026-08-17T10:30:00,2026-08-17,Airline Direct,Air India,HYD,DEL,HYD-DEL,0.105,2026-09-16,T+30,Economy,3840.0,790.0,420.0,250.0,5300.0,INR,Available,False
2026-08-17T10:30:00,2026-08-17,Airline Direct,Air India,HYD,DEL,HYD-DEL,0.105,2026-10-01,T+45,Economy,3820.0,830.0,400.0,250.0,5300.0,INR,Available,False
2026-08-17T10:30:00,2026-08-17,OTA Aggregator,Air India Express,HYD,DEL,HYD-DEL,0.105,2026-08-18,T+1,Economy,6410.0,1240.0,600.0,250.0,8500.0,INR,Available,False
2026-08-17T10:30:00,2026-08-17,OTA Aggregator,Air India Express,HYD,DEL,HYD-DEL,0.105,2026-08-24,T+7,Economy,4940.0,1020.0,530.0,250.0,6740.0,INR,Available,False
2026-08-17T10:30:00,2026-08-17,OTA Aggregator,Air India Express,HYD,DEL,HYD-DEL,0.105,2026-09-01,T+15,Economy,4050.0,890.0,460.0,250.0,5650.0,INR,Available,False
2026-08-17T10:30:00,2026-08-17,OTA Aggregator,Air India Express,HYD,DEL,HYD-DEL,0.105,2026-09-16,T+30,Economy,3560.0,760.0,400.0,250.0,4970.0,INR,Available,False
2026-08-17T10:30:00,2026-08-17,OTA Aggregator,Air India Express,HYD,DEL,HYD-DEL,0.105,2026-10-01,T+45,Economy,3460.0,710.0,420.0,250.0,4840.0,INR,Available,False
2026-08-17T10:30:00,2026-08-17,OTA Aggregator,Akasa Air,HYD,DEL,HYD-DEL,0.105,2026-08-18,T+1,Economy,5740.0,1090.0,530.0,250.0,7610.0,INR,Available,False
2026-08-17T10:30:00,2026-08-17,OTA Aggregator,Akasa Air,HYD,DEL,HYD-DEL,0.105,2026-08-24,T+7,Economy,5050.0,980.0,540.0,250.0,6820.0,INR,Available,False
2026-08-17T10:30:00,2026-08-17,OTA Aggregator,Akasa Air,HYD,DEL,HYD-DEL,0.105,2026-09-01,T+15,Economy,4360.0,900.0,420.0,250.0,5930.0,INR,Available,False
2026-08-17T10:30:00,2026-08-17,OTA Aggregator,Akasa Air,HYD,DEL,HYD-DEL,0.105,2026-09-16,T+30,Economy,3790.0,840.0,440.0,250.0,5320.0,INR,Available,False
2026-08-17T10:30:00,2026-08-17,OTA Aggregator,Akasa Air,HYD,DEL,HYD-DEL,0.105,2026-10-01,T+45,Economy,3370.0,790.0,410.0,250.0,4820.0,INR,Available,False
2026-08-17T10:30:00,2026-08-17,OTA Aggregator,SpiceJet,HYD,DEL,HYD-DEL,0.105,2026-08-18,T+1,Economy,6560.0,1280.0,630.0,300.0,8770.0,INR,Available,False
2026-08-17T10:30:00,2026-08-17,OTA Aggregator,SpiceJet,HYD,DEL,HYD-DEL,0.105,2026-08-24,T+7,Economy,5220.0,940.0,540.0,300.0,7000.0,INR,Available,False
2026-08-17T10:30:00,2026-08-17,OTA Aggregator,SpiceJet,HYD,DEL,HYD-DEL,0.105,2026-09-01,T+15,Economy,4660.0,920.0,490.0,300.0,6370.0,INR,Available,False
2026-08-17T10:30:00,2026-08-17,OTA Aggregator,SpiceJet,HYD,DEL,HYD-DEL,0.105,2026-09-16,T+30,Economy,3270.0,650.0,340.0,300.0,4560.0,INR,Available,False
2026-08-17T10:30:00,2026-08-17,OTA Aggregator,SpiceJet,HYD,DEL,HYD-DEL,0.105,2026-10-01,T+45,Economy,3630.0,700.0,360.0,300.0,4990.0,INR,Available,False
2026-08-18T10:30:00,2026-08-18,Airline Direct,IndiGo,DEL,BOM,DEL-BOM,0.182,2026-08-19,T+1,Economy,9810.0,1690.0,910.0,250.0,12660.0,INR,Available,False
2026-08-18T10:30:00,2026-08-18,Airline Direct,IndiGo,DEL,BOM,DEL-BOM,0.182,2026-08-25,T+7,Economy,7000.0,1340.0,630.0,250.0,9220.0,INR,Available,False
2026-08-18T10:30:00,2026-08-18,Airline Direct,IndiGo,DEL,BOM,DEL-BOM,0.182,2026-09-02,T+15,Economy,6380.0,1240.0,630.0,250.0,8500.0,INR,Available,False
2026-08-18T10:30:00,2026-08-18,Airline Direct,IndiGo,DEL,BOM,DEL-BOM,0.182,2026-09-17,T+30,Economy,5460.0,990.0,530.0,250.0,7230.0,INR,Available,False
2026-08-18T10:30:00,2026-08-18,Airline Direct,IndiGo,DEL,BOM,DEL-BOM,0.182,2026-10-02,T+45,Economy,4810.0,940.0,490.0,250.0,6490.0,INR,Available,False
2026-08-18T10:30:00,2026-08-18,Airline Direct,Air India,DEL,BOM,DEL-BOM,0.182,2026-08-19,T+1,Economy,10460.0,1890.0,970.0,300.0,13620.0,INR,Available,False
2026-08-18T10:30:00,2026-08-18,Airline Direct,Air India,DEL,BOM,DEL-BOM,0.182,2026-08-25,T+7,Economy,8260.0,1440.0,790.0,300.0,10790.0,INR,Available,False
2026-08-18T10:30:00,2026-08-18,Airline Direct,Air India,DEL,BOM,DEL-BOM,0.182,2026-09-02,T+15,Economy,6700.0,1190.0,590.0,300.0,8780.0,INR,Available,False
2026-08-18T10:30:00,2026-08-18,Airline Direct,Air India,DEL,BOM,DEL-BOM,0.182,2026-09-17,T+30,Economy,5840.0,1170.0,550.0,300.0,7860.0,INR,Available,False
2026-08-18T10:30:00,2026-08-18,Airline Direct,Air India,DEL,BOM,DEL-BOM,0.182,2026-10-02,T+45,Economy,5870.0,1080.0,570.0,300.0,7820.0,INR,Available,False
2026-08-18T10:30:00,2026-08-18,OTA Aggregator,Air India Express,DEL,BOM,DEL-BOM,0.182,2026-08-19,T+1,Economy,8200.0,1530.0,790.0,300.0,10820.0,INR,Available,False
2026-08-18T10:30:00,2026-08-18,OTA Aggregator,Air India Express,DEL,BOM,DEL-BOM,0.182,2026-08-25,T+7,Economy,6680.0,1310.0,610.0,300.0,8900.0,INR,Available,False
2026-08-18T10:30:00,2026-08-18,OTA Aggregator,Air India Express,DEL,BOM,DEL-BOM,0.182,2026-09-02,T+15,Economy,5650.0,1110.0,550.0,300.0,7610.0,INR,Available,False
2026-08-18T10:30:00,2026-08-18,OTA Aggregator,Air India Express,DEL,BOM,DEL-BOM,0.182,2026-09-17,T+30,Economy,5320.0,1100.0,550.0,300.0,7270.0,INR,Available,False
2026-08-18T10:30:00,2026-08-18,OTA Aggregator,Air India Express,DEL,BOM,DEL-BOM,0.182,2026-10-02,T+45,Economy,4380.0,860.0,400.0,300.0,5940.0,INR,Available,False
2026-08-18T10:30:00,2026-08-18,OTA Aggregator,Akasa Air,DEL,BOM,DEL-BOM,0.182,2026-08-19,T+1,Economy,8940.0,1610.0,820.0,300.0,11670.0,INR,Available,False
2026-08-18T10:30:00,2026-08-18,OTA Aggregator,Akasa Air,DEL,BOM,DEL-BOM,0.182,2026-08-25,T+7,Economy,6860.0,1260.0,630.0,300.0,9050.0,INR,Available,False
2026-08-18T10:30:00,2026-08-18,OTA Aggregator,Akasa Air,DEL,BOM,DEL-BOM,0.182,2026-09-02,T+15,Economy,5710.0,1130.0,560.0,300.0,7700.0,INR,Available,False
2026-08-18T10:30:00,2026-08-18,OTA Aggregator,Akasa Air,DEL,BOM,DEL-BOM,0.182,2026-09-17,T+30,Economy,5360.0,1080.0,490.0,300.0,7230.0,INR,Available,False
2026-08-18T10:30:00,2026-08-18,OTA Aggregator,Akasa Air,DEL,BOM,DEL-BOM,0.182,2026-10-02,T+45,Economy,4780.0,970.0,480.0,300.0,6530.0,INR,Available,False
2026-08-18T10:30:00,2026-08-18,OTA Aggregator,SpiceJet,DEL,BOM,DEL-BOM,0.182,2026-08-19,T+1,Economy,9160.0,1620.0,810.0,250.0,11840.0,INR,Available,False
2026-08-18T10:30:00,2026-08-18,OTA Aggregator,SpiceJet,DEL,BOM,DEL-BOM,0.182,2026-08-25,T+7,Economy,7090.0,1340.0,690.0,250.0,9370.0,INR,Available,False
2026-08-18T10:30:00,2026-08-18,OTA Aggregator,SpiceJet,DEL,BOM,DEL-BOM,0.182,2026-09-02,T+15,Economy,6090.0,1120.0,560.0,250.0,8020.0,INR,Available,False
2026-08-18T10:30:00,2026-08-18,OTA Aggregator,SpiceJet,DEL,BOM,DEL-BOM,0.182,2026-09-17,T+30,Economy,5380.0,960.0,500.0,250.0,7090.0,INR,Available,False
2026-08-18T10:30:00,2026-08-18,OTA Aggregator,SpiceJet,DEL,BOM,DEL-BOM,0.182,2026-10-02,T+45,Economy,4900.0,910.0,490.0,250.0,6550.0,INR,Available,False
2026-08-18T10:30:00,2026-08-18,Airline Direct,IndiGo,DEL,BLR,DEL-BLR,0.154,2026-08-19,T+1,Economy,8750.0,1540.0,750.0,250.0,11290.0,INR,Available,False
2026-08-18T10:30:00,2026-08-18,Airline Direct,IndiGo,DEL,BLR,DEL-BLR,0.154,2026-08-25,T+7,Economy,6780.0,1300.0,640.0,250.0,8970.0,INR,Available,False
2026-08-18T10:30:00,2026-08-18,Airline Direct,IndiGo,DEL,BLR,DEL-BLR,0.154,2026-09-02,T+15,Economy,6190.0,1160.0,600.0,250.0,8200.0,INR,Available,False
2026-08-18T10:30:00,2026-08-18,Airline Direct,IndiGo,DEL,BLR,DEL-BLR,0.154,2026-09-17,T+30,Economy,5000.0,920.0,510.0,250.0,6680.0,INR,Available,False
2026-08-18T10:30:00,2026-08-18,Airline Direct,IndiGo,DEL,BLR,DEL-BLR,0.154,2026-10-02,T+45,Economy,4920.0,940.0,490.0,250.0,6600.0,INR,Available,False
2026-08-18T10:30:00,2026-08-18,Airline Direct,Air India,DEL,BLR,DEL-BLR,0.154,2026-08-19,T+1,Economy,9760.0,1740.0,900.0,300.0,12700.0,INR,Available,False
2026-08-18T10:30:00,2026-08-18,Airline Direct,Air India,DEL,BLR,DEL-BLR,0.154,2026-08-25,T+7,Economy,8140.0,1510.0,750.0,300.0,10700.0,INR,Available,False
2026-08-18T10:30:00,2026-08-18,Airline Direct,Air India,DEL,BLR,DEL-BLR,0.154,2026-09-02,T+15,Economy,6610.0,1220.0,620.0,300.0,8750.0,INR,Available,False
2026-08-18T10:30:00,2026-08-18,Airline Direct,Air India,DEL,BLR,DEL-BLR,0.154,2026-09-17,T+30,Economy,5670.0,1120.0,560.0,300.0,7650.0,INR,Available,False
2026-08-18T10:30:00,2026-08-18,Airline Direct,Air India,DEL,BLR,DEL-BLR,0.154,2026-10-02,T+45,Economy,5170.0,990.0,500.0,300.0,6960.0,INR,Available,False
2026-08-18T10:30:00,2026-08-18,OTA Aggregator,Air India Express,DEL,BLR,DEL-BLR,0.154,2026-08-19,T+1,Economy,8170.0,1490.0,750.0,300.0,10710.0,INR,Available,False
2026-08-18T10:30:00,2026-08-18,OTA Aggregator,Air India Express,DEL,BLR,DEL-BLR,0.154,2026-08-25,T+7,Economy,6490.0,1250.0,650.0,300.0,8690.0,INR,Available,False
2026-08-18T10:30:00,2026-08-18,OTA Aggregator,Air India Express,DEL,BLR,DEL-BLR,0.154,2026-09-02,T+15,Economy,5320.0,1090.0,520.0,300.0,7230.0,INR,Available,False
2026-08-18T10:30:00,2026-08-18,OTA Aggregator,Air India Express,DEL,BLR,DEL-BLR,0.154,2026-09-17,T+30,Economy,4630.0,910.0,460.0,300.0,6300.0,INR,Available,False
2026-08-18T10:30:00,2026-08-18,OTA Aggregator,Air India Express,DEL,BLR,DEL-BLR,0.154,2026-10-02,T+45,Economy,4310.0,880.0,450.0,300.0,5940.0,INR,Available,False
2026-08-18T10:30:00,2026-08-18,OTA Aggregator,Akasa Air,DEL,BLR,DEL-BLR,0.154,2026-08-19,T+1,Economy,8540.0,1600.0,760.0,300.0,11200.0,INR,Available,False
2026-08-18T10:30:00,2026-08-18,OTA Aggregator,Akasa Air,DEL,BLR,DEL-BLR,0.154,2026-08-25,T+7,Economy,6960.0,1360.0,620.0,300.0,9240.0,INR,Available,False
2026-08-18T10:30:00,2026-08-18,OTA Aggregator,Akasa Air,DEL,BLR,DEL-BLR,0.154,2026-09-02,T+15,Economy,5750.0,1090.0,600.0,300.0,7740.0,INR,Available,False
2026-08-18T10:30:00,2026-08-18,OTA Aggregator,Akasa Air,DEL,BLR,DEL-BLR,0.154,2026-09-17,T+30,Economy,4950.0,980.0,510.0,300.0,6740.0,INR,Available,False
2026-08-18T10:30:00,2026-08-18,OTA Aggregator,Akasa Air,DEL,BLR,DEL-BLR,0.154,2026-10-02,T+45,Economy,4400.0,860.0,490.0,300.0,6050.0,INR,Available,False
2026-08-18T10:30:00,2026-08-18,OTA Aggregator,SpiceJet,DEL,BLR,DEL-BLR,0.154,2026-08-19,T+1,Economy,8950.0,1680.0,860.0,250.0,11740.0,INR,Available,False
2026-08-18T10:30:00,2026-08-18,OTA Aggregator,SpiceJet,DEL,BLR,DEL-BLR,0.154,2026-08-25,T+7,Economy,6750.0,1240.0,690.0,250.0,8930.0,INR,Available,False
2026-08-18T10:30:00,2026-08-18,OTA Aggregator,SpiceJet,DEL,BLR,DEL-BLR,0.154,2026-09-02,T+15,Economy,5680.0,1080.0,560.0,250.0,7570.0,INR,Available,False
2026-08-18T10:30:00,2026-08-18,OTA Aggregator,SpiceJet,DEL,BLR,DEL-BLR,0.154,2026-09-17,T+30,Economy,4630.0,850.0,510.0,250.0,6240.0,INR,Available,False
2026-08-18T10:30:00,2026-08-18,OTA Aggregator,SpiceJet,DEL,BLR,DEL-BLR,0.154,2026-10-02,T+45,Economy,4630.0,960.0,430.0,250.0,6270.0,INR,Available,False
2026-08-18T10:30:00,2026-08-18,Airline Direct,IndiGo,BOM,BLR,BOM-BLR,0.127,2026-08-19,T+1,Economy,7840.0,1390.0,760.0,250.0,10240.0,INR,Available,False
2026-08-18T10:30:00,2026-08-18,Airline Direct,IndiGo,BOM,BLR,BOM-BLR,0.127,2026-08-25,T+7,Economy,6190.0,1200.0,600.0,250.0,8240.0,INR,Available,False
2026-08-18T10:30:00,2026-08-18,Airline Direct,IndiGo,BOM,BLR,BOM-BLR,0.127,2026-09-02,T+15,Economy,4910.0,960.0,460.0,250.0,6580.0,INR,Available,False
2026-08-18T10:30:00,2026-08-18,Airline Direct,IndiGo,BOM,BLR,BOM-BLR,0.127,2026-09-17,T+30,Economy,4420.0,840.0,470.0,250.0,5980.0,INR,Available,False
2026-08-18T10:30:00,2026-08-18,Airline Direct,IndiGo,BOM,BLR,BOM-BLR,0.127,2026-10-02,T+45,Economy,4010.0,770.0,440.0,250.0,5470.0,INR,Available,False
2026-08-18T10:30:00,2026-08-18,Airline Direct,Air India,BOM,BLR,BOM-BLR,0.127,2026-08-19,T+1,Economy,8530.0,1580.0,820.0,300.0,11230.0,INR,Available,False
2026-08-18T10:30:00,2026-08-18,Airline Direct,Air India,BOM,BLR,BOM-BLR,0.127,2026-08-25,T+7,Economy,6760.0,1200.0,630.0,300.0,8890.0,INR,Available,False
2026-08-18T10:30:00,2026-08-18,Airline Direct,Air India,BOM,BLR,BOM-BLR,0.127,2026-09-02,T+15,Economy,5500.0,1040.0,540.0,300.0,7380.0,INR,Available,False
2026-08-18T10:30:00,2026-08-18,Airline Direct,Air India,BOM,BLR,BOM-BLR,0.127,2026-09-17,T+30,Economy,4710.0,910.0,460.0,300.0,6380.0,INR,Available,False
2026-08-18T10:30:00,2026-08-18,Airline Direct,Air India,BOM,BLR,BOM-BLR,0.127,2026-10-02,T+45,Economy,4330.0,890.0,490.0,300.0,6010.0,INR,Available,False
2026-08-18T10:30:00,2026-08-18,OTA Aggregator,Air India Express,BOM,BLR,BOM-BLR,0.127,2026-08-19,T+1,Economy,7090.0,1310.0,640.0,300.0,9340.0,INR,Available,False
2026-08-18T10:30:00,2026-08-18,OTA Aggregator,Air India Express,BOM,BLR,BOM-BLR,0.127,2026-08-25,T+7,Economy,5510.0,1060.0,550.0,300.0,7420.0,INR,Available,False
2026-08-18T10:30:00,2026-08-18,OTA Aggregator,Air India Express,BOM,BLR,BOM-BLR,0.127,2026-09-02,T+15,Economy,4510.0,880.0,450.0,300.0,6140.0,INR,Available,False
2026-08-18T10:30:00,2026-08-18,OTA Aggregator,Air India Express,BOM,BLR,BOM-BLR,0.127,2026-09-17,T+30,Economy,4140.0,910.0,430.0,300.0,5780.0,INR,Available,False
2026-08-18T10:30:00,2026-08-18,OTA Aggregator,Air India Express,BOM,BLR,BOM-BLR,0.127,2026-10-02,T+45,Economy,3820.0,750.0,410.0,300.0,5280.0,INR,Available,False
2026-08-18T10:30:00,2026-08-18,OTA Aggregator,Akasa Air,BOM,BLR,BOM-BLR,0.127,2026-08-19,T+1,Economy,7430.0,1360.0,740.0,300.0,9830.0,INR,Available,False
2026-08-18T10:30:00,2026-08-18,OTA Aggregator,Akasa Air,BOM,BLR,BOM-BLR,0.127,2026-08-25,T+7,Economy,5620.0,1060.0,590.0,300.0,7570.0,INR,Available,False
2026-08-18T10:30:00,2026-08-18,OTA Aggregator,Akasa Air,BOM,BLR,BOM-BLR,0.127,2026-09-02,T+15,Economy,4940.0,960.0,500.0,300.0,6700.0,INR,Available,False
2026-08-18T10:30:00,2026-08-18,OTA Aggregator,Akasa Air,BOM,BLR,BOM-BLR,0.127,2026-09-17,T+30,Economy,4420.0,880.0,410.0,300.0,6010.0,INR,Available,False
2026-08-18T10:30:00,2026-08-18,OTA Aggregator,Akasa Air,BOM,BLR,BOM-BLR,0.127,2026-10-02,T+45,Economy,3570.0,800.0,380.0,300.0,5050.0,INR,Available,False
2026-08-18T10:30:00,2026-08-18,OTA Aggregator,SpiceJet,BOM,BLR,BOM-BLR,0.127,2026-08-19,T+1,Economy,8880.0,1560.0,830.0,250.0,11520.0,INR,Available,True
2026-08-18T10:30:00,2026-08-18,OTA Aggregator,SpiceJet,BOM,BLR,BOM-BLR,0.127,2026-08-25,T+7,Economy,5740.0,1030.0,600.0,250.0,7620.0,INR,Available,False
2026-08-18T10:30:00,2026-08-18,OTA Aggregator,SpiceJet,BOM,BLR,BOM-BLR,0.127,2026-09-02,T+15,Economy,4740.0,890.0,430.0,250.0,6310.0,INR,Available,False
2026-08-18T10:30:00,2026-08-18,OTA Aggregator,SpiceJet,BOM,BLR,BOM-BLR,0.127,2026-09-17,T+30,Economy,4120.0,870.0,470.0,250.0,5710.0,INR,Available,False
2026-08-18T10:30:00,2026-08-18,OTA Aggregator,SpiceJet,BOM,BLR,BOM-BLR,0.127,2026-10-02,T+45,Economy,3710.0,740.0,390.0,250.0,5090.0,INR,Available,False
2026-08-18T10:30:00,2026-08-18,Airline Direct,IndiGo,DEL,CCU,DEL-CCU,0.113,2026-08-19,T+1,Economy,7410.0,1320.0,720.0,250.0,9700.0,INR,Available,False
2026-08-18T10:30:00,2026-08-18,Airline Direct,IndiGo,DEL,CCU,DEL-CCU,0.113,2026-08-25,T+7,Economy,5280.0,1010.0,480.0,250.0,7020.0,INR,Available,False
2026-08-18T10:30:00,2026-08-18,Airline Direct,IndiGo,DEL,CCU,DEL-CCU,0.113,2026-09-02,T+15,Economy,4710.0,970.0,450.0,250.0,6380.0,INR,Available,False
2026-08-18T10:30:00,2026-08-18,Airline Direct,IndiGo,DEL,CCU,DEL-CCU,0.113,2026-09-17,T+30,Economy,4130.0,900.0,400.0,250.0,5680.0,INR,Available,False
2026-08-18T10:30:00,2026-08-18,Airline Direct,IndiGo,DEL,CCU,DEL-CCU,0.113,2026-10-02,T+45,Economy,3860.0,850.0,440.0,250.0,5400.0,INR,Available,False
2026-08-18T10:30:00,2026-08-18,Airline Direct,Air India,DEL,CCU,DEL-CCU,0.113,2026-08-19,T+1,Economy,7870.0,1410.0,700.0,300.0,10280.0,INR,Available,False
2026-08-18T10:30:00,2026-08-18,Airline Direct,Air India,DEL,CCU,DEL-CCU,0.113,2026-08-25,T+7,Economy,6190.0,1160.0,560.0,300.0,8210.0,INR,Available,False
2026-08-18T10:30:00,2026-08-18,Airline Direct,Air India,DEL,CCU,DEL-CCU,0.113,2026-09-02,T+15,Economy,5500.0,1060.0,560.0,300.0,7420.0,INR,Available,False
2026-08-18T10:30:00,2026-08-18,Airline Direct,Air India,DEL,CCU,DEL-CCU,0.113,2026-09-17,T+30,Economy,4700.0,870.0,480.0,300.0,6350.0,INR,Available,False
2026-08-18T10:30:00,2026-08-18,Airline Direct,Air India,DEL,CCU,DEL-CCU,0.113,2026-10-02,T+45,Economy,4180.0,880.0,480.0,300.0,5840.0,INR,Available,False
2026-08-18T10:30:00,2026-08-18,OTA Aggregator,Air India Express,DEL,CCU,DEL-CCU,0.113,2026-08-19,T+1,Economy,8350.0,1480.0,740.0,300.0,10870.0,INR,Available,True
2026-08-18T10:30:00,2026-08-18,OTA Aggregator,Air India Express,DEL,CCU,DEL-CCU,0.113,2026-08-25,T+7,Economy,4980.0,970.0,540.0,300.0,6790.0,INR,Available,False
2026-08-18T10:30:00,2026-08-18,OTA Aggregator,Air India Express,DEL,CCU,DEL-CCU,0.113,2026-09-02,T+15,Economy,4520.0,930.0,450.0,300.0,6200.0,INR,Available,False
2026-08-18T10:30:00,2026-08-18,OTA Aggregator,Air India Express,DEL,CCU,DEL-CCU,0.113,2026-09-17,T+30,Economy,3740.0,720.0,410.0,300.0,5170.0,INR,Available,False
2026-08-18T10:30:00,2026-08-18,OTA Aggregator,Air India Express,DEL,CCU,DEL-CCU,0.113,2026-10-02,T+45,Economy,3260.0,680.0,400.0,300.0,4640.0,INR,Available,False
2026-08-18T10:30:00,2026-08-18,OTA Aggregator,Akasa Air,DEL,CCU,DEL-CCU,0.113,2026-08-19,T+1,Economy,7000.0,1250.0,690.0,300.0,9240.0,INR,Available,False
2026-08-18T10:30:00,2026-08-18,OTA Aggregator,Akasa Air,DEL,CCU,DEL-CCU,0.113,2026-08-25,T+7,Economy,5550.0,1060.0,520.0,300.0,7430.0,INR,Available,False
2026-08-18T10:30:00,2026-08-18,OTA Aggregator,Akasa Air,DEL,CCU,DEL-CCU,0.113,2026-09-02,T+15,Economy,4430.0,930.0,430.0,300.0,6090.0,INR,Available,False
2026-08-18T10:30:00,2026-08-18,OTA Aggregator,Akasa Air,DEL,CCU,DEL-CCU,0.113,2026-09-17,T+30,Economy,3860.0,800.0,400.0,300.0,5360.0,INR,Available,False
2026-08-18T10:30:00,2026-08-18,OTA Aggregator,Akasa Air,DEL,CCU,DEL-CCU,0.113,2026-10-02,T+45,Economy,3730.0,830.0,390.0,300.0,5250.0,INR,Available,False
2026-08-18T10:30:00,2026-08-18,OTA Aggregator,SpiceJet,DEL,CCU,DEL-CCU,0.113,2026-08-19,T+1,Economy,8820.0,1580.0,820.0,250.0,11470.0,INR,Available,True
2026-08-18T10:30:00,2026-08-18,OTA Aggregator,SpiceJet,DEL,CCU,DEL-CCU,0.113,2026-08-25,T+7,Economy,5780.0,1050.0,580.0,250.0,7660.0,INR,Available,False
2026-08-18T10:30:00,2026-08-18,OTA Aggregator,SpiceJet,DEL,CCU,DEL-CCU,0.113,2026-09-02,T+15,Economy,4730.0,880.0,500.0,250.0,6360.0,INR,Available,False
2026-08-18T10:30:00,2026-08-18,OTA Aggregator,SpiceJet,DEL,CCU,DEL-CCU,0.113,2026-09-17,T+30,Economy,4180.0,780.0,430.0,250.0,5640.0,INR,Available,False
2026-08-18T10:30:00,2026-08-18,OTA Aggregator,SpiceJet,DEL,CCU,DEL-CCU,0.113,2026-10-02,T+45,Economy,3560.0,780.0,360.0,250.0,4950.0,INR,Available,False
2026-08-18T10:30:00,2026-08-18,Airline Direct,IndiGo,BLR,HYD,BLR-HYD,0.098,2026-08-19,T+1,Economy,5630.0,1050.0,550.0,250.0,7480.0,INR,Available,False
2026-08-18T10:30:00,2026-08-18,Airline Direct,IndiGo,BLR,HYD,BLR-HYD,0.098,2026-08-25,T+7,Economy,4450.0,900.0,450.0,250.0,6050.0,INR,Available,False
2026-08-18T10:30:00,2026-08-18,Airline Direct,IndiGo,BLR,HYD,BLR-HYD,0.098,2026-09-02,T+15,Economy,3560.0,700.0,360.0,250.0,4870.0,INR,Available,False
2026-08-18T10:30:00,2026-08-18,Airline Direct,IndiGo,BLR,HYD,BLR-HYD,0.098,2026-09-17,T+30,Economy,3360.0,640.0,350.0,250.0,4600.0,INR,Available,False
2026-08-18T10:30:00,2026-08-18,Airline Direct,IndiGo,BLR,HYD,BLR-HYD,0.098,2026-10-02,T+45,Economy,2990.0,610.0,390.0,250.0,4240.0,INR,Available,False
2026-08-18T10:30:00,2026-08-18,Airline Direct,Air India,BLR,HYD,BLR-HYD,0.098,2026-08-19,T+1,Economy,6110.0,1220.0,610.0,300.0,8240.0,INR,Available,False
2026-08-18T10:30:00,2026-08-18,Airline Direct,Air India,BLR,HYD,BLR-HYD,0.098,2026-08-25,T+7,Economy,4540.0,860.0,410.0,300.0,6110.0,INR,Available,False
2026-08-18T10:30:00,2026-08-18,Airline Direct,Air India,BLR,HYD,BLR-HYD,0.098,2026-09-02,T+15,Economy,3960.0,840.0,400.0,300.0,5500.0,INR,Available,False
2026-08-18T10:30:00,2026-08-18,Airline Direct,Air India,BLR,HYD,BLR-HYD,0.098,2026-09-17,T+30,Economy,3340.0,760.0,330.0,300.0,4730.0,INR,Available,False
2026-08-18T10:30:00,2026-08-18,Airline Direct,Air India,BLR,HYD,BLR-HYD,0.098,2026-10-02,T+45,Economy,3260.0,650.0,340.0,300.0,4550.0,INR,Available,False
2026-08-18T10:30:00,2026-08-18,OTA Aggregator,Air India Express,BLR,HYD,BLR-HYD,0.098,2026-08-19,T+1,Economy,4780.0,880.0,470.0,300.0,6430.0,INR,Available,False
2026-08-18T10:30:00,2026-08-18,OTA Aggregator,Air India Express,BLR,HYD,BLR-HYD,0.098,2026-08-25,T+7,Economy,3780.0,830.0,360.0,300.0,5270.0,INR,Available,False
2026-08-18T10:30:00,2026-08-18,OTA Aggregator,Air India Express,BLR,HYD,BLR-HYD,0.098,2026-09-02,T+15,Economy,3310.0,690.0,390.0,300.0,4690.0,INR,Available,False
2026-08-18T10:30:00,2026-08-18,OTA Aggregator,Air India Express,BLR,HYD,BLR-HYD,0.098,2026-09-17,T+30,Economy,2860.0,650.0,340.0,300.0,4150.0,INR,Available,False
2026-08-18T10:30:00,2026-08-18,OTA Aggregator,Air India Express,BLR,HYD,BLR-HYD,0.098,2026-10-02,T+45,Economy,2630.0,650.0,330.0,300.0,3910.0,INR,Available,False
2026-08-18T10:30:00,2026-08-18,OTA Aggregator,Akasa Air,BLR,HYD,BLR-HYD,0.098,2026-08-19,T+1,Economy,5260.0,1080.0,540.0,300.0,7180.0,INR,Available,False
2026-08-18T10:30:00,2026-08-18,OTA Aggregator,Akasa Air,BLR,HYD,BLR-HYD,0.098,2026-08-25,T+7,Economy,3970.0,810.0,370.0,300.0,5450.0,INR,Available,False
2026-08-18T10:30:00,2026-08-18,OTA Aggregator,Akasa Air,BLR,HYD,BLR-HYD,0.098,2026-09-02,T+15,Economy,3250.0,760.0,320.0,300.0,4630.0,INR,Available,False
2026-08-18T10:30:00,2026-08-18,OTA Aggregator,Akasa Air,BLR,HYD,BLR-HYD,0.098,2026-09-17,T+30,Economy,2980.0,580.0,380.0,300.0,4240.0,INR,Available,False
2026-08-18T10:30:00,2026-08-18,OTA Aggregator,Akasa Air,BLR,HYD,BLR-HYD,0.098,2026-10-02,T+45,Economy,2920.0,690.0,340.0,300.0,4250.0,INR,Available,False
2026-08-18T10:30:00,2026-08-18,OTA Aggregator,SpiceJet,BLR,HYD,BLR-HYD,0.098,2026-08-19,T+1,Economy,5230.0,980.0,520.0,250.0,6980.0,INR,Available,False
2026-08-18T10:30:00,2026-08-18,OTA Aggregator,SpiceJet,BLR,HYD,BLR-HYD,0.098,2026-08-25,T+7,Economy,4050.0,890.0,430.0,250.0,5620.0,INR,Available,False
2026-08-18T10:30:00,2026-08-18,OTA Aggregator,SpiceJet,BLR,HYD,BLR-HYD,0.098,2026-09-02,T+15,Economy,3530.0,740.0,420.0,250.0,4940.0,INR,Available,False
2026-08-18T10:30:00,2026-08-18,OTA Aggregator,SpiceJet,BLR,HYD,BLR-HYD,0.098,2026-09-17,T+30,Economy,3120.0,670.0,390.0,250.0,4430.0,INR,Available,False
2026-08-18T10:30:00,2026-08-18,OTA Aggregator,SpiceJet,BLR,HYD,BLR-HYD,0.098,2026-10-02,T+45,Economy,2720.0,660.0,330.0,250.0,3960.0,INR,Available,False
2026-08-18T10:30:00,2026-08-18,Airline Direct,IndiGo,MAA,DEL,MAA-DEL,0.086,2026-08-19,T+1,Economy,8180.0,1550.0,710.0,250.0,10690.0,INR,Available,False
2026-08-18T10:30:00,2026-08-18,Airline Direct,IndiGo,MAA,DEL,MAA-DEL,0.086,2026-08-25,T+7,Economy,5870.0,1130.0,600.0,250.0,7850.0,INR,Available,False
2026-08-18T10:30:00,2026-08-18,Airline Direct,IndiGo,MAA,DEL,MAA-DEL,0.086,2026-09-02,T+15,Economy,5460.0,1020.0,540.0,250.0,7270.0,INR,Available,False
2026-08-18T10:30:00,2026-08-18,Airline Direct,IndiGo,MAA,DEL,MAA-DEL,0.086,2026-09-17,T+30,Economy,4620.0,960.0,480.0,250.0,6310.0,INR,Available,False
2026-08-18T10:30:00,2026-08-18,Airline Direct,IndiGo,MAA,DEL,MAA-DEL,0.086,2026-10-02,T+45,Economy,4420.0,950.0,440.0,250.0,6060.0,INR,Available,False
2026-08-18T10:30:00,2026-08-18,Airline Direct,Air India,MAA,DEL,MAA-DEL,0.086,2026-08-19,T+1,Economy,8960.0,1680.0,770.0,300.0,11710.0,INR,Available,False
2026-08-18T10:30:00,2026-08-18,Airline Direct,Air India,MAA,DEL,MAA-DEL,0.086,2026-08-25,T+7,Economy,6670.0,1280.0,640.0,300.0,8890.0,INR,Available,False
2026-08-18T10:30:00,2026-08-18,Airline Direct,Air India,MAA,DEL,MAA-DEL,0.086,2026-09-02,T+15,Economy,5760.0,1110.0,570.0,300.0,7740.0,INR,Available,False
2026-08-18T10:30:00,2026-08-18,Airline Direct,Air India,MAA,DEL,MAA-DEL,0.086,2026-09-17,T+30,Economy,5090.0,960.0,550.0,300.0,6900.0,INR,Available,False
2026-08-18T10:30:00,2026-08-18,Airline Direct,Air India,MAA,DEL,MAA-DEL,0.086,2026-10-02,T+45,Economy,4630.0,920.0,430.0,300.0,6280.0,INR,Available,False
2026-08-18T10:30:00,2026-08-18,OTA Aggregator,Air India Express,MAA,DEL,MAA-DEL,0.086,2026-08-19,T+1,Economy,7140.0,1300.0,630.0,300.0,9370.0,INR,Available,False
2026-08-18T10:30:00,2026-08-18,OTA Aggregator,Air India Express,MAA,DEL,MAA-DEL,0.086,2026-08-25,T+7,Economy,6190.0,1170.0,610.0,300.0,8270.0,INR,Available,False
2026-08-18T10:30:00,2026-08-18,OTA Aggregator,Air India Express,MAA,DEL,MAA-DEL,0.086,2026-09-02,T+15,Economy,4730.0,870.0,460.0,300.0,6360.0,INR,Available,False
2026-08-18T10:30:00,2026-08-18,OTA Aggregator,Air India Express,MAA,DEL,MAA-DEL,0.086,2026-09-17,T+30,Economy,4290.0,880.0,410.0,300.0,5880.0,INR,Available,False
2026-08-18T10:30:00,2026-08-18,OTA Aggregator,Air India Express,MAA,DEL,MAA-DEL,0.086,2026-10-02,T+45,Economy,4160.0,780.0,400.0,300.0,5640.0,INR,Available,False
2026-08-18T10:30:00,2026-08-18,OTA Aggregator,Akasa Air,MAA,DEL,MAA-DEL,0.086,2026-08-19,T+1,Economy,7690.0,1420.0,740.0,300.0,10150.0,INR,Available,False
2026-08-18T10:30:00,2026-08-18,OTA Aggregator,Akasa Air,MAA,DEL,MAA-DEL,0.086,2026-08-25,T+7,Economy,5860.0,1140.0,580.0,300.0,7880.0,INR,Available,False
2026-08-18T10:30:00,2026-08-18,OTA Aggregator,Akasa Air,MAA,DEL,MAA-DEL,0.086,2026-09-02,T+15,Economy,4990.0,960.0,530.0,300.0,6780.0,INR,Available,False
2026-08-18T10:30:00,2026-08-18,OTA Aggregator,Akasa Air,MAA,DEL,MAA-DEL,0.086,2026-09-17,T+30,Economy,4070.0,790.0,380.0,300.0,5540.0,INR,Available,False
2026-08-18T10:30:00,2026-08-18,OTA Aggregator,Akasa Air,MAA,DEL,MAA-DEL,0.086,2026-10-02,T+45,Economy,3940.0,860.0,450.0,300.0,5550.0,INR,Available,False
2026-08-18T10:30:00,2026-08-18,OTA Aggregator,SpiceJet,MAA,DEL,MAA-DEL,0.086,2026-08-19,T+1,Economy,8120.0,1420.0,750.0,250.0,10540.0,INR,Available,False
2026-08-18T10:30:00,2026-08-18,OTA Aggregator,SpiceJet,MAA,DEL,MAA-DEL,0.086,2026-08-25,T+7,Economy,5820.0,1140.0,580.0,250.0,7790.0,INR,Available,False
2026-08-18T10:30:00,2026-08-18,OTA Aggregator,SpiceJet,MAA,DEL,MAA-DEL,0.086,2026-09-02,T+15,Economy,5370.0,1010.0,480.0,250.0,7110.0,INR,Available,False
2026-08-18T10:30:00,2026-08-18,OTA Aggregator,SpiceJet,MAA,DEL,MAA-DEL,0.086,2026-09-17,T+30,Economy,4430.0,930.0,450.0,250.0,6060.0,INR,Available,False
2026-08-18T10:30:00,2026-08-18,OTA Aggregator,SpiceJet,MAA,DEL,MAA-DEL,0.086,2026-10-02,T+45,Economy,4290.0,870.0,480.0,250.0,5890.0,INR,Available,False
2026-08-18T10:30:00,2026-08-18,Airline Direct,IndiGo,BOM,DEL,BOM-DEL,0.135,2026-08-19,T+1,Economy,9110.0,1670.0,820.0,250.0,11850.0,INR,Available,False
2026-08-18T10:30:00,2026-08-18,Airline Direct,IndiGo,BOM,DEL,BOM-DEL,0.135,2026-08-25,T+7,Economy,7350.0,1300.0,730.0,250.0,9630.0,INR,Available,False
2026-08-18T10:30:00,2026-08-18,Airline Direct,IndiGo,BOM,DEL,BOM-DEL,0.135,2026-09-02,T+15,Economy,6070.0,1170.0,570.0,250.0,8060.0,INR,Available,False
2026-08-18T10:30:00,2026-08-18,Airline Direct,IndiGo,BOM,DEL,BOM-DEL,0.135,2026-09-17,T+30,Economy,5230.0,980.0,500.0,250.0,6960.0,INR,Available,False
2026-08-18T10:30:00,2026-08-18,Airline Direct,IndiGo,BOM,DEL,BOM-DEL,0.135,2026-10-02,T+45,Economy,4780.0,1000.0,450.0,250.0,6480.0,INR,Available,False
2026-08-18T10:30:00,2026-08-18,Airline Direct,Air India,BOM,DEL,BOM-DEL,0.135,2026-08-19,T+1,Economy,10010.0,1730.0,930.0,300.0,12970.0,INR,Available,False
2026-08-18T10:30:00,2026-08-18,Airline Direct,Air India,BOM,DEL,BOM-DEL,0.135,2026-08-25,T+7,Economy,8110.0,1480.0,780.0,300.0,10670.0,INR,Available,False
2026-08-18T10:30:00,2026-08-18,Airline Direct,Air India,BOM,DEL,BOM-DEL,0.135,2026-09-02,T+15,Economy,6370.0,1170.0,610.0,300.0,8450.0,INR,Available,False
2026-08-18T10:30:00,2026-08-18,Airline Direct,Air India,BOM,DEL,BOM-DEL,0.135,2026-09-17,T+30,Economy,5250.0,1070.0,490.0,300.0,7110.0,INR,Available,False
2026-08-18T10:30:00,2026-08-18,Airline Direct,Air India,BOM,DEL,BOM-DEL,0.135,2026-10-02,T+45,Economy,5190.0,950.0,520.0,300.0,6960.0,INR,Available,False
2026-08-18T10:30:00,2026-08-18,OTA Aggregator,Air India Express,BOM,DEL,BOM-DEL,0.135,2026-08-19,T+1,Economy,8160.0,1550.0,730.0,300.0,10740.0,INR,Available,False
2026-08-18T10:30:00,2026-08-18,OTA Aggregator,Air India Express,BOM,DEL,BOM-DEL,0.135,2026-08-25,T+7,Economy,6670.0,1270.0,660.0,300.0,8900.0,INR,Available,False
2026-08-18T10:30:00,2026-08-18,OTA Aggregator,Air India Express,BOM,DEL,BOM-DEL,0.135,2026-09-02,T+15,Economy,5710.0,1120.0,550.0,300.0,7680.0,INR,Available,False
2026-08-18T10:30:00,2026-08-18,OTA Aggregator,Air India Express,BOM,DEL,BOM-DEL,0.135,2026-09-17,T+30,Economy,4830.0,960.0,510.0,300.0,6600.0,INR,Available,False
2026-08-18T10:30:00,2026-08-18,OTA Aggregator,Air India Express,BOM,DEL,BOM-DEL,0.135,2026-10-02,T+45,Economy,4610.0,890.0,450.0,300.0,6250.0,INR,Available,False
2026-08-18T10:30:00,2026-08-18,OTA Aggregator,Akasa Air,BOM,DEL,BOM-DEL,0.135,2026-08-19,T+1,Economy,8740.0,1500.0,750.0,300.0,11290.0,INR,Available,False
2026-08-18T10:30:00,2026-08-18,OTA Aggregator,Akasa Air,BOM,DEL,BOM-DEL,0.135,2026-08-25,T+7,Economy,6770.0,1280.0,650.0,300.0,9000.0,INR,Available,False
2026-08-18T10:30:00,2026-08-18,OTA Aggregator,Akasa Air,BOM,DEL,BOM-DEL,0.135,2026-09-02,T+15,Economy,5850.0,1160.0,570.0,300.0,7880.0,INR,Available,False
2026-08-18T10:30:00,2026-08-18,OTA Aggregator,Akasa Air,BOM,DEL,BOM-DEL,0.135,2026-09-17,T+30,Economy,4890.0,1020.0,510.0,300.0,6720.0,INR,Available,False
2026-08-18T10:30:00,2026-08-18,OTA Aggregator,Akasa Air,BOM,DEL,BOM-DEL,0.135,2026-10-02,T+45,Economy,4700.0,890.0,480.0,300.0,6370.0,INR,Available,False
2026-08-18T10:30:00,2026-08-18,OTA Aggregator,SpiceJet,BOM,DEL,BOM-DEL,0.135,2026-08-19,T+1,Economy,8500.0,1510.0,740.0,250.0,11000.0,INR,Available,False
2026-08-18T10:30:00,2026-08-18,OTA Aggregator,SpiceJet,BOM,DEL,BOM-DEL,0.135,2026-08-25,T+7,Economy,6850.0,1340.0,660.0,250.0,9100.0,INR,Available,False
2026-08-18T10:30:00,2026-08-18,OTA Aggregator,SpiceJet,BOM,DEL,BOM-DEL,0.135,2026-09-02,T+15,Economy,5890.0,1100.0,570.0,250.0,7810.0,INR,Available,False
2026-08-18T10:30:00,2026-08-18,OTA Aggregator,SpiceJet,BOM,DEL,BOM-DEL,0.135,2026-09-17,T+30,Economy,5190.0,1030.0,560.0,250.0,7030.0,INR,Available,False
2026-08-18T10:30:00,2026-08-18,OTA Aggregator,SpiceJet,BOM,DEL,BOM-DEL,0.135,2026-10-02,T+45,Economy,4740.0,1000.0,500.0,250.0,6490.0,INR,Available,False
2026-08-18T10:30:00,2026-08-18,Airline Direct,IndiGo,HYD,DEL,HYD-DEL,0.105,2026-08-19,T+1,Economy,6830.0,1250.0,690.0,250.0,9020.0,INR,Available,False
2026-08-18T10:30:00,2026-08-18,Airline Direct,IndiGo,HYD,DEL,HYD-DEL,0.105,2026-08-25,T+7,Economy,5330.0,1020.0,530.0,250.0,7130.0,INR,Available,False
2026-08-18T10:30:00,2026-08-18,Airline Direct,IndiGo,HYD,DEL,HYD-DEL,0.105,2026-09-02,T+15,Economy,4690.0,870.0,470.0,250.0,6280.0,INR,Available,False
2026-08-18T10:30:00,2026-08-18,Airline Direct,IndiGo,HYD,DEL,HYD-DEL,0.105,2026-09-17,T+30,Economy,4170.0,890.0,480.0,250.0,5790.0,INR,Available,False
2026-08-18T10:30:00,2026-08-18,Airline Direct,IndiGo,HYD,DEL,HYD-DEL,0.105,2026-10-02,T+45,Economy,3560.0,760.0,360.0,250.0,4930.0,INR,Available,False
2026-08-18T10:30:00,2026-08-18,Airline Direct,Air India,HYD,DEL,HYD-DEL,0.105,2026-08-19,T+1,Economy,7920.0,1470.0,720.0,300.0,10410.0,INR,Available,False
2026-08-18T10:30:00,2026-08-18,Airline Direct,Air India,HYD,DEL,HYD-DEL,0.105,2026-08-25,T+7,Economy,5890.0,1150.0,530.0,300.0,7870.0,INR,Available,False
2026-08-18T10:30:00,2026-08-18,Airline Direct,Air India,HYD,DEL,HYD-DEL,0.105,2026-09-02,T+15,Economy,4660.0,870.0,430.0,300.0,6260.0,INR,Available,False
2026-08-18T10:30:00,2026-08-18,Airline Direct,Air India,HYD,DEL,HYD-DEL,0.105,2026-09-17,T+30,Economy,4010.0,760.0,440.0,300.0,5510.0,INR,Available,False
2026-08-18T10:30:00,2026-08-18,Airline Direct,Air India,HYD,DEL,HYD-DEL,0.105,2026-10-02,T+45,Economy,4070.0,890.0,390.0,300.0,5650.0,INR,Available,False
2026-08-18T10:30:00,2026-08-18,OTA Aggregator,Air India Express,HYD,DEL,HYD-DEL,0.105,2026-08-19,T+1,Economy,5990.0,1170.0,540.0,300.0,8000.0,INR,Available,False
2026-08-18T10:30:00,2026-08-18,OTA Aggregator,Air India Express,HYD,DEL,HYD-DEL,0.105,2026-08-25,T+7,Economy,4950.0,900.0,460.0,300.0,6610.0,INR,Available,False
2026-08-18T10:30:00,2026-08-18,OTA Aggregator,Air India Express,HYD,DEL,HYD-DEL,0.105,2026-09-02,T+15,Economy,4230.0,780.0,420.0,300.0,5730.0,INR,Available,False
2026-08-18T10:30:00,2026-08-18,OTA Aggregator,Air India Express,HYD,DEL,HYD-DEL,0.105,2026-09-17,T+30,Economy,4040.0,790.0,460.0,300.0,5590.0,INR,Available,False
2026-08-18T10:30:00,2026-08-18,OTA Aggregator,Air India Express,HYD,DEL,HYD-DEL,0.105,2026-10-02,T+45,Economy,3450.0,710.0,330.0,300.0,4790.0,INR,Available,False
2026-08-18T10:30:00,2026-08-18,OTA Aggregator,Akasa Air,HYD,DEL,HYD-DEL,0.105,2026-08-19,T+1,Economy,6570.0,1190.0,590.0,300.0,8650.0,INR,Available,False
2026-08-18T10:30:00,2026-08-18,OTA Aggregator,Akasa Air,HYD,DEL,HYD-DEL,0.105,2026-08-25,T+7,Economy,4680.0,970.0,520.0,300.0,6470.0,INR,Available,False
2026-08-18T10:30:00,2026-08-18,OTA Aggregator,Akasa Air,HYD,DEL,HYD-DEL,0.105,2026-09-02,T+15,Economy,4110.0,850.0,450.0,300.0,5710.0,INR,Available,False
2026-08-18T10:30:00,2026-08-18,OTA Aggregator,Akasa Air,HYD,DEL,HYD-DEL,0.105,2026-09-17,T+30,Economy,3510.0,720.0,420.0,300.0,4950.0,INR,Available,False
2026-08-18T10:30:00,2026-08-18,OTA Aggregator,Akasa Air,HYD,DEL,HYD-DEL,0.105,2026-10-02,T+45,Economy,3210.0,710.0,400.0,300.0,4620.0,INR,Available,False
2026-08-18T10:30:00,2026-08-18,OTA Aggregator,SpiceJet,HYD,DEL,HYD-DEL,0.105,2026-08-19,T+1,Economy,7130.0,1250.0,650.0,250.0,9280.0,INR,Available,False
2026-08-18T10:30:00,2026-08-18,OTA Aggregator,SpiceJet,HYD,DEL,HYD-DEL,0.105,2026-08-25,T+7,Economy,4770.0,970.0,510.0,250.0,6500.0,INR,Available,False
2026-08-18T10:30:00,2026-08-18,OTA Aggregator,SpiceJet,HYD,DEL,HYD-DEL,0.105,2026-09-02,T+15,Economy,4310.0,900.0,490.0,250.0,5950.0,INR,Available,False
2026-08-18T10:30:00,2026-08-18,OTA Aggregator,SpiceJet,HYD,DEL,HYD-DEL,0.105,2026-09-17,T+30,Economy,3870.0,830.0,400.0,250.0,5350.0,INR,Available,False
2026-08-18T10:30:00,2026-08-18,OTA Aggregator,SpiceJet,HYD,DEL,HYD-DEL,0.105,2026-10-02,T+45,Economy,3440.0,760.0,340.0,250.0,4790.0,INR,Available,False
2026-08-19T10:30:00,2026-08-19,Airline Direct,IndiGo,DEL,BOM,DEL-BOM,0.182,2026-08-20,T+1,Economy,9680.0,1750.0,890.0,300.0,12620.0,INR,Available,False
2026-08-19T10:30:00,2026-08-19,Airline Direct,IndiGo,DEL,BOM,DEL-BOM,0.182,2026-08-26,T+7,Economy,7810.0,1380.0,680.0,300.0,10170.0,INR,Available,False
2026-08-19T10:30:00,2026-08-19,Airline Direct,IndiGo,DEL,BOM,DEL-BOM,0.182,2026-09-03,T+15,Economy,6740.0,1310.0,680.0,300.0,9030.0,INR,Available,False
2026-08-19T10:30:00,2026-08-19,Airline Direct,IndiGo,DEL,BOM,DEL-BOM,0.182,2026-09-18,T+30,Economy,5160.0,1000.0,540.0,300.0,7000.0,INR,Available,False
2026-08-19T10:30:00,2026-08-19,Airline Direct,IndiGo,DEL,BOM,DEL-BOM,0.182,2026-10-03,T+45,Economy,5350.0,990.0,520.0,300.0,7160.0,INR,Available,False
2026-08-19T10:30:00,2026-08-19,Airline Direct,Air India,DEL,BOM,DEL-BOM,0.182,2026-08-20,T+1,Economy,10260.0,1740.0,940.0,250.0,13190.0,INR,Available,False
2026-08-19T10:30:00,2026-08-19,Airline Direct,Air India,DEL,BOM,DEL-BOM,0.182,2026-08-26,T+7,Economy,7930.0,1440.0,770.0,250.0,10390.0,INR,Available,False
2026-08-19T10:30:00,2026-08-19,Airline Direct,Air India,DEL,BOM,DEL-BOM,0.182,2026-09-03,T+15,Economy,7110.0,1350.0,650.0,250.0,9360.0,INR,Available,False
2026-08-19T10:30:00,2026-08-19,Airline Direct,Air India,DEL,BOM,DEL-BOM,0.182,2026-09-18,T+30,Economy,6190.0,1170.0,560.0,250.0,8170.0,INR,Available,False
2026-08-19T10:30:00,2026-08-19,Airline Direct,Air India,DEL,BOM,DEL-BOM,0.182,2026-10-03,T+45,Economy,5240.0,980.0,560.0,250.0,7030.0,INR,Available,False
2026-08-19T10:30:00,2026-08-19,OTA Aggregator,Air India Express,DEL,BOM,DEL-BOM,0.182,2026-08-20,T+1,Economy,11340.0,2020.0,1000.0,250.0,14610.0,INR,Available,True
2026-08-19T10:30:00,2026-08-19,OTA Aggregator,Air India Express,DEL,BOM,DEL-BOM,0.182,2026-08-26,T+7,Economy,6660.0,1220.0,670.0,250.0,8800.0,INR,Available,False
2026-08-19T10:30:00,2026-08-19,OTA Aggregator,Air India Express,DEL,BOM,DEL-BOM,0.182,2026-09-03,T+15,Economy,5500.0,1040.0,570.0,250.0,7360.0,INR,Available,False
2026-08-19T10:30:00,2026-08-19,OTA Aggregator,Air India Express,DEL,BOM,DEL-BOM,0.182,2026-09-18,T+30,Economy,5300.0,990.0,570.0,250.0,7110.0,INR,Available,False
2026-08-19T10:30:00,2026-08-19,OTA Aggregator,Air India Express,DEL,BOM,DEL-BOM,0.182,2026-10-03,T+45,Economy,4740.0,960.0,450.0,250.0,6400.0,INR,Available,False
2026-08-19T10:30:00,2026-08-19,OTA Aggregator,Akasa Air,DEL,BOM,DEL-BOM,0.182,2026-08-20,T+1,Economy,8730.0,1620.0,820.0,250.0,11420.0,INR,Available,False
2026-08-19T10:30:00,2026-08-19,OTA Aggregator,Akasa Air,DEL,BOM,DEL-BOM,0.182,2026-08-26,T+7,Economy,7080.0,1240.0,640.0,250.0,9210.0,INR,Available,False
2026-08-19T10:30:00,2026-08-19,OTA Aggregator,Akasa Air,DEL,BOM,DEL-BOM,0.182,2026-09-03,T+15,Economy,5530.0,1060.0,500.0,250.0,7340.0,INR,Available,False
2026-08-19T10:30:00,2026-08-19,OTA Aggregator,Akasa Air,DEL,BOM,DEL-BOM,0.182,2026-09-18,T+30,Economy,5260.0,1080.0,540.0,250.0,7130.0,INR,Available,False
2026-08-19T10:30:00,2026-08-19,OTA Aggregator,Akasa Air,DEL,BOM,DEL-BOM,0.182,2026-10-03,T+45,Economy,4890.0,1020.0,500.0,250.0,6660.0,INR,Available,False
2026-08-19T10:30:00,2026-08-19,OTA Aggregator,SpiceJet,DEL,BOM,DEL-BOM,0.182,2026-08-20,T+1,Economy,9350.0,1600.0,870.0,300.0,12120.0,INR,Available,False
2026-08-19T10:30:00,2026-08-19,OTA Aggregator,SpiceJet,DEL,BOM,DEL-BOM,0.182,2026-08-26,T+7,Economy,7150.0,1380.0,700.0,300.0,9530.0,INR,Available,False
2026-08-19T10:30:00,2026-08-19,OTA Aggregator,SpiceJet,DEL,BOM,DEL-BOM,0.182,2026-09-03,T+15,Economy,6450.0,1280.0,580.0,300.0,8610.0,INR,Available,False
2026-08-19T10:30:00,2026-08-19,OTA Aggregator,SpiceJet,DEL,BOM,DEL-BOM,0.182,2026-09-18,T+30,Economy,5440.0,1070.0,510.0,300.0,7320.0,INR,Available,False
2026-08-19T10:30:00,2026-08-19,OTA Aggregator,SpiceJet,DEL,BOM,DEL-BOM,0.182,2026-10-03,T+45,Economy,5070.0,930.0,480.0,300.0,6780.0,INR,Available,False
2026-08-19T10:30:00,2026-08-19,Airline Direct,IndiGo,DEL,BLR,DEL-BLR,0.154,2026-08-20,T+1,Economy,9600.0,1660.0,840.0,300.0,12400.0,INR,Available,False
2026-08-19T10:30:00,2026-08-19,Airline Direct,IndiGo,DEL,BLR,DEL-BLR,0.154,2026-08-26,T+7,Economy,6890.0,1280.0,700.0,300.0,9170.0,INR,Available,False
2026-08-19T10:30:00,2026-08-19,Airline Direct,IndiGo,DEL,BLR,DEL-BLR,0.154,2026-09-03,T+15,Economy,6170.0,1120.0,580.0,300.0,8170.0,INR,Available,False
2026-08-19T10:30:00,2026-08-19,Airline Direct,IndiGo,DEL,BLR,DEL-BLR,0.154,2026-09-18,T+30,Economy,5450.0,1110.0,580.0,300.0,7440.0,INR,Available,False
2026-08-19T10:30:00,2026-08-19,Airline Direct,IndiGo,DEL,BLR,DEL-BLR,0.154,2026-10-03,T+45,Economy,4880.0,1000.0,460.0,300.0,6640.0,INR,Available,False
2026-08-19T10:30:00,2026-08-19,Airline Direct,Air India,DEL,BLR,DEL-BLR,0.154,2026-08-20,T+1,Economy,9790.0,1770.0,900.0,250.0,12710.0,INR,Available,False
2026-08-19T10:30:00,2026-08-19,Airline Direct,Air India,DEL,BLR,DEL-BLR,0.154,2026-08-26,T+7,Economy,7500.0,1310.0,730.0,250.0,9790.0,INR,Available,False
2026-08-19T10:30:00,2026-08-19,Airline Direct,Air India,DEL,BLR,DEL-BLR,0.154,2026-09-03,T+15,Economy,6360.0,1220.0,600.0,250.0,8430.0,INR,Available,False
2026-08-19T10:30:00,2026-08-19,Airline Direct,Air India,DEL,BLR,DEL-BLR,0.154,2026-09-18,T+30,Economy,5300.0,1010.0,480.0,250.0,7040.0,INR,Available,False
2026-08-19T10:30:00,2026-08-19,Airline Direct,Air India,DEL,BLR,DEL-BLR,0.154,2026-10-03,T+45,Economy,5420.0,1100.0,520.0,250.0,7290.0,INR,Available,False
2026-08-19T10:30:00,2026-08-19,OTA Aggregator,Air India Express,DEL,BLR,DEL-BLR,0.154,2026-08-20,T+1,Economy,8210.0,1520.0,800.0,250.0,10780.0,INR,Available,False
2026-08-19T10:30:00,2026-08-19,OTA Aggregator,Air India Express,DEL,BLR,DEL-BLR,0.154,2026-08-26,T+7,Economy,6360.0,1240.0,620.0,250.0,8470.0,INR,Available,False
2026-08-19T10:30:00,2026-08-19,OTA Aggregator,Air India Express,DEL,BLR,DEL-BLR,0.154,2026-09-03,T+15,Economy,5180.0,950.0,530.0,250.0,6910.0,INR,Available,False
2026-08-19T10:30:00,2026-08-19,OTA Aggregator,Air India Express,DEL,BLR,DEL-BLR,0.154,2026-09-18,T+30,Economy,4790.0,950.0,520.0,250.0,6510.0,INR,Available,False
2026-08-19T10:30:00,2026-08-19,OTA Aggregator,Air India Express,DEL,BLR,DEL-BLR,0.154,2026-10-03,T+45,Economy,4190.0,840.0,410.0,250.0,5690.0,INR,Available,False
2026-08-19T10:30:00,2026-08-19,OTA Aggregator,Akasa Air,DEL,BLR,DEL-BLR,0.154,2026-08-20,T+1,Economy,8680.0,1550.0,760.0,250.0,11240.0,INR,Available,False
2026-08-19T10:30:00,2026-08-19,OTA Aggregator,Akasa Air,DEL,BLR,DEL-BLR,0.154,2026-08-26,T+7,Economy,6510.0,1260.0,620.0,250.0,8640.0,INR,Available,False
2026-08-19T10:30:00,2026-08-19,OTA Aggregator,Akasa Air,DEL,BLR,DEL-BLR,0.154,2026-09-03,T+15,Economy,5360.0,1090.0,530.0,250.0,7230.0,INR,Available,False
2026-08-19T10:30:00,2026-08-19,OTA Aggregator,Akasa Air,DEL,BLR,DEL-BLR,0.154,2026-09-18,T+30,Economy,4650.0,950.0,510.0,250.0,6360.0,INR,Available,False
2026-08-19T10:30:00,2026-08-19,OTA Aggregator,Akasa Air,DEL,BLR,DEL-BLR,0.154,2026-10-03,T+45,Economy,4450.0,950.0,410.0,250.0,6060.0,INR,Available,False
2026-08-19T10:30:00,2026-08-19,OTA Aggregator,SpiceJet,DEL,BLR,DEL-BLR,0.154,2026-08-20,T+1,Economy,8930.0,1660.0,790.0,300.0,11680.0,INR,Available,False
2026-08-19T10:30:00,2026-08-19,OTA Aggregator,SpiceJet,DEL,BLR,DEL-BLR,0.154,2026-08-26,T+7,Economy,6510.0,1230.0,610.0,300.0,8650.0,INR,Available,False
2026-08-19T10:30:00,2026-08-19,OTA Aggregator,SpiceJet,DEL,BLR,DEL-BLR,0.154,2026-09-03,T+15,Economy,5520.0,1090.0,580.0,300.0,7490.0,INR,Available,False
2026-08-19T10:30:00,2026-08-19,OTA Aggregator,SpiceJet,DEL,BLR,DEL-BLR,0.154,2026-09-18,T+30,Economy,4800.0,1010.0,460.0,300.0,6570.0,INR,Available,False
2026-08-19T10:30:00,2026-08-19,OTA Aggregator,SpiceJet,DEL,BLR,DEL-BLR,0.154,2026-10-03,T+45,Economy,4690.0,870.0,430.0,300.0,6290.0,INR,Available,False
2026-08-19T10:30:00,2026-08-19,Airline Direct,IndiGo,BOM,BLR,BOM-BLR,0.127,2026-08-20,T+1,Economy,7440.0,1340.0,670.0,300.0,9750.0,INR,Available,False
2026-08-19T10:30:00,2026-08-19,Airline Direct,IndiGo,BOM,BLR,BOM-BLR,0.127,2026-08-26,T+7,Economy,5980.0,1150.0,610.0,300.0,8040.0,INR,Available,False
2026-08-19T10:30:00,2026-08-19,Airline Direct,IndiGo,BOM,BLR,BOM-BLR,0.127,2026-09-03,T+15,Economy,4920.0,920.0,540.0,300.0,6680.0,INR,Available,False
2026-08-19T10:30:00,2026-08-19,Airline Direct,IndiGo,BOM,BLR,BOM-BLR,0.127,2026-09-18,T+30,Economy,4540.0,830.0,500.0,300.0,6170.0,INR,Available,False
2026-08-19T10:30:00,2026-08-19,Airline Direct,IndiGo,BOM,BLR,BOM-BLR,0.127,2026-10-03,T+45,Economy,3950.0,840.0,420.0,300.0,5510.0,INR,Available,False
2026-08-19T10:30:00,2026-08-19,Airline Direct,Air India,BOM,BLR,BOM-BLR,0.127,2026-08-20,T+1,Economy,7750.0,1420.0,740.0,250.0,10160.0,INR,Available,False
2026-08-19T10:30:00,2026-08-19,Airline Direct,Air India,BOM,BLR,BOM-BLR,0.127,2026-08-26,T+7,Economy,6170.0,1190.0,570.0,250.0,8180.0,INR,Available,False
2026-08-19T10:30:00,2026-08-19,Airline Direct,Air India,BOM,BLR,BOM-BLR,0.127,2026-09-03,T+15,Economy,5440.0,1040.0,500.0,250.0,7230.0,INR,Available,False
2026-08-19T10:30:00,2026-08-19,Airline Direct,Air India,BOM,BLR,BOM-BLR,0.127,2026-09-18,T+30,Economy,4590.0,840.0,420.0,250.0,6100.0,INR,Available,False
2026-08-19T10:30:00,2026-08-19,Airline Direct,Air India,BOM,BLR,BOM-BLR,0.127,2026-10-03,T+45,Economy,4390.0,950.0,420.0,250.0,6010.0,INR,Available,False
2026-08-19T10:30:00,2026-08-19,OTA Aggregator,Air India Express,BOM,BLR,BOM-BLR,0.127,2026-08-20,T+1,Economy,7000.0,1300.0,660.0,250.0,9210.0,INR,Available,False
2026-08-19T10:30:00,2026-08-19,OTA Aggregator,Air India Express,BOM,BLR,BOM-BLR,0.127,2026-08-26,T+7,Economy,5500.0,1120.0,580.0,250.0,7450.0,INR,Available,False
2026-08-19T10:30:00,2026-08-19,OTA Aggregator,Air India Express,BOM,BLR,BOM-BLR,0.127,2026-09-03,T+15,Economy,4740.0,930.0,460.0,250.0,6380.0,INR,Available,False
2026-08-19T10:30:00,2026-08-19,OTA Aggregator,Air India Express,BOM,BLR,BOM-BLR,0.127,2026-09-18,T+30,Economy,4240.0,920.0,450.0,250.0,5860.0,INR,Available,False
2026-08-19T10:30:00,2026-08-19,OTA Aggregator,Air India Express,BOM,BLR,BOM-BLR,0.127,2026-10-03,T+45,Economy,3540.0,670.0,430.0,250.0,4890.0,INR,Available,False
2026-08-19T10:30:00,2026-08-19,OTA Aggregator,Akasa Air,BOM,BLR,BOM-BLR,0.127,2026-08-20,T+1,Economy,7350.0,1340.0,650.0,250.0,9590.0,INR,Available,False
2026-08-19T10:30:00,2026-08-19,OTA Aggregator,Akasa Air,BOM,BLR,BOM-BLR,0.127,2026-08-26,T+7,Economy,5550.0,1120.0,570.0,250.0,7490.0,INR,Available,False
2026-08-19T10:30:00,2026-08-19,OTA Aggregator,Akasa Air,BOM,BLR,BOM-BLR,0.127,2026-09-03,T+15,Economy,4790.0,890.0,490.0,250.0,6420.0,INR,Available,False
2026-08-19T10:30:00,2026-08-19,OTA Aggregator,Akasa Air,BOM,BLR,BOM-BLR,0.127,2026-09-18,T+30,Economy,4000.0,870.0,410.0,250.0,5530.0,INR,Available,False
2026-08-19T10:30:00,2026-08-19,OTA Aggregator,Akasa Air,BOM,BLR,BOM-BLR,0.127,2026-10-03,T+45,Economy,3730.0,760.0,370.0,250.0,5110.0,INR,Available,False
2026-08-19T10:30:00,2026-08-19,OTA Aggregator,SpiceJet,BOM,BLR,BOM-BLR,0.127,2026-08-20,T+1,Economy,7640.0,1470.0,760.0,300.0,10170.0,INR,Available,False
2026-08-19T10:30:00,2026-08-19,OTA Aggregator,SpiceJet,BOM,BLR,BOM-BLR,0.127,2026-08-26,T+7,Economy,5650.0,1030.0,520.0,300.0,7500.0,INR,Available,False
2026-08-19T10:30:00,2026-08-19,OTA Aggregator,SpiceJet,BOM,BLR,BOM-BLR,0.127,2026-09-03,T+15,Economy,4810.0,870.0,460.0,300.0,6440.0,INR,Available,False
2026-08-19T10:30:00,2026-08-19,OTA Aggregator,SpiceJet,BOM,BLR,BOM-BLR,0.127,2026-09-18,T+30,Economy,4380.0,890.0,480.0,300.0,6050.0,INR,Available,False
2026-08-19T10:30:00,2026-08-19,OTA Aggregator,SpiceJet,BOM,BLR,BOM-BLR,0.127,2026-10-03,T+45,Economy,3910.0,810.0,440.0,300.0,5460.0,INR,Available,False
2026-08-19T10:30:00,2026-08-19,Airline Direct,IndiGo,DEL,CCU,DEL-CCU,0.113,2026-08-20,T+1,Economy,7380.0,1390.0,680.0,300.0,9750.0,INR,Available,False
2026-08-19T10:30:00,2026-08-19,Airline Direct,IndiGo,DEL,CCU,DEL-CCU,0.113,2026-08-26,T+7,Economy,5810.0,1090.0,610.0,300.0,7810.0,INR,Available,False
2026-08-19T10:30:00,2026-08-19,Airline Direct,IndiGo,DEL,CCU,DEL-CCU,0.113,2026-09-03,T+15,Economy,4660.0,900.0,510.0,300.0,6370.0,INR,Available,False
2026-08-19T10:30:00,2026-08-19,Airline Direct,IndiGo,DEL,CCU,DEL-CCU,0.113,2026-09-18,T+30,Economy,4140.0,900.0,430.0,300.0,5770.0,INR,Available,False
2026-08-19T10:30:00,2026-08-19,Airline Direct,IndiGo,DEL,CCU,DEL-CCU,0.113,2026-10-03,T+45,Economy,4030.0,860.0,420.0,300.0,5610.0,INR,Available,False
2026-08-19T10:30:00,2026-08-19,Airline Direct,Air India,DEL,CCU,DEL-CCU,0.113,2026-08-20,T+1,Economy,7720.0,1450.0,730.0,250.0,10150.0,INR,Available,False
2026-08-19T10:30:00,2026-08-19,Airline Direct,Air India,DEL,CCU,DEL-CCU,0.113,2026-08-26,T+7,Economy,5970.0,1160.0,560.0,250.0,7940.0,INR,Available,False
2026-08-19T10:30:00,2026-08-19,Airline Direct,Air India,DEL,CCU,DEL-CCU,0.113,2026-09-03,T+15,Economy,5080.0,1040.0,560.0,250.0,6930.0,INR,Available,False
2026-08-19T10:30:00,2026-08-19,Airline Direct,Air India,DEL,CCU,DEL-CCU,0.113,2026-09-18,T+30,Economy,4510.0,880.0,410.0,250.0,6050.0,INR,Available,False
2026-08-19T10:30:00,2026-08-19,Airline Direct,Air India,DEL,CCU,DEL-CCU,0.113,2026-10-03,T+45,Economy,4220.0,870.0,470.0,250.0,5810.0,INR,Available,False
2026-08-19T10:30:00,2026-08-19,OTA Aggregator,Air India Express,DEL,CCU,DEL-CCU,0.113,2026-08-20,T+1,Economy,6490.0,1250.0,640.0,250.0,8630.0,INR,Available,False
2026-08-19T10:30:00,2026-08-19,OTA Aggregator,Air India Express,DEL,CCU,DEL-CCU,0.113,2026-08-26,T+7,Economy,5280.0,970.0,520.0,250.0,7020.0,INR,Available,False
2026-08-19T10:30:00,2026-08-19,OTA Aggregator,Air India Express,DEL,CCU,DEL-CCU,0.113,2026-09-03,T+15,Economy,4120.0,890.0,420.0,250.0,5680.0,INR,Available,False
2026-08-19T10:30:00,2026-08-19,OTA Aggregator,Air India Express,DEL,CCU,DEL-CCU,0.113,2026-09-18,T+30,Economy,3890.0,750.0,420.0,250.0,5310.0,INR,Available,False
2026-08-19T10:30:00,2026-08-19,OTA Aggregator,Air India Express,DEL,CCU,DEL-CCU,0.113,2026-10-03,T+45,Economy,3680.0,760.0,380.0,250.0,5070.0,INR,Available,False
2026-08-19T10:30:00,2026-08-19,OTA Aggregator,Akasa Air,DEL,CCU,DEL-CCU,0.113,2026-08-20,T+1,Economy,6830.0,1210.0,640.0,250.0,8930.0,INR,Available,False
2026-08-19T10:30:00,2026-08-19,OTA Aggregator,Akasa Air,DEL,CCU,DEL-CCU,0.113,2026-08-26,T+7,Economy,5130.0,970.0,550.0,250.0,6900.0,INR,Available,False
2026-08-19T10:30:00,2026-08-19,OTA Aggregator,Akasa Air,DEL,CCU,DEL-CCU,0.113,2026-09-03,T+15,Economy,4730.0,940.0,500.0,250.0,6420.0,INR,Available,False
2026-08-19T10:30:00,2026-08-19,OTA Aggregator,Akasa Air,DEL,CCU,DEL-CCU,0.113,2026-09-18,T+30,Economy,3840.0,750.0,450.0,250.0,5290.0,INR,Available,False
2026-08-19T10:30:00,2026-08-19,OTA Aggregator,Akasa Air,DEL,CCU,DEL-CCU,0.113,2026-10-03,T+45,Economy,3780.0,760.0,360.0,250.0,5150.0,INR,Available,False
2026-08-19T10:30:00,2026-08-19,OTA Aggregator,SpiceJet,DEL,CCU,DEL-CCU,0.113,2026-08-20,T+1,Economy,7050.0,1230.0,660.0,300.0,9240.0,INR,Available,False
2026-08-19T10:30:00,2026-08-19,OTA Aggregator,SpiceJet,DEL,CCU,DEL-CCU,0.113,2026-08-26,T+7,Economy,5510.0,1130.0,540.0,300.0,7480.0,INR,Available,False
2026-08-19T10:30:00,2026-08-19,OTA Aggregator,SpiceJet,DEL,CCU,DEL-CCU,0.113,2026-09-03,T+15,Economy,4430.0,930.0,460.0,300.0,6120.0,INR,Available,False
2026-08-19T10:30:00,2026-08-19,OTA Aggregator,SpiceJet,DEL,CCU,DEL-CCU,0.113,2026-09-18,T+30,Economy,4120.0,890.0,460.0,300.0,5770.0,INR,Available,False
2026-08-19T10:30:00,2026-08-19,OTA Aggregator,SpiceJet,DEL,CCU,DEL-CCU,0.113,2026-10-03,T+45,Economy,3690.0,730.0,400.0,300.0,5120.0,INR,Available,False
2026-08-19T10:30:00,2026-08-19,Airline Direct,IndiGo,BLR,HYD,BLR-HYD,0.098,2026-08-20,T+1,Economy,5490.0,1100.0,580.0,300.0,7470.0,INR,Available,False
2026-08-19T10:30:00,2026-08-19,Airline Direct,IndiGo,BLR,HYD,BLR-HYD,0.098,2026-08-26,T+7,Economy,4060.0,810.0,380.0,300.0,5550.0,INR,Available,False
2026-08-19T10:30:00,2026-08-19,Airline Direct,IndiGo,BLR,HYD,BLR-HYD,0.098,2026-09-03,T+15,Economy,3620.0,770.0,340.0,300.0,5030.0,INR,Available,False
2026-08-19T10:30:00,2026-08-19,Airline Direct,IndiGo,BLR,HYD,BLR-HYD,0.098,2026-09-18,T+30,Economy,3200.0,670.0,400.0,300.0,4570.0,INR,Available,False
2026-08-19T10:30:00,2026-08-19,Airline Direct,IndiGo,BLR,HYD,BLR-HYD,0.098,2026-10-03,T+45,Economy,2900.0,610.0,370.0,300.0,4180.0,INR,Available,False
2026-08-19T10:30:00,2026-08-19,Airline Direct,Air India,BLR,HYD,BLR-HYD,0.098,2026-08-20,T+1,Economy,5800.0,1060.0,520.0,250.0,7630.0,INR,Available,False
2026-08-19T10:30:00,2026-08-19,Airline Direct,Air India,BLR,HYD,BLR-HYD,0.098,2026-08-26,T+7,Economy,4380.0,900.0,400.0,250.0,5930.0,INR,Available,False
2026-08-19T10:30:00,2026-08-19,Airline Direct,Air India,BLR,HYD,BLR-HYD,0.098,2026-09-03,T+15,Economy,4100.0,780.0,450.0,250.0,5580.0,INR,Available,False
2026-08-19T10:30:00,2026-08-19,Airline Direct,Air India,BLR,HYD,BLR-HYD,0.098,2026-09-18,T+30,Economy,3480.0,670.0,350.0,250.0,4750.0,INR,Available,False
2026-08-19T10:30:00,2026-08-19,Airline Direct,Air India,BLR,HYD,BLR-HYD,0.098,2026-10-03,T+45,Economy,3110.0,750.0,340.0,250.0,4450.0,INR,Available,False
2026-08-19T10:30:00,2026-08-19,OTA Aggregator,Air India Express,BLR,HYD,BLR-HYD,0.098,2026-08-20,T+1,Economy,4940.0,1000.0,480.0,250.0,6670.0,INR,Available,False
2026-08-19T10:30:00,2026-08-19,OTA Aggregator,Air India Express,BLR,HYD,BLR-HYD,0.098,2026-08-26,T+7,Economy,4020.0,870.0,430.0,250.0,5570.0,INR,Available,False
2026-08-19T10:30:00,2026-08-19,OTA Aggregator,Air India Express,BLR,HYD,BLR-HYD,0.098,2026-09-03,T+15,Economy,3480.0,740.0,340.0,250.0,4810.0,INR,Available,False
2026-08-19T10:30:00,2026-08-19,OTA Aggregator,Air India Express,BLR,HYD,BLR-HYD,0.098,2026-09-18,T+30,Economy,2700.0,590.0,300.0,250.0,3840.0,INR,Available,False
2026-08-19T10:30:00,2026-08-19,OTA Aggregator,Air India Express,BLR,HYD,BLR-HYD,0.098,2026-10-03,T+45,Economy,2820.0,620.0,370.0,250.0,4060.0,INR,Available,False
2026-08-19T10:30:00,2026-08-19,OTA Aggregator,Akasa Air,BLR,HYD,BLR-HYD,0.098,2026-08-20,T+1,Economy,5110.0,980.0,540.0,250.0,6880.0,INR,Available,False
2026-08-19T10:30:00,2026-08-19,OTA Aggregator,Akasa Air,BLR,HYD,BLR-HYD,0.098,2026-08-26,T+7,Economy,4310.0,800.0,430.0,250.0,5790.0,INR,Available,False
2026-08-19T10:30:00,2026-08-19,OTA Aggregator,Akasa Air,BLR,HYD,BLR-HYD,0.098,2026-09-03,T+15,Economy,3670.0,730.0,440.0,250.0,5090.0,INR,Available,False
2026-08-19T10:30:00,2026-08-19,OTA Aggregator,Akasa Air,BLR,HYD,BLR-HYD,0.098,2026-09-18,T+30,Economy,3050.0,690.0,330.0,250.0,4320.0,INR,Available,False
2026-08-19T10:30:00,2026-08-19,OTA Aggregator,Akasa Air,BLR,HYD,BLR-HYD,0.098,2026-10-03,T+45,Economy,2710.0,620.0,350.0,250.0,3930.0,INR,Available,False
2026-08-19T10:30:00,2026-08-19,OTA Aggregator,SpiceJet,BLR,HYD,BLR-HYD,0.098,2026-08-20,T+1,Economy,6360.0,1210.0,640.0,300.0,8510.0,INR,Available,True
2026-08-19T10:30:00,2026-08-19,OTA Aggregator,SpiceJet,BLR,HYD,BLR-HYD,0.098,2026-08-26,T+7,Economy,3930.0,790.0,440.0,300.0,5460.0,INR,Available,False
2026-08-19T10:30:00,2026-08-19,OTA Aggregator,SpiceJet,BLR,HYD,BLR-HYD,0.098,2026-09-03,T+15,Economy,3330.0,650.0,390.0,300.0,4670.0,INR,Available,False
2026-08-19T10:30:00,2026-08-19,OTA Aggregator,SpiceJet,BLR,HYD,BLR-HYD,0.098,2026-09-18,T+30,Economy,3200.0,740.0,370.0,300.0,4610.0,INR,Available,False
2026-08-19T10:30:00,2026-08-19,OTA Aggregator,SpiceJet,BLR,HYD,BLR-HYD,0.098,2026-10-03,T+45,Economy,2810.0,660.0,290.0,300.0,4060.0,INR,Available,False
2026-08-19T10:30:00,2026-08-19,Airline Direct,IndiGo,MAA,DEL,MAA-DEL,0.086,2026-08-20,T+1,Economy,8110.0,1480.0,770.0,300.0,10660.0,INR,Available,False
2026-08-19T10:30:00,2026-08-19,Airline Direct,IndiGo,MAA,DEL,MAA-DEL,0.086,2026-08-26,T+7,Economy,6660.0,1300.0,630.0,300.0,8890.0,INR,Available,False
2026-08-19T10:30:00,2026-08-19,Airline Direct,IndiGo,MAA,DEL,MAA-DEL,0.086,2026-09-03,T+15,Economy,5410.0,1050.0,550.0,300.0,7310.0,INR,Available,False
2026-08-19T10:30:00,2026-08-19,Airline Direct,IndiGo,MAA,DEL,MAA-DEL,0.086,2026-09-18,T+30,Economy,4740.0,930.0,470.0,300.0,6440.0,INR,Available,False
2026-08-19T10:30:00,2026-08-19,Airline Direct,IndiGo,MAA,DEL,MAA-DEL,0.086,2026-10-03,T+45,Economy,4580.0,910.0,510.0,300.0,6300.0,INR,Available,False
2026-08-19T10:30:00,2026-08-19,Airline Direct,Air India,MAA,DEL,MAA-DEL,0.086,2026-08-20,T+1,Economy,9180.0,1680.0,870.0,250.0,11980.0,INR,Available,False
2026-08-19T10:30:00,2026-08-19,Airline Direct,Air India,MAA,DEL,MAA-DEL,0.086,2026-08-26,T+7,Economy,6950.0,1310.0,670.0,250.0,9180.0,INR,Available,False
2026-08-19T10:30:00,2026-08-19,Airline Direct,Air India,MAA,DEL,MAA-DEL,0.086,2026-09-03,T+15,Economy,6130.0,1200.0,550.0,250.0,8130.0,INR,Available,False
2026-08-19T10:30:00,2026-08-19,Airline Direct,Air India,MAA,DEL,MAA-DEL,0.086,2026-09-18,T+30,Economy,5170.0,1050.0,510.0,250.0,6980.0,INR,Available,False
2026-08-19T10:30:00,2026-08-19,Airline Direct,Air India,MAA,DEL,MAA-DEL,0.086,2026-10-03,T+45,Economy,4820.0,940.0,520.0,250.0,6530.0,INR,Available,False
2026-08-19T10:30:00,2026-08-19,OTA Aggregator,Air India Express,MAA,DEL,MAA-DEL,0.086,2026-08-20,T+1,Economy,7550.0,1310.0,700.0,250.0,9810.0,INR,Available,False
2026-08-19T10:30:00,2026-08-19,OTA Aggregator,Air India Express,MAA,DEL,MAA-DEL,0.086,2026-08-26,T+7,Economy,5960.0,1100.0,570.0,250.0,7880.0,INR,Available,False
2026-08-19T10:30:00,2026-08-19,OTA Aggregator,Air India Express,MAA,DEL,MAA-DEL,0.086,2026-09-03,T+15,Economy,4960.0,910.0,480.0,250.0,6600.0,INR,Available,False
2026-08-19T10:30:00,2026-08-19,OTA Aggregator,Air India Express,MAA,DEL,MAA-DEL,0.086,2026-09-18,T+30,Economy,4290.0,880.0,480.0,250.0,5900.0,INR,Available,False
2026-08-19T10:30:00,2026-08-19,OTA Aggregator,Air India Express,MAA,DEL,MAA-DEL,0.086,2026-10-03,T+45,Economy,4080.0,850.0,460.0,250.0,5640.0,INR,Available,False
2026-08-19T10:30:00,2026-08-19,OTA Aggregator,Akasa Air,MAA,DEL,MAA-DEL,0.086,2026-08-20,T+1,Economy,7740.0,1450.0,730.0,250.0,10170.0,INR,Available,False
2026-08-19T10:30:00,2026-08-19,OTA Aggregator,Akasa Air,MAA,DEL,MAA-DEL,0.086,2026-08-26,T+7,Economy,5940.0,1150.0,570.0,250.0,7910.0,INR,Available,False
2026-08-19T10:30:00,2026-08-19,OTA Aggregator,Akasa Air,MAA,DEL,MAA-DEL,0.086,2026-09-03,T+15,Economy,5080.0,1050.0,490.0,250.0,6870.0,INR,Available,False
2026-08-19T10:30:00,2026-08-19,OTA Aggregator,Akasa Air,MAA,DEL,MAA-DEL,0.086,2026-09-18,T+30,Economy,4780.0,910.0,520.0,250.0,6460.0,INR,Available,False
2026-08-19T10:30:00,2026-08-19,OTA Aggregator,Akasa Air,MAA,DEL,MAA-DEL,0.086,2026-10-03,T+45,Economy,4120.0,780.0,400.0,250.0,5550.0,INR,Available,False
2026-08-19T10:30:00,2026-08-19,OTA Aggregator,SpiceJet,MAA,DEL,MAA-DEL,0.086,2026-08-20,T+1,Economy,8390.0,1500.0,800.0,300.0,10990.0,INR,Available,False
2026-08-19T10:30:00,2026-08-19,OTA Aggregator,SpiceJet,MAA,DEL,MAA-DEL,0.086,2026-08-26,T+7,Economy,6430.0,1180.0,580.0,300.0,8490.0,INR,Available,False
2026-08-19T10:30:00,2026-08-19,OTA Aggregator,SpiceJet,MAA,DEL,MAA-DEL,0.086,2026-09-03,T+15,Economy,5150.0,930.0,500.0,300.0,6880.0,INR,Available,False
2026-08-19T10:30:00,2026-08-19,OTA Aggregator,SpiceJet,MAA,DEL,MAA-DEL,0.086,2026-09-18,T+30,Economy,4530.0,860.0,510.0,300.0,6200.0,INR,Available,False
2026-08-19T10:30:00,2026-08-19,OTA Aggregator,SpiceJet,MAA,DEL,MAA-DEL,0.086,2026-10-03,T+45,Economy,4250.0,780.0,470.0,300.0,5800.0,INR,Available,False
2026-08-19T10:30:00,2026-08-19,Airline Direct,IndiGo,BOM,DEL,BOM-DEL,0.135,2026-08-20,T+1,Economy,9190.0,1590.0,840.0,300.0,11920.0,INR,Available,False
2026-08-19T10:30:00,2026-08-19,Airline Direct,IndiGo,BOM,DEL,BOM-DEL,0.135,2026-08-26,T+7,Economy,7110.0,1280.0,630.0,300.0,9320.0,INR,Available,False
2026-08-19T10:30:00,2026-08-19,Airline Direct,IndiGo,BOM,DEL,BOM-DEL,0.135,2026-09-03,T+15,Economy,5620.0,1060.0,590.0,300.0,7570.0,INR,Available,False
2026-08-19T10:30:00,2026-08-19,Airline Direct,IndiGo,BOM,DEL,BOM-DEL,0.135,2026-09-18,T+30,Economy,5250.0,1080.0,540.0,300.0,7170.0,INR,Available,False
2026-08-19T10:30:00,2026-08-19,Airline Direct,IndiGo,BOM,DEL,BOM-DEL,0.135,2026-10-03,T+45,Economy,4800.0,930.0,500.0,300.0,6530.0,INR,Available,False
2026-08-19T10:30:00,2026-08-19,Airline Direct,Air India,BOM,DEL,BOM-DEL,0.135,2026-08-20,T+1,Economy,10240.0,1810.0,910.0,250.0,13210.0,INR,Available,False
2026-08-19T10:30:00,2026-08-19,Airline Direct,Air India,BOM,DEL,BOM-DEL,0.135,2026-08-26,T+7,Economy,8150.0,1440.0,710.0,250.0,10550.0,INR,Available,False
2026-08-19T10:30:00,2026-08-19,Airline Direct,Air India,BOM,DEL,BOM-DEL,0.135,2026-09-03,T+15,Economy,6450.0,1180.0,610.0,250.0,8490.0,INR,Available,False
2026-08-19T10:30:00,2026-08-19,Airline Direct,Air India,BOM,DEL,BOM-DEL,0.135,2026-09-18,T+30,Economy,5920.0,1060.0,540.0,250.0,7770.0,INR,Available,False
2026-08-19T10:30:00,2026-08-19,Airline Direct,Air India,BOM,DEL,BOM-DEL,0.135,2026-10-03,T+45,Economy,4910.0,1020.0,500.0,250.0,6680.0,INR,Available,False
2026-08-19T10:30:00,2026-08-19,OTA Aggregator,Air India Express,BOM,DEL,BOM-DEL,0.135,2026-08-20,T+1,Economy,8070.0,1540.0,760.0,250.0,10620.0,INR,Available,False
2026-08-19T10:30:00,2026-08-19,OTA Aggregator,Air India Express,BOM,DEL,BOM-DEL,0.135,2026-08-26,T+7,Economy,6350.0,1240.0,640.0,250.0,8480.0,INR,Available,False
2026-08-19T10:30:00,2026-08-19,OTA Aggregator,Air India Express,BOM,DEL,BOM-DEL,0.135,2026-09-03,T+15,Economy,5780.0,1150.0,580.0,250.0,7760.0,INR,Available,False
2026-08-19T10:30:00,2026-08-19,OTA Aggregator,Air India Express,BOM,DEL,BOM-DEL,0.135,2026-09-18,T+30,Economy,4540.0,830.0,450.0,250.0,6070.0,INR,Available,False
2026-08-19T10:30:00,2026-08-19,OTA Aggregator,Air India Express,BOM,DEL,BOM-DEL,0.135,2026-10-03,T+45,Economy,4410.0,940.0,410.0,250.0,6010.0,INR,Available,False
2026-08-19T10:30:00,2026-08-19,OTA Aggregator,Akasa Air,BOM,DEL,BOM-DEL,0.135,2026-08-20,T+1,Economy,8520.0,1510.0,790.0,250.0,11070.0,INR,Available,False
2026-08-19T10:30:00,2026-08-19,OTA Aggregator,Akasa Air,BOM,DEL,BOM-DEL,0.135,2026-08-26,T+7,Economy,6350.0,1140.0,580.0,250.0,8320.0,INR,Available,False
2026-08-19T10:30:00,2026-08-19,OTA Aggregator,Akasa Air,BOM,DEL,BOM-DEL,0.135,2026-09-03,T+15,Economy,5750.0,1100.0,540.0,250.0,7640.0,INR,Available,False
2026-08-19T10:30:00,2026-08-19,OTA Aggregator,Akasa Air,BOM,DEL,BOM-DEL,0.135,2026-09-18,T+30,Economy,4960.0,900.0,520.0,250.0,6630.0,INR,Available,False
2026-08-19T10:30:00,2026-08-19,OTA Aggregator,Akasa Air,BOM,DEL,BOM-DEL,0.135,2026-10-03,T+45,Economy,4670.0,900.0,490.0,250.0,6310.0,INR,Available,False
2026-08-19T10:30:00,2026-08-19,OTA Aggregator,SpiceJet,BOM,DEL,BOM-DEL,0.135,2026-08-20,T+1,Economy,9040.0,1690.0,800.0,300.0,11830.0,INR,Available,False
2026-08-19T10:30:00,2026-08-19,OTA Aggregator,SpiceJet,BOM,DEL,BOM-DEL,0.135,2026-08-26,T+7,Economy,6450.0,1180.0,610.0,300.0,8540.0,INR,Available,False
2026-08-19T10:30:00,2026-08-19,OTA Aggregator,SpiceJet,BOM,DEL,BOM-DEL,0.135,2026-09-03,T+15,Economy,5630.0,1050.0,520.0,300.0,7500.0,INR,Available,False
2026-08-19T10:30:00,2026-08-19,OTA Aggregator,SpiceJet,BOM,DEL,BOM-DEL,0.135,2026-09-18,T+30,Economy,5070.0,1010.0,550.0,300.0,6930.0,INR,Available,False
2026-08-19T10:30:00,2026-08-19,OTA Aggregator,SpiceJet,BOM,DEL,BOM-DEL,0.135,2026-10-03,T+45,Economy,4840.0,890.0,510.0,300.0,6540.0,INR,Available,False
2026-08-19T10:30:00,2026-08-19,Airline Direct,IndiGo,HYD,DEL,HYD-DEL,0.105,2026-08-20,T+1,Economy,7000.0,1250.0,650.0,300.0,9200.0,INR,Available,False
2026-08-19T10:30:00,2026-08-19,Airline Direct,IndiGo,HYD,DEL,HYD-DEL,0.105,2026-08-26,T+7,Economy,5390.0,1000.0,510.0,300.0,7200.0,INR,Available,False
2026-08-19T10:30:00,2026-08-19,Airline Direct,IndiGo,HYD,DEL,HYD-DEL,0.105,2026-09-03,T+15,Economy,4480.0,830.0,490.0,300.0,6100.0,INR,Available,False
2026-08-19T10:30:00,2026-08-19,Airline Direct,IndiGo,HYD,DEL,HYD-DEL,0.105,2026-09-18,T+30,Economy,4350.0,880.0,440.0,300.0,5970.0,INR,Available,False
2026-08-19T10:30:00,2026-08-19,Airline Direct,IndiGo,HYD,DEL,HYD-DEL,0.105,2026-10-03,T+45,Economy,3610.0,710.0,410.0,300.0,5030.0,INR,Available,False
2026-08-19T10:30:00,2026-08-19,Airline Direct,Air India,HYD,DEL,HYD-DEL,0.105,2026-08-20,T+1,Economy,7240.0,1330.0,670.0,250.0,9490.0,INR,Available,False
2026-08-19T10:30:00,2026-08-19,Airline Direct,Air India,HYD,DEL,HYD-DEL,0.105,2026-08-26,T+7,Economy,5910.0,1150.0,590.0,250.0,7900.0,INR,Available,False
2026-08-19T10:30:00,2026-08-19,Airline Direct,Air India,HYD,DEL,HYD-DEL,0.105,2026-09-03,T+15,Economy,5150.0,970.0,490.0,250.0,6860.0,INR,Available,False
2026-08-19T10:30:00,2026-08-19,Airline Direct,Air India,HYD,DEL,HYD-DEL,0.105,2026-09-18,T+30,Economy,4410.0,870.0,430.0,250.0,5960.0,INR,Available,False
2026-08-19T10:30:00,2026-08-19,Airline Direct,Air India,HYD,DEL,HYD-DEL,0.105,2026-10-03,T+45,Economy,3950.0,860.0,440.0,250.0,5500.0,INR,Available,False
2026-08-19T10:30:00,2026-08-19,OTA Aggregator,Air India Express,HYD,DEL,HYD-DEL,0.105,2026-08-20,T+1,Economy,6150.0,1140.0,590.0,250.0,8130.0,INR,Available,False
2026-08-19T10:30:00,2026-08-19,OTA Aggregator,Air India Express,HYD,DEL,HYD-DEL,0.105,2026-08-26,T+7,Economy,4990.0,1030.0,500.0,250.0,6770.0,INR,Available,False
2026-08-19T10:30:00,2026-08-19,OTA Aggregator,Air India Express,HYD,DEL,HYD-DEL,0.105,2026-09-03,T+15,Economy,4250.0,880.0,400.0,250.0,5780.0,INR,Available,False
2026-08-19T10:30:00,2026-08-19,OTA Aggregator,Air India Express,HYD,DEL,HYD-DEL,0.105,2026-09-18,T+30,Economy,3450.0,720.0,390.0,250.0,4810.0,INR,Available,False
2026-08-19T10:30:00,2026-08-19,OTA Aggregator,Air India Express,HYD,DEL,HYD-DEL,0.105,2026-10-03,T+45,Economy,3400.0,680.0,330.0,250.0,4660.0,INR,Available,False
2026-08-19T10:30:00,2026-08-19,OTA Aggregator,Akasa Air,HYD,DEL,HYD-DEL,0.105,2026-08-20,T+1,Economy,6340.0,1160.0,570.0,250.0,8320.0,INR,Available,False
2026-08-19T10:30:00,2026-08-19,OTA Aggregator,Akasa Air,HYD,DEL,HYD-DEL,0.105,2026-08-26,T+7,Economy,4900.0,970.0,530.0,250.0,6650.0,INR,Available,False
2026-08-19T10:30:00,2026-08-19,OTA Aggregator,Akasa Air,HYD,DEL,HYD-DEL,0.105,2026-09-03,T+15,Economy,4110.0,840.0,450.0,250.0,5650.0,INR,Available,False
2026-08-19T10:30:00,2026-08-19,OTA Aggregator,Akasa Air,HYD,DEL,HYD-DEL,0.105,2026-09-18,T+30,Economy,3860.0,830.0,430.0,250.0,5370.0,INR,Available,False
2026-08-19T10:30:00,2026-08-19,OTA Aggregator,Akasa Air,HYD,DEL,HYD-DEL,0.105,2026-10-03,T+45,Economy,3230.0,710.0,390.0,250.0,4580.0,INR,Available,False
2026-08-19T10:30:00,2026-08-19,OTA Aggregator,SpiceJet,HYD,DEL,HYD-DEL,0.105,2026-08-20,T+1,Economy,8860.0,1670.0,780.0,300.0,11610.0,INR,Available,True
2026-08-19T10:30:00,2026-08-19,OTA Aggregator,SpiceJet,HYD,DEL,HYD-DEL,0.105,2026-08-26,T+7,Economy,5330.0,990.0,520.0,300.0,7140.0,INR,Available,False
2026-08-19T10:30:00,2026-08-19,OTA Aggregator,SpiceJet,HYD,DEL,HYD-DEL,0.105,2026-09-03,T+15,Economy,4360.0,820.0,440.0,300.0,5920.0,INR,Available,False
2026-08-19T10:30:00,2026-08-19,OTA Aggregator,SpiceJet,HYD,DEL,HYD-DEL,0.105,2026-09-18,T+30,Economy,3740.0,750.0,450.0,300.0,5240.0,INR,Available,False
2026-08-19T10:30:00,2026-08-19,OTA Aggregator,SpiceJet,HYD,DEL,HYD-DEL,0.105,2026-10-03,T+45,Economy,3360.0,790.0,330.0,300.0,4780.0,INR,Available,False
2026-08-20T10:30:00,2026-08-20,Airline Direct,IndiGo,DEL,BOM,DEL-BOM,0.182,2026-08-21,T+1,Economy,9510.0,1700.0,870.0,250.0,12330.0,INR,Available,False
2026-08-20T10:30:00,2026-08-20,Airline Direct,IndiGo,DEL,BOM,DEL-BOM,0.182,2026-08-27,T+7,Economy,7340.0,1310.0,710.0,250.0,9610.0,INR,Available,False
2026-08-20T10:30:00,2026-08-20,Airline Direct,IndiGo,DEL,BOM,DEL-BOM,0.182,2026-09-04,T+15,Economy,6460.0,1230.0,610.0,250.0,8550.0,INR,Available,False
2026-08-20T10:30:00,2026-08-20,Airline Direct,IndiGo,DEL,BOM,DEL-BOM,0.182,2026-09-19,T+30,Economy,5470.0,1090.0,570.0,250.0,7380.0,INR,Available,False
2026-08-20T10:30:00,2026-08-20,Airline Direct,IndiGo,DEL,BOM,DEL-BOM,0.182,2026-10-04,T+45,Economy,4900.0,1020.0,460.0,250.0,6630.0,INR,Available,False
2026-08-20T10:30:00,2026-08-20,Airline Direct,Air India,DEL,BOM,DEL-BOM,0.182,2026-08-21,T+1,Economy,12460.0,2160.0,1130.0,300.0,16050.0,INR,Available,True
2026-08-20T10:30:00,2026-08-20,Airline Direct,Air India,DEL,BOM,DEL-BOM,0.182,2026-08-27,T+7,Economy,8060.0,1470.0,700.0,300.0,10530.0,INR,Available,False
2026-08-20T10:30:00,2026-08-20,Airline Direct,Air India,DEL,BOM,DEL-BOM,0.182,2026-09-04,T+15,Economy,6860.0,1290.0,680.0,300.0,9130.0,INR,Available,False
2026-08-20T10:30:00,2026-08-20,Airline Direct,Air India,DEL,BOM,DEL-BOM,0.182,2026-09-19,T+30,Economy,5970.0,1190.0,590.0,300.0,8050.0,INR,Available,False
2026-08-20T10:30:00,2026-08-20,Airline Direct,Air India,DEL,BOM,DEL-BOM,0.182,2026-10-04,T+45,Economy,5450.0,1120.0,490.0,300.0,7360.0,INR,Available,False
2026-08-20T10:30:00,2026-08-20,OTA Aggregator,Air India Express,DEL,BOM,DEL-BOM,0.182,2026-08-21,T+1,Economy,9070.0,1660.0,830.0,300.0,11860.0,INR,Available,False
2026-08-20T10:30:00,2026-08-20,OTA Aggregator,Air India Express,DEL,BOM,DEL-BOM,0.182,2026-08-27,T+7,Economy,6770.0,1200.0,640.0,300.0,8910.0,INR,Available,False
2026-08-20T10:30:00,2026-08-20,OTA Aggregator,Air India Express,DEL,BOM,DEL-BOM,0.182,2026-09-04,T+15,Economy,6080.0,1190.0,630.0,300.0,8200.0,INR,Available,False
2026-08-20T10:30:00,2026-08-20,OTA Aggregator,Air India Express,DEL,BOM,DEL-BOM,0.182,2026-09-19,T+30,Economy,4970.0,900.0,530.0,300.0,6700.0,INR,Available,False
2026-08-20T10:30:00,2026-08-20,OTA Aggregator,Air India Express,DEL,BOM,DEL-BOM,0.182,2026-10-04,T+45,Economy,4680.0,940.0,520.0,300.0,6440.0,INR,Available,False
2026-08-20T10:30:00,2026-08-20,OTA Aggregator,Akasa Air,DEL,BOM,DEL-BOM,0.182,2026-08-21,T+1,Economy,9020.0,1590.0,830.0,300.0,11740.0,INR,Available,False
2026-08-20T10:30:00,2026-08-20,OTA Aggregator,Akasa Air,DEL,BOM,DEL-BOM,0.182,2026-08-27,T+7,Economy,6920.0,1300.0,690.0,300.0,9210.0,INR,Available,False
2026-08-20T10:30:00,2026-08-20,OTA Aggregator,Akasa Air,DEL,BOM,DEL-BOM,0.182,2026-09-04,T+15,Economy,6240.0,1170.0,570.0,300.0,8280.0,INR,Available,False
2026-08-20T10:30:00,2026-08-20,OTA Aggregator,Akasa Air,DEL,BOM,DEL-BOM,0.182,2026-09-19,T+30,Economy,5080.0,950.0,490.0,300.0,6820.0,INR,Available,False
2026-08-20T10:30:00,2026-08-20,OTA Aggregator,Akasa Air,DEL,BOM,DEL-BOM,0.182,2026-10-04,T+45,Economy,4830.0,960.0,480.0,300.0,6570.0,INR,Available,False
2026-08-20T10:30:00,2026-08-20,OTA Aggregator,SpiceJet,DEL,BOM,DEL-BOM,0.182,2026-08-21,T+1,Economy,9140.0,1640.0,810.0,250.0,11840.0,INR,Available,False
2026-08-20T10:30:00,2026-08-20,OTA Aggregator,SpiceJet,DEL,BOM,DEL-BOM,0.182,2026-08-27,T+7,Economy,7190.0,1290.0,630.0,250.0,9360.0,INR,Available,False
2026-08-20T10:30:00,2026-08-20,OTA Aggregator,SpiceJet,DEL,BOM,DEL-BOM,0.182,2026-09-04,T+15,Economy,6160.0,1100.0,550.0,250.0,8060.0,INR,Available,False
2026-08-20T10:30:00,2026-08-20,OTA Aggregator,SpiceJet,DEL,BOM,DEL-BOM,0.182,2026-09-19,T+30,Economy,5420.0,1110.0,550.0,250.0,7330.0,INR,Available,False
2026-08-20T10:30:00,2026-08-20,OTA Aggregator,SpiceJet,DEL,BOM,DEL-BOM,0.182,2026-10-04,T+45,Economy,5160.0,1040.0,540.0,250.0,6990.0,INR,Available,False
2026-08-20T10:30:00,2026-08-20,Airline Direct,IndiGo,DEL,BLR,DEL-BLR,0.154,2026-08-21,T+1,Economy,8900.0,1590.0,760.0,250.0,11500.0,INR,Available,False
2026-08-20T10:30:00,2026-08-20,Airline Direct,IndiGo,DEL,BLR,DEL-BLR,0.154,2026-08-27,T+7,Economy,7070.0,1260.0,710.0,250.0,9290.0,INR,Available,False
2026-08-20T10:30:00,2026-08-20,Airline Direct,IndiGo,DEL,BLR,DEL-BLR,0.154,2026-09-04,T+15,Economy,6140.0,1220.0,640.0,250.0,8250.0,INR,Available,False
2026-08-20T10:30:00,2026-08-20,Airline Direct,IndiGo,DEL,BLR,DEL-BLR,0.154,2026-09-19,T+30,Economy,5330.0,1080.0,500.0,250.0,7160.0,INR,Available,False
2026-08-20T10:30:00,2026-08-20,Airline Direct,IndiGo,DEL,BLR,DEL-BLR,0.154,2026-10-04,T+45,Economy,4710.0,870.0,520.0,250.0,6350.0,INR,Available,False
2026-08-20T10:30:00,2026-08-20,Airline Direct,Air India,DEL,BLR,DEL-BLR,0.154,2026-08-21,T+1,Economy,12620.0,2120.0,1110.0,300.0,16150.0,INR,Available,True
2026-08-20T10:30:00,2026-08-20,Airline Direct,Air India,DEL,BLR,DEL-BLR,0.154,2026-08-27,T+7,Economy,7490.0,1330.0,720.0,300.0,9840.0,INR,Available,False
2026-08-20T10:30:00,2026-08-20,Airline Direct,Air India,DEL,BLR,DEL-BLR,0.154,2026-09-04,T+15,Economy,6290.0,1130.0,590.0,300.0,8310.0,INR,Available,False
2026-08-20T10:30:00,2026-08-20,Airline Direct,Air India,DEL,BLR,DEL-BLR,0.154,2026-09-19,T+30,Economy,5650.0,1030.0,580.0,300.0,7560.0,INR,Available,False
2026-08-20T10:30:00,2026-08-20,Airline Direct,Air India,DEL,BLR,DEL-BLR,0.154,2026-10-04,T+45,Economy,5020.0,980.0,460.0,300.0,6760.0,INR,Available,False
2026-08-20T10:30:00,2026-08-20,OTA Aggregator,Air India Express,DEL,BLR,DEL-BLR,0.154,2026-08-21,T+1,Economy,8340.0,1470.0,800.0,300.0,10910.0,INR,Available,False
2026-08-20T10:30:00,2026-08-20,OTA Aggregator,Air India Express,DEL,BLR,DEL-BLR,0.154,2026-08-27,T+7,Economy,6190.0,1170.0,620.0,300.0,8280.0,INR,Available,False
2026-08-20T10:30:00,2026-08-20,OTA Aggregator,Air India Express,DEL,BLR,DEL-BLR,0.154,2026-09-04,T+15,Economy,5340.0,1100.0,490.0,300.0,7230.0,INR,Available,False
2026-08-20T10:30:00,2026-08-20,OTA Aggregator,Air India Express,DEL,BLR,DEL-BLR,0.154,2026-09-19,T+30,Economy,4810.0,990.0,520.0,300.0,6620.0,INR,Available,False
2026-08-20T10:30:00,2026-08-20,OTA Aggregator,Air India Express,DEL,BLR,DEL-BLR,0.154,2026-10-04,T+45,Economy,4370.0,900.0,500.0,300.0,6070.0,INR,Available,False
2026-08-20T10:30:00,2026-08-20,OTA Aggregator,Akasa Air,DEL,BLR,DEL-BLR,0.154,2026-08-21,T+1,Economy,8830.0,1640.0,790.0,300.0,11560.0,INR,Available,False
2026-08-20T10:30:00,2026-08-20,OTA Aggregator,Akasa Air,DEL,BLR,DEL-BLR,0.154,2026-08-27,T+7,Economy,6620.0,1190.0,630.0,300.0,8740.0,INR,Available,False
2026-08-20T10:30:00,2026-08-20,OTA Aggregator,Akasa Air,DEL,BLR,DEL-BLR,0.154,2026-09-04,T+15,Economy,5840.0,1050.0,540.0,300.0,7730.0,INR,Available,False
2026-08-20T10:30:00,2026-08-20,OTA Aggregator,Akasa Air,DEL,BLR,DEL-BLR,0.154,2026-09-19,T+30,Economy,4870.0,990.0,450.0,300.0,6610.0,INR,Available,False
2026-08-20T10:30:00,2026-08-20,OTA Aggregator,Akasa Air,DEL,BLR,DEL-BLR,0.154,2026-10-04,T+45,Economy,4350.0,890.0,410.0,300.0,5950.0,INR,Available,False
2026-08-20T10:30:00,2026-08-20,OTA Aggregator,SpiceJet,DEL,BLR,DEL-BLR,0.154,2026-08-21,T+1,Economy,8270.0,1490.0,800.0,250.0,10810.0,INR,Available,False
2026-08-20T10:30:00,2026-08-20,OTA Aggregator,SpiceJet,DEL,BLR,DEL-BLR,0.154,2026-08-27,T+7,Economy,6340.0,1140.0,560.0,250.0,8290.0,INR,Available,False
2026-08-20T10:30:00,2026-08-20,OTA Aggregator,SpiceJet,DEL,BLR,DEL-BLR,0.154,2026-09-04,T+15,Economy,5700.0,1090.0,520.0,250.0,7560.0,INR,Available,False
2026-08-20T10:30:00,2026-08-20,OTA Aggregator,SpiceJet,DEL,BLR,DEL-BLR,0.154,2026-09-19,T+30,Economy,5250.0,980.0,490.0,250.0,6970.0,INR,Available,False
2026-08-20T10:30:00,2026-08-20,OTA Aggregator,SpiceJet,DEL,BLR,DEL-BLR,0.154,2026-10-04,T+45,Economy,4320.0,910.0,490.0,250.0,5970.0,INR,Available,False
2026-08-20T10:30:00,2026-08-20,Airline Direct,IndiGo,BOM,BLR,BOM-BLR,0.127,2026-08-21,T+1,Economy,7620.0,1370.0,730.0,250.0,9970.0,INR,Available,False
2026-08-20T10:30:00,2026-08-20,Airline Direct,IndiGo,BOM,BLR,BOM-BLR,0.127,2026-08-27,T+7,Economy,6110.0,1090.0,560.0,250.0,8010.0,INR,Available,False
2026-08-20T10:30:00,2026-08-20,Airline Direct,IndiGo,BOM,BLR,BOM-BLR,0.127,2026-09-04,T+15,Economy,5110.0,1060.0,500.0,250.0,6920.0,INR,Available,False
2026-08-20T10:30:00,2026-08-20,Airline Direct,IndiGo,BOM,BLR,BOM-BLR,0.127,2026-09-19,T+30,Economy,4650.0,970.0,470.0,250.0,6340.0,INR,Available,False
2026-08-20T10:30:00,2026-08-20,Airline Direct,IndiGo,BOM,BLR,BOM-BLR,0.127,2026-10-04,T+45,Economy,4170.0,890.0,400.0,250.0,5710.0,INR,Available,False
2026-08-20T10:30:00,2026-08-20,Airline Direct,Air India,BOM,BLR,BOM-BLR,0.127,2026-08-21,T+1,Economy,8250.0,1430.0,790.0,300.0,10770.0,INR,Available,False
2026-08-20T10:30:00,2026-08-20,Airline Direct,Air India,BOM,BLR,BOM-BLR,0.127,2026-08-27,T+7,Economy,6760.0,1310.0,690.0,300.0,9060.0,INR,Available,False
2026-08-20T10:30:00,2026-08-20,Airline Direct,Air India,BOM,BLR,BOM-BLR,0.127,2026-09-04,T+15,Economy,5130.0,990.0,470.0,300.0,6890.0,INR,Available,False
2026-08-20T10:30:00,2026-08-20,Airline Direct,Air India,BOM,BLR,BOM-BLR,0.127,2026-09-19,T+30,Economy,4840.0,940.0,470.0,300.0,6550.0,INR,Available,False
2026-08-20T10:30:00,2026-08-20,Airline Direct,Air India,BOM,BLR,BOM-BLR,0.127,2026-10-04,T+45,Economy,4630.0,920.0,450.0,300.0,6300.0,INR,Available,False
2026-08-20T10:30:00,2026-08-20,OTA Aggregator,Air India Express,BOM,BLR,BOM-BLR,0.127,2026-08-21,T+1,Economy,7180.0,1330.0,650.0,300.0,9460.0,INR,Available,False
2026-08-20T10:30:00,2026-08-20,OTA Aggregator,Air India Express,BOM,BLR,BOM-BLR,0.127,2026-08-27,T+7,Economy,5790.0,1150.0,570.0,300.0,7810.0,INR,Available,False
2026-08-20T10:30:00,2026-08-20,OTA Aggregator,Air India Express,BOM,BLR,BOM-BLR,0.127,2026-09-04,T+15,Economy,4760.0,920.0,520.0,300.0,6500.0,INR,Available,False
2026-08-20T10:30:00,2026-08-20,OTA Aggregator,Air India Express,BOM,BLR,BOM-BLR,0.127,2026-09-19,T+30,Economy,3890.0,790.0,430.0,300.0,5410.0,INR,Available,False
2026-08-20T10:30:00,2026-08-20,OTA Aggregator,Air India Express,BOM,BLR,BOM-BLR,0.127,2026-10-04,T+45,Economy,3710.0,840.0,430.0,300.0,5280.0,INR,Available,False
2026-08-20T10:30:00,2026-08-20,OTA Aggregator,Akasa Air,BOM,BLR,BOM-BLR,0.127,2026-08-21,T+1,Economy,7050.0,1270.0,650.0,300.0,9270.0,INR,Available,False
2026-08-20T10:30:00,2026-08-20,OTA Aggregator,Akasa Air,BOM,BLR,BOM-BLR,0.127,2026-08-27,T+7,Economy,5850.0,1150.0,570.0,300.0,7870.0,INR,Available,False
2026-08-20T10:30:00,2026-08-20,OTA Aggregator,Akasa Air,BOM,BLR,BOM-BLR,0.127,2026-09-04,T+15,Economy,4890.0,1000.0,480.0,300.0,6670.0,INR,Available,False
2026-08-20T10:30:00,2026-08-20,OTA Aggregator,Akasa Air,BOM,BLR,BOM-BLR,0.127,2026-09-19,T+30,Economy,4180.0,910.0,460.0,300.0,5850.0,INR,Available,False
2026-08-20T10:30:00,2026-08-20,OTA Aggregator,Akasa Air,BOM,BLR,BOM-BLR,0.127,2026-10-04,T+45,Economy,3680.0,780.0,410.0,300.0,5170.0,INR,Available,False
2026-08-20T10:30:00,2026-08-20,OTA Aggregator,SpiceJet,BOM,BLR,BOM-BLR,0.127,2026-08-21,T+1,Economy,7390.0,1430.0,730.0,250.0,9800.0,INR,Available,False
2026-08-20T10:30:00,2026-08-20,OTA Aggregator,SpiceJet,BOM,BLR,BOM-BLR,0.127,2026-08-27,T+7,Economy,5870.0,1090.0,570.0,250.0,7780.0,INR,Available,False
2026-08-20T10:30:00,2026-08-20,OTA Aggregator,SpiceJet,BOM,BLR,BOM-BLR,0.127,2026-09-04,T+15,Economy,4680.0,990.0,460.0,250.0,6380.0,INR,Available,False
2026-08-20T10:30:00,2026-08-20,OTA Aggregator,SpiceJet,BOM,BLR,BOM-BLR,0.127,2026-09-19,T+30,Economy,4200.0,900.0,400.0,250.0,5750.0,INR,Available,False
2026-08-20T10:30:00,2026-08-20,OTA Aggregator,SpiceJet,BOM,BLR,BOM-BLR,0.127,2026-10-04,T+45,Economy,3840.0,830.0,420.0,250.0,5340.0,INR,Available,False
2026-08-20T10:30:00,2026-08-20,Airline Direct,IndiGo,DEL,CCU,DEL-CCU,0.113,2026-08-21,T+1,Economy,7350.0,1280.0,660.0,250.0,9540.0,INR,Available,False
2026-08-20T10:30:00,2026-08-20,Airline Direct,IndiGo,DEL,CCU,DEL-CCU,0.113,2026-08-27,T+7,Economy,5620.0,1090.0,560.0,250.0,7520.0,INR,Available,False
2026-08-20T10:30:00,2026-08-20,Airline Direct,IndiGo,DEL,CCU,DEL-CCU,0.113,2026-09-04,T+15,Economy,4750.0,950.0,480.0,250.0,6430.0,INR,Available,False
2026-08-20T10:30:00,2026-08-20,Airline Direct,IndiGo,DEL,CCU,DEL-CCU,0.113,2026-09-19,T+30,Economy,4060.0,770.0,460.0,250.0,5540.0,INR,Available,False
2026-08-20T10:30:00,2026-08-20,Airline Direct,IndiGo,DEL,CCU,DEL-CCU,0.113,2026-10-04,T+45,Economy,3750.0,790.0,370.0,250.0,5160.0,INR,Available,False
2026-08-20T10:30:00,2026-08-20,Airline Direct,Air India,DEL,CCU,DEL-CCU,0.113,2026-08-21,T+1,Economy,7980.0,1480.0,730.0,300.0,10490.0,INR,Available,False
2026-08-20T10:30:00,2026-08-20,Airline Direct,Air India,DEL,CCU,DEL-CCU,0.113,2026-08-27,T+7,Economy,6080.0,1110.0,630.0,300.0,8120.0,INR,Available,False
2026-08-20T10:30:00,2026-08-20,Airline Direct,Air India,DEL,CCU,DEL-CCU,0.113,2026-09-04,T+15,Economy,5090.0,1040.0,530.0,300.0,6960.0,INR,Available,False
2026-08-20T10:30:00,2026-08-20,Airline Direct,Air India,DEL,CCU,DEL-CCU,0.113,2026-09-19,T+30,Economy,4680.0,890.0,470.0,300.0,6340.0,INR,Available,False
2026-08-20T10:30:00,2026-08-20,Airline Direct,Air India,DEL,CCU,DEL-CCU,0.113,2026-10-04,T+45,Economy,4160.0,870.0,410.0,300.0,5740.0,INR,Available,False
2026-08-20T10:30:00,2026-08-20,OTA Aggregator,Air India Express,DEL,CCU,DEL-CCU,0.113,2026-08-21,T+1,Economy,6750.0,1330.0,600.0,300.0,8980.0,INR,Available,False
2026-08-20T10:30:00,2026-08-20,OTA Aggregator,Air India Express,DEL,CCU,DEL-CCU,0.113,2026-08-27,T+7,Economy,5470.0,1090.0,560.0,300.0,7420.0,INR,Available,False
2026-08-20T10:30:00,2026-08-20,OTA Aggregator,Air India Express,DEL,CCU,DEL-CCU,0.113,2026-09-04,T+15,Economy,4420.0,860.0,450.0,300.0,6030.0,INR,Available,False
2026-08-20T10:30:00,2026-08-20,OTA Aggregator,Air India Express,DEL,CCU,DEL-CCU,0.113,2026-09-19,T+30,Economy,3910.0,770.0,460.0,300.0,5440.0,INR,Available,False
2026-08-20T10:30:00,2026-08-20,OTA Aggregator,Air India Express,DEL,CCU,DEL-CCU,0.113,2026-10-04,T+45,Economy,3560.0,710.0,430.0,300.0,5000.0,INR,Available,False
2026-08-20T10:30:00,2026-08-20,OTA Aggregator,Akasa Air,DEL,CCU,DEL-CCU,0.113,2026-08-21,T+1,Economy,6800.0,1230.0,620.0,300.0,8950.0,INR,Available,False
2026-08-20T10:30:00,2026-08-20,OTA Aggregator,Akasa Air,DEL,CCU,DEL-CCU,0.113,2026-08-27,T+7,Economy,5700.0,1030.0,520.0,300.0,7550.0,INR,Available,False
2026-08-20T10:30:00,2026-08-20,OTA Aggregator,Akasa Air,DEL,CCU,DEL-CCU,0.113,2026-09-04,T+15,Economy,4730.0,950.0,440.0,300.0,6420.0,INR,Available,False
2026-08-20T10:30:00,2026-08-20,OTA Aggregator,Akasa Air,DEL,CCU,DEL-CCU,0.113,2026-09-19,T+30,Economy,3840.0,840.0,420.0,300.0,5400.0,INR,Available,False
2026-08-20T10:30:00,2026-08-20,OTA Aggregator,Akasa Air,DEL,CCU,DEL-CCU,0.113,2026-10-04,T+45,Economy,3640.0,710.0,390.0,300.0,5040.0,INR,Available,False
2026-08-20T10:30:00,2026-08-20,OTA Aggregator,SpiceJet,DEL,CCU,DEL-CCU,0.113,2026-08-21,T+1,Economy,7110.0,1240.0,620.0,250.0,9220.0,INR,Available,False
2026-08-20T10:30:00,2026-08-20,OTA Aggregator,SpiceJet,DEL,CCU,DEL-CCU,0.113,2026-08-27,T+7,Economy,5360.0,1020.0,530.0,250.0,7160.0,INR,Available,False
2026-08-20T10:30:00,2026-08-20,OTA Aggregator,SpiceJet,DEL,CCU,DEL-CCU,0.113,2026-09-04,T+15,Economy,4540.0,850.0,480.0,250.0,6120.0,INR,Available,False
2026-08-20T10:30:00,2026-08-20,OTA Aggregator,SpiceJet,DEL,CCU,DEL-CCU,0.113,2026-09-19,T+30,Economy,3800.0,710.0,360.0,250.0,5120.0,INR,Available,False
2026-08-20T10:30:00,2026-08-20,OTA Aggregator,SpiceJet,DEL,CCU,DEL-CCU,0.113,2026-10-04,T+45,Economy,3800.0,770.0,370.0,250.0,5190.0,INR,Available,False
2026-08-20T10:30:00,2026-08-20,Airline Direct,IndiGo,BLR,HYD,BLR-HYD,0.098,2026-08-21,T+1,Economy,5850.0,1070.0,550.0,250.0,7720.0,INR,Available,False
2026-08-20T10:30:00,2026-08-20,Airline Direct,IndiGo,BLR,HYD,BLR-HYD,0.098,2026-08-27,T+7,Economy,4080.0,840.0,460.0,250.0,5630.0,INR,Available,False
2026-08-20T10:30:00,2026-08-20,Airline Direct,IndiGo,BLR,HYD,BLR-HYD,0.098,2026-09-04,T+15,Economy,3700.0,750.0,380.0,250.0,5080.0,INR,Available,False
2026-08-20T10:30:00,2026-08-20,Airline Direct,IndiGo,BLR,HYD,BLR-HYD,0.098,2026-09-19,T+30,Economy,3360.0,770.0,320.0,250.0,4700.0,INR,Available,False
2026-08-20T10:30:00,2026-08-20,Airline Direct,IndiGo,BLR,HYD,BLR-HYD,0.098,2026-10-04,T+45,Economy,2910.0,660.0,330.0,250.0,4150.0,INR,Available,False
2026-08-20T10:30:00,2026-08-20,Airline Direct,Air India,BLR,HYD,BLR-HYD,0.098,2026-08-21,T+1,Economy,6020.0,1100.0,620.0,300.0,8040.0,INR,Available,False
2026-08-20T10:30:00,2026-08-20,Airline Direct,Air India,BLR,HYD,BLR-HYD,0.098,2026-08-27,T+7,Economy,4280.0,800.0,460.0,300.0,5840.0,INR,Available,False
2026-08-20T10:30:00,2026-08-20,Airline Direct,Air India,BLR,HYD,BLR-HYD,0.098,2026-09-04,T+15,Economy,4120.0,860.0,440.0,300.0,5720.0,INR,Available,False
2026-08-20T10:30:00,2026-08-20,Airline Direct,Air India,BLR,HYD,BLR-HYD,0.098,2026-09-19,T+30,Economy,3100.0,680.0,320.0,300.0,4400.0,INR,Available,False
2026-08-20T10:30:00,2026-08-20,Airline Direct,Air India,BLR,HYD,BLR-HYD,0.098,2026-10-04,T+45,Economy,3210.0,750.0,370.0,300.0,4630.0,INR,Available,False
2026-08-20T10:30:00,2026-08-20,OTA Aggregator,Air India Express,BLR,HYD,BLR-HYD,0.098,2026-08-21,T+1,Economy,5030.0,930.0,480.0,300.0,6740.0,INR,Available,False
2026-08-20T10:30:00,2026-08-20,OTA Aggregator,Air India Express,BLR,HYD,BLR-HYD,0.098,2026-08-27,T+7,Economy,3690.0,790.0,380.0,300.0,5160.0,INR,Available,False
2026-08-20T10:30:00,2026-08-20,OTA Aggregator,Air India Express,BLR,HYD,BLR-HYD,0.098,2026-09-04,T+15,Economy,3320.0,750.0,320.0,300.0,4690.0,INR,Available,False
2026-08-20T10:30:00,2026-08-20,OTA Aggregator,Air India Express,BLR,HYD,BLR-HYD,0.098,2026-09-19,T+30,Economy,2960.0,580.0,380.0,300.0,4220.0,INR,Available,False
2026-08-20T10:30:00,2026-08-20,OTA Aggregator,Air India Express,BLR,HYD,BLR-HYD,0.098,2026-10-04,T+45,Economy,2520.0,540.0,310.0,300.0,3670.0,INR,Available,False
2026-08-20T10:30:00,2026-08-20,OTA Aggregator,Akasa Air,BLR,HYD,BLR-HYD,0.098,2026-08-21,T+1,Economy,5410.0,1110.0,580.0,300.0,7400.0,INR,Available,False
2026-08-20T10:30:00,2026-08-20,OTA Aggregator,Akasa Air,BLR,HYD,BLR-HYD,0.098,2026-08-27,T+7,Economy,3910.0,800.0,430.0,300.0,5440.0,INR,Available,False
2026-08-20T10:30:00,2026-08-20,OTA Aggregator,Akasa Air,BLR,HYD,BLR-HYD,0.098,2026-09-04,T+15,Economy,3680.0,700.0,380.0,300.0,5060.0,INR,Available,False
2026-08-20T10:30:00,2026-08-20,OTA Aggregator,Akasa Air,BLR,HYD,BLR-HYD,0.098,2026-09-19,T+30,Economy,2980.0,690.0,340.0,300.0,4310.0,INR,Available,False
2026-08-20T10:30:00,2026-08-20,OTA Aggregator,Akasa Air,BLR,HYD,BLR-HYD,0.098,2026-10-04,T+45,Economy,2610.0,570.0,270.0,300.0,3750.0,INR,Available,False
2026-08-20T10:30:00,2026-08-20,OTA Aggregator,SpiceJet,BLR,HYD,BLR-HYD,0.098,2026-08-21,T+1,Economy,5020.0,1050.0,460.0,250.0,6780.0,INR,Available,False
2026-08-20T10:30:00,2026-08-20,OTA Aggregator,SpiceJet,BLR,HYD,BLR-HYD,0.098,2026-08-27,T+7,Economy,4170.0,800.0,430.0,250.0,5650.0,INR,Available,False
2026-08-20T10:30:00,2026-08-20,OTA Aggregator,SpiceJet,BLR,HYD,BLR-HYD,0.098,2026-09-04,T+15,Economy,3470.0,800.0,340.0,250.0,4860.0,INR,Available,False
2026-08-20T10:30:00,2026-08-20,OTA Aggregator,SpiceJet,BLR,HYD,BLR-HYD,0.098,2026-09-19,T+30,Economy,3130.0,610.0,390.0,250.0,4380.0,INR,Available,False
2026-08-20T10:30:00,2026-08-20,OTA Aggregator,SpiceJet,BLR,HYD,BLR-HYD,0.098,2026-10-04,T+45,Economy,2790.0,690.0,340.0,250.0,4070.0,INR,Available,False
2026-08-20T10:30:00,2026-08-20,Airline Direct,IndiGo,MAA,DEL,MAA-DEL,0.086,2026-08-21,T+1,Economy,8280.0,1540.0,770.0,250.0,10840.0,INR,Available,False
2026-08-20T10:30:00,2026-08-20,Airline Direct,IndiGo,MAA,DEL,MAA-DEL,0.086,2026-08-27,T+7,Economy,6530.0,1190.0,630.0,250.0,8600.0,INR,Available,False
2026-08-20T10:30:00,2026-08-20,Airline Direct,IndiGo,MAA,DEL,MAA-DEL,0.086,2026-09-04,T+15,Economy,5730.0,1100.0,590.0,250.0,7670.0,INR,Available,False
2026-08-20T10:30:00,2026-08-20,Airline Direct,IndiGo,MAA,DEL,MAA-DEL,0.086,2026-09-19,T+30,Economy,4760.0,980.0,440.0,250.0,6430.0,INR,Available,False
2026-08-20T10:30:00,2026-08-20,Airline Direct,IndiGo,MAA,DEL,MAA-DEL,0.086,2026-10-04,T+45,Economy,4430.0,930.0,440.0,250.0,6050.0,INR,Available,False
2026-08-20T10:30:00,2026-08-20,Airline Direct,Air India,MAA,DEL,MAA-DEL,0.086,2026-08-21,T+1,Economy,8980.0,1550.0,860.0,300.0,11690.0,INR,Available,False
2026-08-20T10:30:00,2026-08-20,Airline Direct,Air India,MAA,DEL,MAA-DEL,0.086,2026-08-27,T+7,Economy,6860.0,1210.0,690.0,300.0,9060.0,INR,Available,False
2026-08-20T10:30:00,2026-08-20,Airline Direct,Air India,MAA,DEL,MAA-DEL,0.086,2026-09-04,T+15,Economy,5710.0,1070.0,580.0,300.0,7660.0,INR,Available,False
2026-08-20T10:30:00,2026-08-20,Airline Direct,Air India,MAA,DEL,MAA-DEL,0.086,2026-09-19,T+30,Economy,5370.0,1050.0,550.0,300.0,7270.0,INR,Available,False
2026-08-20T10:30:00,2026-08-20,Airline Direct,Air India,MAA,DEL,MAA-DEL,0.086,2026-10-04,T+45,Economy,4690.0,1000.0,450.0,300.0,6440.0,INR,Available,False
2026-08-20T10:30:00,2026-08-20,OTA Aggregator,Air India Express,MAA,DEL,MAA-DEL,0.086,2026-08-21,T+1,Economy,7020.0,1270.0,690.0,300.0,9280.0,INR,Available,False
2026-08-20T10:30:00,2026-08-20,OTA Aggregator,Air India Express,MAA,DEL,MAA-DEL,0.086,2026-08-27,T+7,Economy,5760.0,1030.0,510.0,300.0,7600.0,INR,Available,False
2026-08-20T10:30:00,2026-08-20,OTA Aggregator,Air India Express,MAA,DEL,MAA-DEL,0.086,2026-09-04,T+15,Economy,5220.0,1000.0,510.0,300.0,7030.0,INR,Available,False
2026-08-20T10:30:00,2026-08-20,OTA Aggregator,Air India Express,MAA,DEL,MAA-DEL,0.086,2026-09-19,T+30,Economy,4380.0,840.0,490.0,300.0,6010.0,INR,Available,False
2026-08-20T10:30:00,2026-08-20,OTA Aggregator,Air India Express,MAA,DEL,MAA-DEL,0.086,2026-10-04,T+45,Economy,4080.0,830.0,440.0,300.0,5650.0,INR,Available,False
2026-08-20T10:30:00,2026-08-20,OTA Aggregator,Akasa Air,MAA,DEL,MAA-DEL,0.086,2026-08-21,T+1,Economy,7780.0,1430.0,710.0,300.0,10220.0,INR,Available,False
2026-08-20T10:30:00,2026-08-20,OTA Aggregator,Akasa Air,MAA,DEL,MAA-DEL,0.086,2026-08-27,T+7,Economy,5880.0,1130.0,610.0,300.0,7920.0,INR,Available,False
2026-08-20T10:30:00,2026-08-20,OTA Aggregator,Akasa Air,MAA,DEL,MAA-DEL,0.086,2026-09-04,T+15,Economy,5160.0,1070.0,480.0,300.0,7010.0,INR,Available,False
2026-08-20T10:30:00,2026-08-20,OTA Aggregator,Akasa Air,MAA,DEL,MAA-DEL,0.086,2026-09-19,T+30,Economy,4200.0,880.0,450.0,300.0,5830.0,INR,Available,False
2026-08-20T10:30:00,2026-08-20,OTA Aggregator,Akasa Air,MAA,DEL,MAA-DEL,0.086,2026-10-04,T+45,Economy,3960.0,780.0,440.0,300.0,5480.0,INR,Available,False
2026-08-20T10:30:00,2026-08-20,OTA Aggregator,SpiceJet,MAA,DEL,MAA-DEL,0.086,2026-08-21,T+1,Economy,8390.0,1510.0,740.0,250.0,10890.0,INR,Available,False
2026-08-20T10:30:00,2026-08-20,OTA Aggregator,SpiceJet,MAA,DEL,MAA-DEL,0.086,2026-08-27,T+7,Economy,6280.0,1130.0,610.0,250.0,8270.0,INR,Available,False
2026-08-20T10:30:00,2026-08-20,OTA Aggregator,SpiceJet,MAA,DEL,MAA-DEL,0.086,2026-09-04,T+15,Economy,5250.0,970.0,550.0,250.0,7020.0,INR,Available,False
2026-08-20T10:30:00,2026-08-20,OTA Aggregator,SpiceJet,MAA,DEL,MAA-DEL,0.086,2026-09-19,T+30,Economy,4530.0,960.0,430.0,250.0,6170.0,INR,Available,False
2026-08-20T10:30:00,2026-08-20,OTA Aggregator,SpiceJet,MAA,DEL,MAA-DEL,0.086,2026-10-04,T+45,Economy,4250.0,870.0,490.0,250.0,5860.0,INR,Available,False
2026-08-20T10:30:00,2026-08-20,Airline Direct,IndiGo,BOM,DEL,BOM-DEL,0.135,2026-08-21,T+1,Economy,9030.0,1620.0,850.0,250.0,11750.0,INR,Available,False
2026-08-20T10:30:00,2026-08-20,Airline Direct,IndiGo,BOM,DEL,BOM-DEL,0.135,2026-08-27,T+7,Economy,7080.0,1260.0,680.0,250.0,9270.0,INR,Available,False
2026-08-20T10:30:00,2026-08-20,Airline Direct,IndiGo,BOM,DEL,BOM-DEL,0.135,2026-09-04,T+15,Economy,5850.0,1140.0,560.0,250.0,7800.0,INR,Available,False
2026-08-20T10:30:00,2026-08-20,Airline Direct,IndiGo,BOM,DEL,BOM-DEL,0.135,2026-09-19,T+30,Economy,5060.0,1030.0,470.0,250.0,6810.0,INR,Available,False
2026-08-20T10:30:00,2026-08-20,Airline Direct,IndiGo,BOM,DEL,BOM-DEL,0.135,2026-10-04,T+45,Economy,4970.0,1020.0,470.0,250.0,6710.0,INR,Available,False
2026-08-20T10:30:00,2026-08-20,Airline Direct,Air India,BOM,DEL,BOM-DEL,0.135,2026-08-21,T+1,Economy,9630.0,1720.0,840.0,300.0,12490.0,INR,Available,False
2026-08-20T10:30:00,2026-08-20,Airline Direct,Air India,BOM,DEL,BOM-DEL,0.135,2026-08-27,T+7,Economy,7880.0,1380.0,730.0,300.0,10290.0,INR,Available,False
2026-08-20T10:30:00,2026-08-20,Airline Direct,Air India,BOM,DEL,BOM-DEL,0.135,2026-09-04,T+15,Economy,6730.0,1290.0,620.0,300.0,8940.0,INR,Available,False
2026-08-20T10:30:00,2026-08-20,Airline Direct,Air India,BOM,DEL,BOM-DEL,0.135,2026-09-19,T+30,Economy,5620.0,1090.0,510.0,300.0,7520.0,INR,Available,False
2026-08-20T10:30:00,2026-08-20,Airline Direct,Air India,BOM,DEL,BOM-DEL,0.135,2026-10-04,T+45,Economy,5290.0,1070.0,510.0,300.0,7170.0,INR,Available,False
2026-08-20T10:30:00,2026-08-20,OTA Aggregator,Air India Express,BOM,DEL,BOM-DEL,0.135,2026-08-21,T+1,Economy,10950.0,1910.0,960.0,300.0,14120.0,INR,Available,True
2026-08-20T10:30:00,2026-08-20,OTA Aggregator,Air India Express,BOM,DEL,BOM-DEL,0.135,2026-08-27,T+7,Economy,6470.0,1180.0,660.0,300.0,8610.0,INR,Available,False
2026-08-20T10:30:00,2026-08-20,OTA Aggregator,Air India Express,BOM,DEL,BOM-DEL,0.135,2026-09-04,T+15,Economy,5650.0,1140.0,530.0,300.0,7620.0,INR,Available,False
2026-08-20T10:30:00,2026-08-20,OTA Aggregator,Air India Express,BOM,DEL,BOM-DEL,0.135,2026-09-19,T+30,Economy,5180.0,1010.0,510.0,300.0,7000.0,INR,Available,False
2026-08-20T10:30:00,2026-08-20,OTA Aggregator,Air India Express,BOM,DEL,BOM-DEL,0.135,2026-10-04,T+45,Economy,4010.0,770.0,450.0,300.0,5530.0,INR,Available,False
2026-08-20T10:30:00,2026-08-20,OTA Aggregator,Akasa Air,BOM,DEL,BOM-DEL,0.135,2026-08-21,T+1,Economy,8500.0,1600.0,760.0,300.0,11160.0,INR,Available,False
2026-08-20T10:30:00,2026-08-20,OTA Aggregator,Akasa Air,BOM,DEL,BOM-DEL,0.135,2026-08-27,T+7,Economy,6820.0,1290.0,680.0,300.0,9090.0,INR,Available,False
2026-08-20T10:30:00,2026-08-20,OTA Aggregator,Akasa Air,BOM,DEL,BOM-DEL,0.135,2026-09-04,T+15,Economy,5760.0,1150.0,550.0,300.0,7760.0,INR,Available,False
2026-08-20T10:30:00,2026-08-20,OTA Aggregator,Akasa Air,BOM,DEL,BOM-DEL,0.135,2026-09-19,T+30,Economy,4790.0,950.0,460.0,300.0,6500.0,INR,Available,False
2026-08-20T10:30:00,2026-08-20,OTA Aggregator,Akasa Air,BOM,DEL,BOM-DEL,0.135,2026-10-04,T+45,Economy,4630.0,950.0,470.0,300.0,6350.0,INR,Available,False
2026-08-20T10:30:00,2026-08-20,OTA Aggregator,SpiceJet,BOM,DEL,BOM-DEL,0.135,2026-08-21,T+1,Economy,8410.0,1460.0,730.0,250.0,10850.0,INR,Available,False
2026-08-20T10:30:00,2026-08-20,OTA Aggregator,SpiceJet,BOM,DEL,BOM-DEL,0.135,2026-08-27,T+7,Economy,6720.0,1210.0,680.0,250.0,8860.0,INR,Available,False
2026-08-20T10:30:00,2026-08-20,OTA Aggregator,SpiceJet,BOM,DEL,BOM-DEL,0.135,2026-09-04,T+15,Economy,5790.0,1170.0,530.0,250.0,7740.0,INR,Available,False
2026-08-20T10:30:00,2026-08-20,OTA Aggregator,SpiceJet,BOM,DEL,BOM-DEL,0.135,2026-09-19,T+30,Economy,5150.0,940.0,470.0,250.0,6810.0,INR,Available,False
2026-08-20T10:30:00,2026-08-20,OTA Aggregator,SpiceJet,BOM,DEL,BOM-DEL,0.135,2026-10-04,T+45,Economy,4910.0,940.0,540.0,250.0,6640.0,INR,Available,False
2026-08-20T10:30:00,2026-08-20,Airline Direct,IndiGo,HYD,DEL,HYD-DEL,0.105,2026-08-21,T+1,Economy,7040.0,1250.0,660.0,250.0,9200.0,INR,Available,False
2026-08-20T10:30:00,2026-08-20,Airline Direct,IndiGo,HYD,DEL,HYD-DEL,0.105,2026-08-27,T+7,Economy,5540.0,1060.0,550.0,250.0,7400.0,INR,Available,False
2026-08-20T10:30:00,2026-08-20,Airline Direct,IndiGo,HYD,DEL,HYD-DEL,0.105,2026-09-04,T+15,Economy,4650.0,880.0,490.0,250.0,6270.0,INR,Available,False
2026-08-20T10:30:00,2026-08-20,Airline Direct,IndiGo,HYD,DEL,HYD-DEL,0.105,2026-09-19,T+30,Economy,4000.0,780.0,470.0,250.0,5500.0,INR,Available,False
2026-08-20T10:30:00,2026-08-20,Airline Direct,IndiGo,HYD,DEL,HYD-DEL,0.105,2026-10-04,T+45,Economy,3780.0,780.0,390.0,250.0,5200.0,INR,Available,False
2026-08-20T10:30:00,2026-08-20,Airline Direct,Air India,HYD,DEL,HYD-DEL,0.105,2026-08-21,T+1,Economy,7360.0,1370.0,730.0,300.0,9760.0,INR,Available,False
2026-08-20T10:30:00,2026-08-20,Airline Direct,Air India,HYD,DEL,HYD-DEL,0.105,2026-08-27,T+7,Economy,5650.0,1040.0,510.0,300.0,7500.0,INR,Available,False
2026-08-20T10:30:00,2026-08-20,Airline Direct,Air India,HYD,DEL,HYD-DEL,0.105,2026-09-04,T+15,Economy,4940.0,1040.0,510.0,300.0,6790.0,INR,Available,False
2026-08-20T10:30:00,2026-08-20,Airline Direct,Air India,HYD,DEL,HYD-DEL,0.105,2026-09-19,T+30,Economy,4260.0,830.0,480.0,300.0,5870.0,INR,Available,False
2026-08-20T10:30:00,2026-08-20,Airline Direct,Air India,HYD,DEL,HYD-DEL,0.105,2026-10-04,T+45,Economy,3870.0,740.0,380.0,300.0,5290.0,INR,Available,False
2026-08-20T10:30:00,2026-08-20,OTA Aggregator,Air India Express,HYD,DEL,HYD-DEL,0.105,2026-08-21,T+1,Economy,6600.0,1220.0,610.0,300.0,8730.0,INR,Available,False
2026-08-20T10:30:00,2026-08-20,OTA Aggregator,Air India Express,HYD,DEL,HYD-DEL,0.105,2026-08-27,T+7,Economy,5020.0,1050.0,530.0,300.0,6900.0,INR,Available,False
2026-08-20T10:30:00,2026-08-20,OTA Aggregator,Air India Express,HYD,DEL,HYD-DEL,0.105,2026-09-04,T+15,Economy,4110.0,800.0,400.0,300.0,5610.0,INR,Available,False
2026-08-20T10:30:00,2026-08-20,OTA Aggregator,Air India Express,HYD,DEL,HYD-DEL,0.105,2026-09-19,T+30,Economy,3600.0,760.0,400.0,300.0,5060.0,INR,Available,False
2026-08-20T10:30:00,2026-08-20,OTA Aggregator,Air India Express,HYD,DEL,HYD-DEL,0.105,2026-10-04,T+45,Economy,3320.0,740.0,380.0,300.0,4740.0,INR,Available,False
2026-08-20T10:30:00,2026-08-20,OTA Aggregator,Akasa Air,HYD,DEL,HYD-DEL,0.105,2026-08-21,T+1,Economy,6310.0,1160.0,580.0,300.0,8350.0,INR,Available,False
2026-08-20T10:30:00,2026-08-20,OTA Aggregator,Akasa Air,HYD,DEL,HYD-DEL,0.105,2026-08-27,T+7,Economy,4830.0,930.0,460.0,300.0,6520.0,INR,Available,False
2026-08-20T10:30:00,2026-08-20,OTA Aggregator,Akasa Air,HYD,DEL,HYD-DEL,0.105,2026-09-04,T+15,Economy,4230.0,790.0,460.0,300.0,5780.0,INR,Available,False
2026-08-20T10:30:00,2026-08-20,OTA Aggregator,Akasa Air,HYD,DEL,HYD-DEL,0.105,2026-09-19,T+30,Economy,3800.0,740.0,390.0,300.0,5230.0,INR,Available,False
2026-08-20T10:30:00,2026-08-20,OTA Aggregator,Akasa Air,HYD,DEL,HYD-DEL,0.105,2026-10-04,T+45,Economy,3510.0,690.0,360.0,300.0,4860.0,INR,Available,False
2026-08-20T10:30:00,2026-08-20,OTA Aggregator,SpiceJet,HYD,DEL,HYD-DEL,0.105,2026-08-21,T+1,Economy,6810.0,1200.0,690.0,250.0,8950.0,INR,Available,False
2026-08-20T10:30:00,2026-08-20,OTA Aggregator,SpiceJet,HYD,DEL,HYD-DEL,0.105,2026-08-27,T+7,Economy,5250.0,1050.0,550.0,250.0,7100.0,INR,Available,False
2026-08-20T10:30:00,2026-08-20,OTA Aggregator,SpiceJet,HYD,DEL,HYD-DEL,0.105,2026-09-04,T+15,Economy,4700.0,970.0,430.0,250.0,6350.0,INR,Available,False
2026-08-20T10:30:00,2026-08-20,OTA Aggregator,SpiceJet,HYD,DEL,HYD-DEL,0.105,2026-09-19,T+30,Economy,3890.0,780.0,460.0,250.0,5380.0,INR,Available,False
2026-08-20T10:30:00,2026-08-20,OTA Aggregator,SpiceJet,HYD,DEL,HYD-DEL,0.105,2026-10-04,T+45,Economy,3380.0,740.0,420.0,250.0,4790.0,INR,Available,False
2026-08-21T10:30:00,2026-08-21,Airline Direct,IndiGo,DEL,BOM,DEL-BOM,0.182,2026-08-22,T+1,Economy,9810.0,1820.0,850.0,300.0,12780.0,INR,Available,False
2026-08-21T10:30:00,2026-08-21,Airline Direct,IndiGo,DEL,BOM,DEL-BOM,0.182,2026-08-28,T+7,Economy,7390.0,1360.0,720.0,300.0,9770.0,INR,Available,False
2026-08-21T10:30:00,2026-08-21,Airline Direct,IndiGo,DEL,BOM,DEL-BOM,0.182,2026-09-05,T+15,Economy,6100.0,1220.0,580.0,300.0,8200.0,INR,Available,False
2026-08-21T10:30:00,2026-08-21,Airline Direct,IndiGo,DEL,BOM,DEL-BOM,0.182,2026-09-20,T+30,Economy,5050.0,1000.0,460.0,300.0,6810.0,INR,Available,False
2026-08-21T10:30:00,2026-08-21,Airline Direct,IndiGo,DEL,BOM,DEL-BOM,0.182,2026-10-05,T+45,Economy,5170.0,990.0,470.0,300.0,6930.0,INR,Available,False
2026-08-21T10:30:00,2026-08-21,Airline Direct,Air India,DEL,BOM,DEL-BOM,0.182,2026-08-22,T+1,Economy,10820.0,1830.0,920.0,250.0,13820.0,INR,Available,False
2026-08-21T10:30:00,2026-08-21,Airline Direct,Air India,DEL,BOM,DEL-BOM,0.182,2026-08-28,T+7,Economy,7730.0,1370.0,730.0,250.0,10080.0,INR,Available,False
2026-08-21T10:30:00,2026-08-21,Airline Direct,Air India,DEL,BOM,DEL-BOM,0.182,2026-09-05,T+15,Economy,6980.0,1220.0,640.0,250.0,9090.0,INR,Available,False
2026-08-21T10:30:00,2026-08-21,Airline Direct,Air India,DEL,BOM,DEL-BOM,0.182,2026-09-20,T+30,Economy,6030.0,1160.0,600.0,250.0,8040.0,INR,Available,False
2026-08-21T10:30:00,2026-08-21,Airline Direct,Air India,DEL,BOM,DEL-BOM,0.182,2026-10-05,T+45,Economy,5280.0,980.0,480.0,250.0,6990.0,INR,Available,False
2026-08-21T10:30:00,2026-08-21,OTA Aggregator,Air India Express,DEL,BOM,DEL-BOM,0.182,2026-08-22,T+1,Economy,8870.0,1550.0,790.0,250.0,11460.0,INR,Available,False
2026-08-21T10:30:00,2026-08-21,OTA Aggregator,Air India Express,DEL,BOM,DEL-BOM,0.182,2026-08-28,T+7,Economy,6690.0,1190.0,650.0,250.0,8780.0,INR,Available,False
2026-08-21T10:30:00,2026-08-21,OTA Aggregator,Air India Express,DEL,BOM,DEL-BOM,0.182,2026-09-05,T+15,Economy,6080.0,1200.0,590.0,250.0,8120.0,INR,Available,False
2026-08-21T10:30:00,2026-08-21,OTA Aggregator,Air India Express,DEL,BOM,DEL-BOM,0.182,2026-09-20,T+30,Economy,5340.0,970.0,510.0,250.0,7070.0,INR,Available,False
2026-08-21T10:30:00,2026-08-21,OTA Aggregator,Air India Express,DEL,BOM,DEL-BOM,0.182,2026-10-05,T+45,Economy,4860.0,960.0,510.0,250.0,6580.0,INR,Available,False
2026-08-21T10:30:00,2026-08-21,OTA Aggregator,Akasa Air,DEL,BOM,DEL-BOM,0.182,2026-08-22,T+1,Economy,9610.0,1770.0,880.0,250.0,12510.0,INR,Available,False
2026-08-21T10:30:00,2026-08-21,OTA Aggregator,Akasa Air,DEL,BOM,DEL-BOM,0.182,2026-08-28,T+7,Economy,6850.0,1300.0,690.0,250.0,9090.0,INR,Available,False
2026-08-21T10:30:00,2026-08-21,OTA Aggregator,Akasa Air,DEL,BOM,DEL-BOM,0.182,2026-09-05,T+15,Economy,6150.0,1140.0,620.0,250.0,8160.0,INR,Available,False
2026-08-21T10:30:00,2026-08-21,OTA Aggregator,Akasa Air,DEL,BOM,DEL-BOM,0.182,2026-09-20,T+30,Economy,5170.0,1010.0,480.0,250.0,6910.0,INR,Available,False
2026-08-21T10:30:00,2026-08-21,OTA Aggregator,Akasa Air,DEL,BOM,DEL-BOM,0.182,2026-10-05,T+45,Economy,4800.0,1010.0,520.0,250.0,6580.0,INR,Available,False
2026-08-21T10:30:00,2026-08-21,OTA Aggregator,SpiceJet,DEL,BOM,DEL-BOM,0.182,2026-08-22,T+1,Economy,10920.0,1930.0,960.0,300.0,14110.0,INR,Available,True
2026-08-21T10:30:00,2026-08-21,OTA Aggregator,SpiceJet,DEL,BOM,DEL-BOM,0.182,2026-08-28,T+7,Economy,7440.0,1310.0,730.0,300.0,9780.0,INR,Available,False
2026-08-21T10:30:00,2026-08-21,OTA Aggregator,SpiceJet,DEL,BOM,DEL-BOM,0.182,2026-09-05,T+15,Economy,6140.0,1210.0,560.0,300.0,8210.0,INR,Available,False
2026-08-21T10:30:00,2026-08-21,OTA Aggregator,SpiceJet,DEL,BOM,DEL-BOM,0.182,2026-09-20,T+30,Economy,5360.0,1000.0,500.0,300.0,7160.0,INR,Available,False
2026-08-21T10:30:00,2026-08-21,OTA Aggregator,SpiceJet,DEL,BOM,DEL-BOM,0.182,2026-10-05,T+45,Economy,5000.0,1000.0,490.0,300.0,6790.0,INR,Available,False
2026-08-21T10:30:00,2026-08-21,Airline Direct,IndiGo,DEL,BLR,DEL-BLR,0.154,2026-08-22,T+1,Economy,9260.0,1590.0,790.0,300.0,11940.0,INR,Available,False
2026-08-21T10:30:00,2026-08-21,Airline Direct,IndiGo,DEL,BLR,DEL-BLR,0.154,2026-08-28,T+7,Economy,6910.0,1290.0,660.0,300.0,9160.0,INR,Available,False
2026-08-21T10:30:00,2026-08-21,Airline Direct,IndiGo,DEL,BLR,DEL-BLR,0.154,2026-09-05,T+15,Economy,6390.0,1160.0,610.0,300.0,8460.0,INR,Available,False
2026-08-21T10:30:00,2026-08-21,Airline Direct,IndiGo,DEL,BLR,DEL-BLR,0.154,2026-09-20,T+30,Economy,4800.0,990.0,480.0,300.0,6570.0,INR,Available,False
2026-08-21T10:30:00,2026-08-21,Airline Direct,IndiGo,DEL,BLR,DEL-BLR,0.154,2026-10-05,T+45,Economy,4700.0,940.0,520.0,300.0,6460.0,INR,Available,False
2026-08-21T10:30:00,2026-08-21,Airline Direct,Air India,DEL,BLR,DEL-BLR,0.154,2026-08-22,T+1,Economy,9570.0,1730.0,820.0,250.0,12370.0,INR,Available,False
2026-08-21T10:30:00,2026-08-21,Airline Direct,Air India,DEL,BLR,DEL-BLR,0.154,2026-08-28,T+7,Economy,7360.0,1300.0,650.0,250.0,9560.0,INR,Available,False
2026-08-21T10:30:00,2026-08-21,Airline Direct,Air India,DEL,BLR,DEL-BLR,0.154,2026-09-05,T+15,Economy,6800.0,1320.0,690.0,250.0,9060.0,INR,Available,False
2026-08-21T10:30:00,2026-08-21,Airline Direct,Air India,DEL,BLR,DEL-BLR,0.154,2026-09-20,T+30,Economy,5790.0,1060.0,540.0,250.0,7640.0,INR,Available,False
2026-08-21T10:30:00,2026-08-21,Airline Direct,Air India,DEL,BLR,DEL-BLR,0.154,2026-10-05,T+45,Economy,5060.0,1050.0,510.0,250.0,6870.0,INR,Available,False
2026-08-21T10:30:00,2026-08-21,OTA Aggregator,Air India Express,DEL,BLR,DEL-BLR,0.154,2026-08-22,T+1,Economy,8040.0,1460.0,700.0,250.0,10450.0,INR,Available,False
2026-08-21T10:30:00,2026-08-21,OTA Aggregator,Air India Express,DEL,BLR,DEL-BLR,0.154,2026-08-28,T+7,Economy,6500.0,1250.0,590.0,250.0,8590.0,INR,Available,False
2026-08-21T10:30:00,2026-08-21,OTA Aggregator,Air India Express,DEL,BLR,DEL-BLR,0.154,2026-09-05,T+15,Economy,5390.0,1070.0,560.0,250.0,7270.0,INR,Available,False
2026-08-21T10:30:00,2026-08-21,OTA Aggregator,Air India Express,DEL,BLR,DEL-BLR,0.154,2026-09-20,T+30,Economy,5060.0,970.0,520.0,250.0,6800.0,INR,Available,False
2026-08-21T10:30:00,2026-08-21,OTA Aggregator,Air India Express,DEL,BLR,DEL-BLR,0.154,2026-10-05,T+45,Economy,4340.0,910.0,500.0,250.0,6000.0,INR,Available,False
2026-08-21T10:30:00,2026-08-21,OTA Aggregator,Akasa Air,DEL,BLR,DEL-BLR,0.154,2026-08-22,T+1,Economy,8290.0,1460.0,780.0,250.0,10780.0,INR,Available,False
2026-08-21T10:30:00,2026-08-21,OTA Aggregator,Akasa Air,DEL,BLR,DEL-BLR,0.154,2026-08-28,T+7,Economy,6220.0,1230.0,590.0,250.0,8290.0,INR,Available,False
2026-08-21T10:30:00,2026-08-21,OTA Aggregator,Akasa Air,DEL,BLR,DEL-BLR,0.154,2026-09-05,T+15,Economy,5540.0,1050.0,520.0,250.0,7360.0,INR,Available,False
2026-08-21T10:30:00,2026-08-21,OTA Aggregator,Akasa Air,DEL,BLR,DEL-BLR,0.154,2026-09-20,T+30,Economy,4770.0,900.0,510.0,250.0,6430.0,INR,Available,False
2026-08-21T10:30:00,2026-08-21,OTA Aggregator,Akasa Air,DEL,BLR,DEL-BLR,0.154,2026-10-05,T+45,Economy,4520.0,940.0,440.0,250.0,6150.0,INR,Available,False
2026-08-21T10:30:00,2026-08-21,OTA Aggregator,SpiceJet,DEL,BLR,DEL-BLR,0.154,2026-08-22,T+1,Economy,8710.0,1590.0,810.0,300.0,11410.0,INR,Available,False
2026-08-21T10:30:00,2026-08-21,OTA Aggregator,SpiceJet,DEL,BLR,DEL-BLR,0.154,2026-08-28,T+7,Economy,6300.0,1230.0,630.0,300.0,8460.0,INR,Available,False
2026-08-21T10:30:00,2026-08-21,OTA Aggregator,SpiceJet,DEL,BLR,DEL-BLR,0.154,2026-09-05,T+15,Economy,5630.0,1050.0,510.0,300.0,7490.0,INR,Available,False
2026-08-21T10:30:00,2026-08-21,OTA Aggregator,SpiceJet,DEL,BLR,DEL-BLR,0.154,2026-09-20,T+30,Economy,4910.0,940.0,520.0,300.0,6670.0,INR,Available,False
2026-08-21T10:30:00,2026-08-21,OTA Aggregator,SpiceJet,DEL,BLR,DEL-BLR,0.154,2026-10-05,T+45,Economy,4630.0,880.0,500.0,300.0,6310.0,INR,Available,False
2026-08-21T10:30:00,2026-08-21,Airline Direct,IndiGo,BOM,BLR,BOM-BLR,0.127,2026-08-22,T+1,Economy,7520.0,1420.0,690.0,300.0,9930.0,INR,Available,False
2026-08-21T10:30:00,2026-08-21,Airline Direct,IndiGo,BOM,BLR,BOM-BLR,0.127,2026-08-28,T+7,Economy,6150.0,1120.0,590.0,300.0,8160.0,INR,Available,False
2026-08-21T10:30:00,2026-08-21,Airline Direct,IndiGo,BOM,BLR,BOM-BLR,0.127,2026-09-05,T+15,Economy,5130.0,950.0,530.0,300.0,6910.0,INR,Available,False
2026-08-21T10:30:00,2026-08-21,Airline Direct,IndiGo,BOM,BLR,BOM-BLR,0.127,2026-09-20,T+30,Economy,4530.0,890.0,470.0,300.0,6190.0,INR,Available,False
2026-08-21T10:30:00,2026-08-21,Airline Direct,IndiGo,BOM,BLR,BOM-BLR,0.127,2026-10-05,T+45,Economy,4090.0,880.0,450.0,300.0,5720.0,INR,Available,False
2026-08-21T10:30:00,2026-08-21,Airline Direct,Air India,BOM,BLR,BOM-BLR,0.127,2026-08-22,T+1,Economy,8880.0,1540.0,840.0,250.0,11510.0,INR,Available,False
2026-08-21T10:30:00,2026-08-21,Airline Direct,Air India,BOM,BLR,BOM-BLR,0.127,2026-08-28,T+7,Economy,6070.0,1180.0,610.0,250.0,8110.0,INR,Available,False
2026-08-21T10:30:00,2026-08-21,Airline Direct,Air India,BOM,BLR,BOM-BLR,0.127,2026-09-05,T+15,Economy,5480.0,1000.0,580.0,250.0,7310.0,INR,Available,False
2026-08-21T10:30:00,2026-08-21,Airline Direct,Air India,BOM,BLR,BOM-BLR,0.127,2026-09-20,T+30,Economy,4870.0,950.0,470.0,250.0,6540.0,INR,Available,False
2026-08-21T10:30:00,2026-08-21,Airline Direct,Air India,BOM,BLR,BOM-BLR,0.127,2026-10-05,T+45,Economy,4320.0,810.0,410.0,250.0,5790.0,INR,Available,False
2026-08-21T10:30:00,2026-08-21,OTA Aggregator,Air India Express,BOM,BLR,BOM-BLR,0.127,2026-08-22,T+1,Economy,7280.0,1280.0,640.0,250.0,9450.0,INR,Available,False
2026-08-21T10:30:00,2026-08-21,OTA Aggregator,Air India Express,BOM,BLR,BOM-BLR,0.127,2026-08-28,T+7,Economy,5880.0,1150.0,590.0,250.0,7870.0,INR,Available,False
2026-08-21T10:30:00,2026-08-21,OTA Aggregator,Air India Express,BOM,BLR,BOM-BLR,0.127,2026-09-05,T+15,Economy,4700.0,860.0,520.0,250.0,6330.0,INR,Available,False
2026-08-21T10:30:00,2026-08-21,OTA Aggregator,Air India Express,BOM,BLR,BOM-BLR,0.127,2026-09-20,T+30,Economy,3980.0,870.0,440.0,250.0,5540.0,INR,Available,False
2026-08-21T10:30:00,2026-08-21,OTA Aggregator,Air India Express,BOM,BLR,BOM-BLR,0.127,2026-10-05,T+45,Economy,3780.0,750.0,370.0,250.0,5150.0,INR,Available,False
2026-08-21T10:30:00,2026-08-21,OTA Aggregator,Akasa Air,BOM,BLR,BOM-BLR,0.127,2026-08-22,T+1,Economy,7600.0,1410.0,680.0,250.0,9940.0,INR,Available,False
2026-08-21T10:30:00,2026-08-21,OTA Aggregator,Akasa Air,BOM,BLR,BOM-BLR,0.127,2026-08-28,T+7,Economy,5570.0,1030.0,550.0,250.0,7400.0,INR,Available,False
2026-08-21T10:30:00,2026-08-21,OTA Aggregator,Akasa Air,BOM,BLR,BOM-BLR,0.127,2026-09-05,T+15,Economy,4500.0,960.0,480.0,250.0,6190.0,INR,Available,False
2026-08-21T10:30:00,2026-08-21,OTA Aggregator,Akasa Air,BOM,BLR,BOM-BLR,0.127,2026-09-20,T+30,Economy,4290.0,860.0,410.0,250.0,5810.0,INR,Available,False
2026-08-21T10:30:00,2026-08-21,OTA Aggregator,Akasa Air,BOM,BLR,BOM-BLR,0.127,2026-10-05,T+45,Economy,4070.0,890.0,400.0,250.0,5610.0,INR,Available,False
2026-08-21T10:30:00,2026-08-21,OTA Aggregator,SpiceJet,BOM,BLR,BOM-BLR,0.127,2026-08-22,T+1,Economy,7490.0,1350.0,650.0,300.0,9790.0,INR,Available,False
2026-08-21T10:30:00,2026-08-21,OTA Aggregator,SpiceJet,BOM,BLR,BOM-BLR,0.127,2026-08-28,T+7,Economy,5670.0,1030.0,520.0,300.0,7520.0,INR,Available,False
2026-08-21T10:30:00,2026-08-21,OTA Aggregator,SpiceJet,BOM,BLR,BOM-BLR,0.127,2026-09-05,T+15,Economy,4910.0,1010.0,480.0,300.0,6700.0,INR,Available,False
2026-08-21T10:30:00,2026-08-21,OTA Aggregator,SpiceJet,BOM,BLR,BOM-BLR,0.127,2026-09-20,T+30,Economy,4180.0,900.0,410.0,300.0,5790.0,INR,Available,False
2026-08-21T10:30:00,2026-08-21,OTA Aggregator,SpiceJet,BOM,BLR,BOM-BLR,0.127,2026-10-05,T+45,Economy,3790.0,800.0,400.0,300.0,5290.0,INR,Available,False
2026-08-21T10:30:00,2026-08-21,Airline Direct,IndiGo,DEL,CCU,DEL-CCU,0.113,2026-08-22,T+1,Economy,7250.0,1370.0,680.0,300.0,9600.0,INR,Available,False
2026-08-21T10:30:00,2026-08-21,Airline Direct,IndiGo,DEL,CCU,DEL-CCU,0.113,2026-08-28,T+7,Economy,5800.0,1070.0,550.0,300.0,7720.0,INR,Available,False
2026-08-21T10:30:00,2026-08-21,Airline Direct,IndiGo,DEL,CCU,DEL-CCU,0.113,2026-09-05,T+15,Economy,4870.0,990.0,500.0,300.0,6660.0,INR,Available,False
2026-08-21T10:30:00,2026-08-21,Airline Direct,IndiGo,DEL,CCU,DEL-CCU,0.113,2026-09-20,T+30,Economy,4140.0,830.0,420.0,300.0,5690.0,INR,Available,False
2026-08-21T10:30:00,2026-08-21,Airline Direct,IndiGo,DEL,CCU,DEL-CCU,0.113,2026-10-05,T+45,Economy,3720.0,720.0,440.0,300.0,5180.0,INR,Available,False
2026-08-21T10:30:00,2026-08-21,Airline Direct,Air India,DEL,CCU,DEL-CCU,0.113,2026-08-22,T+1,Economy,7920.0,1500.0,700.0,250.0,10370.0,INR,Available,False
2026-08-21T10:30:00,2026-08-21,Airline Direct,Air India,DEL,CCU,DEL-CCU,0.113,2026-08-28,T+7,Economy,6480.0,1170.0,620.0,250.0,8520.0,INR,Available,False
2026-08-21T10:30:00,2026-08-21,Airline Direct,Air India,DEL,CCU,DEL-CCU,0.113,2026-09-05,T+15,Economy,5220.0,990.0,500.0,250.0,6960.0,INR,Available,False
2026-08-21T10:30:00,2026-08-21,Airline Direct,Air India,DEL,CCU,DEL-CCU,0.113,2026-09-20,T+30,Economy,4600.0,860.0,500.0,250.0,6210.0,INR,Available,False
2026-08-21T10:30:00,2026-08-21,Airline Direct,Air India,DEL,CCU,DEL-CCU,0.113,2026-10-05,T+45,Economy,4160.0,910.0,470.0,250.0,5790.0,INR,Available,False
2026-08-21T10:30:00,2026-08-21,OTA Aggregator,Air India Express,DEL,CCU,DEL-CCU,0.113,2026-08-22,T+1,Economy,6900.0,1310.0,650.0,250.0,9110.0,INR,Available,False
2026-08-21T10:30:00,2026-08-21,OTA Aggregator,Air India Express,DEL,CCU,DEL-CCU,0.113,2026-08-28,T+7,Economy,5100.0,1020.0,460.0,250.0,6830.0,INR,Available,False
2026-08-21T10:30:00,2026-08-21,OTA Aggregator,Air India Express,DEL,CCU,DEL-CCU,0.113,2026-09-05,T+15,Economy,4460.0,940.0,490.0,250.0,6140.0,INR,Available,False
2026-08-21T10:30:00,2026-08-21,OTA Aggregator,Air India Express,DEL,CCU,DEL-CCU,0.113,2026-09-20,T+30,Economy,3770.0,780.0,410.0,250.0,5210.0,INR,Available,False
2026-08-21T10:30:00,2026-08-21,OTA Aggregator,Air India Express,DEL,CCU,DEL-CCU,0.113,2026-10-05,T+45,Economy,3420.0,690.0,380.0,250.0,4740.0,INR,Available,False
2026-08-21T10:30:00,2026-08-21,OTA Aggregator,Akasa Air,DEL,CCU,DEL-CCU,0.113,2026-08-22,T+1,Economy,8560.0,1480.0,810.0,250.0,11100.0,INR,Available,True
2026-08-21T10:30:00,2026-08-21,OTA Aggregator,Akasa Air,DEL,CCU,DEL-CCU,0.113,2026-08-28,T+7,Economy,5310.0,1090.0,520.0,250.0,7170.0,INR,Available,False
2026-08-21T10:30:00,2026-08-21,OTA Aggregator,Akasa Air,DEL,CCU,DEL-CCU,0.113,2026-09-05,T+15,Economy,4360.0,880.0,410.0,250.0,5900.0,INR,Available,False
2026-08-21T10:30:00,2026-08-21,OTA Aggregator,Akasa Air,DEL,CCU,DEL-CCU,0.113,2026-09-20,T+30,Economy,3960.0,830.0,460.0,250.0,5500.0,INR,Available,False
2026-08-21T10:30:00,2026-08-21,OTA Aggregator,Akasa Air,DEL,CCU,DEL-CCU,0.113,2026-10-05,T+45,Economy,3710.0,700.0,380.0,250.0,5040.0,INR,Available,False
2026-08-21T10:30:00,2026-08-21,OTA Aggregator,SpiceJet,DEL,CCU,DEL-CCU,0.113,2026-08-22,T+1,Economy,6890.0,1260.0,620.0,300.0,9070.0,INR,Available,False
2026-08-21T10:30:00,2026-08-21,OTA Aggregator,SpiceJet,DEL,CCU,DEL-CCU,0.113,2026-08-28,T+7,Economy,5220.0,980.0,530.0,300.0,7030.0,INR,Available,False
2026-08-21T10:30:00,2026-08-21,OTA Aggregator,SpiceJet,DEL,CCU,DEL-CCU,0.113,2026-09-05,T+15,Economy,4350.0,930.0,440.0,300.0,6020.0,INR,Available,False
2026-08-21T10:30:00,2026-08-21,OTA Aggregator,SpiceJet,DEL,CCU,DEL-CCU,0.113,2026-09-20,T+30,Economy,3950.0,860.0,420.0,300.0,5530.0,INR,Available,False
2026-08-21T10:30:00,2026-08-21,OTA Aggregator,SpiceJet,DEL,CCU,DEL-CCU,0.113,2026-10-05,T+45,Economy,3610.0,750.0,350.0,300.0,5010.0,INR,Available,False
2026-08-21T10:30:00,2026-08-21,Airline Direct,IndiGo,BLR,HYD,BLR-HYD,0.098,2026-08-22,T+1,Economy,5240.0,1070.0,480.0,300.0,7090.0,INR,Available,False
2026-08-21T10:30:00,2026-08-21,Airline Direct,IndiGo,BLR,HYD,BLR-HYD,0.098,2026-08-28,T+7,Economy,4240.0,860.0,410.0,300.0,5810.0,INR,Available,False
2026-08-21T10:30:00,2026-08-21,Airline Direct,IndiGo,BLR,HYD,BLR-HYD,0.098,2026-09-05,T+15,Economy,3790.0,790.0,390.0,300.0,5270.0,INR,Available,False
2026-08-21T10:30:00,2026-08-21,Airline Direct,IndiGo,BLR,HYD,BLR-HYD,0.098,2026-09-20,T+30,Economy,3160.0,640.0,380.0,300.0,4480.0,INR,Available,False
2026-08-21T10:30:00,2026-08-21,Airline Direct,IndiGo,BLR,HYD,BLR-HYD,0.098,2026-10-05,T+45,Economy,2870.0,590.0,310.0,300.0,4070.0,INR,Available,False
2026-08-21T10:30:00,2026-08-21,Airline Direct,Air India,BLR,HYD,BLR-HYD,0.098,2026-08-22,T+1,Economy,6500.0,1220.0,610.0,250.0,8580.0,INR,Available,False
2026-08-21T10:30:00,2026-08-21,Airline Direct,Air India,BLR,HYD,BLR-HYD,0.098,2026-08-28,T+7,Economy,4890.0,930.0,460.0,250.0,6530.0,INR,Available,False
2026-08-21T10:30:00,2026-08-21,Airline Direct,Air India,BLR,HYD,BLR-HYD,0.098,2026-09-05,T+15,Economy,3980.0,820.0,430.0,250.0,5480.0,INR,Available,False
2026-08-21T10:30:00,2026-08-21,Airline Direct,Air India,BLR,HYD,BLR-HYD,0.098,2026-09-20,T+30,Economy,3520.0,720.0,340.0,250.0,4830.0,INR,Available,False
2026-08-21T10:30:00,2026-08-21,Airline Direct,Air India,BLR,HYD,BLR-HYD,0.098,2026-10-05,T+45,Economy,3210.0,760.0,350.0,250.0,4570.0,INR,Available,False
2026-08-21T10:30:00,2026-08-21,OTA Aggregator,Air India Express,BLR,HYD,BLR-HYD,0.098,2026-08-22,T+1,Economy,5400.0,990.0,560.0,250.0,7200.0,INR,Available,False
2026-08-21T10:30:00,2026-08-21,OTA Aggregator,Air India Express,BLR,HYD,BLR-HYD,0.098,2026-08-28,T+7,Economy,4110.0,880.0,430.0,250.0,5670.0,INR,Available,False
2026-08-21T10:30:00,2026-08-21,OTA Aggregator,Air India Express,BLR,HYD,BLR-HYD,0.098,2026-09-05,T+15,Economy,3250.0,630.0,340.0,250.0,4470.0,INR,Available,False
2026-08-21T10:30:00,2026-08-21,OTA Aggregator,Air India Express,BLR,HYD,BLR-HYD,0.098,2026-09-20,T+30,Economy,2930.0,620.0,380.0,250.0,4180.0,INR,Available,False
2026-08-21T10:30:00,2026-08-21,OTA Aggregator,Air India Express,BLR,HYD,BLR-HYD,0.098,2026-10-05,T+45,Economy,2760.0,620.0,290.0,250.0,3920.0,INR,Available,False
2026-08-21T10:30:00,2026-08-21,OTA Aggregator,Akasa Air,BLR,HYD,BLR-HYD,0.098,2026-08-22,T+1,Economy,5450.0,1030.0,500.0,250.0,7230.0,INR,Available,False
2026-08-21T10:30:00,2026-08-21,OTA Aggregator,Akasa Air,BLR,HYD,BLR-HYD,0.098,2026-08-28,T+7,Economy,4200.0,910.0,390.0,250.0,5750.0,INR,Available,False
2026-08-21T10:30:00,2026-08-21,OTA Aggregator,Akasa Air,BLR,HYD,BLR-HYD,0.098,2026-09-05,T+15,Economy,3440.0,780.0,350.0,250.0,4820.0,INR,Available,False
2026-08-21T10:30:00,2026-08-21,OTA Aggregator,Akasa Air,BLR,HYD,BLR-HYD,0.098,2026-09-20,T+30,Economy,3020.0,670.0,370.0,250.0,4310.0,INR,Available,False
2026-08-21T10:30:00,2026-08-21,OTA Aggregator,Akasa Air,BLR,HYD,BLR-HYD,0.098,2026-10-05,T+45,Economy,2860.0,680.0,370.0,250.0,4160.0,INR,Available,False
2026-08-21T10:30:00,2026-08-21,OTA Aggregator,SpiceJet,BLR,HYD,BLR-HYD,0.098,2026-08-22,T+1,Economy,5450.0,990.0,570.0,300.0,7310.0,INR,Available,False
2026-08-21T10:30:00,2026-08-21,OTA Aggregator,SpiceJet,BLR,HYD,BLR-HYD,0.098,2026-08-28,T+7,Economy,4140.0,840.0,420.0,300.0,5700.0,INR,Available,False
2026-08-21T10:30:00,2026-08-21,OTA Aggregator,SpiceJet,BLR,HYD,BLR-HYD,0.098,2026-09-05,T+15,Economy,3450.0,730.0,410.0,300.0,4890.0,INR,Available,False
2026-08-21T10:30:00,2026-08-21,OTA Aggregator,SpiceJet,BLR,HYD,BLR-HYD,0.098,2026-09-20,T+30,Economy,3080.0,620.0,340.0,300.0,4340.0,INR,Available,False
2026-08-21T10:30:00,2026-08-21,OTA Aggregator,SpiceJet,BLR,HYD,BLR-HYD,0.098,2026-10-05,T+45,Economy,2800.0,600.0,320.0,300.0,4020.0,INR,Available,False
2026-08-21T10:30:00,2026-08-21,Airline Direct,IndiGo,MAA,DEL,MAA-DEL,0.086,2026-08-22,T+1,Economy,8560.0,1560.0,810.0,300.0,11230.0,INR,Available,False
2026-08-21T10:30:00,2026-08-21,Airline Direct,IndiGo,MAA,DEL,MAA-DEL,0.086,2026-08-28,T+7,Economy,6750.0,1260.0,620.0,300.0,8930.0,INR,Available,False
2026-08-21T10:30:00,2026-08-21,Airline Direct,IndiGo,MAA,DEL,MAA-DEL,0.086,2026-09-05,T+15,Economy,5460.0,1070.0,560.0,300.0,7390.0,INR,Available,False
2026-08-21T10:30:00,2026-08-21,Airline Direct,IndiGo,MAA,DEL,MAA-DEL,0.086,2026-09-20,T+30,Economy,4670.0,870.0,450.0,300.0,6290.0,INR,Available,False
2026-08-21T10:30:00,2026-08-21,Airline Direct,IndiGo,MAA,DEL,MAA-DEL,0.086,2026-10-05,T+45,Economy,4410.0,850.0,470.0,300.0,6030.0,INR,Available,False
2026-08-21T10:30:00,2026-08-21,Airline Direct,Air India,MAA,DEL,MAA-DEL,0.086,2026-08-22,T+1,Economy,8750.0,1530.0,840.0,250.0,11370.0,INR,Available,False
2026-08-21T10:30:00,2026-08-21,Airline Direct,Air India,MAA,DEL,MAA-DEL,0.086,2026-08-28,T+7,Economy,6700.0,1180.0,630.0,250.0,8760.0,INR,Available,False
2026-08-21T10:30:00,2026-08-21,Airline Direct,Air India,MAA,DEL,MAA-DEL,0.086,2026-09-05,T+15,Economy,6010.0,1110.0,570.0,250.0,7940.0,INR,Available,False
2026-08-21T10:30:00,2026-08-21,Airline Direct,Air India,MAA,DEL,MAA-DEL,0.086,2026-09-20,T+30,Economy,5350.0,1060.0,580.0,250.0,7240.0,INR,Available,False
2026-08-21T10:30:00,2026-08-21,Airline Direct,Air India,MAA,DEL,MAA-DEL,0.086,2026-10-05,T+45,Economy,4700.0,1000.0,430.0,250.0,6380.0,INR,Available,False
2026-08-21T10:30:00,2026-08-21,OTA Aggregator,Air India Express,MAA,DEL,MAA-DEL,0.086,2026-08-22,T+1,Economy,9880.0,1800.0,860.0,250.0,12790.0,INR,Available,True
2026-08-21T10:30:00,2026-08-21,OTA Aggregator,Air India Express,MAA,DEL,MAA-DEL,0.086,2026-08-28,T+7,Economy,6280.0,1200.0,580.0,250.0,8310.0,INR,Available,False
2026-08-21T10:30:00,2026-08-21,OTA Aggregator,Air India Express,MAA,DEL,MAA-DEL,0.086,2026-09-05,T+15,Economy,4970.0,970.0,540.0,250.0,6730.0,INR,Available,False
2026-08-21T10:30:00,2026-08-21,OTA Aggregator,Air India Express,MAA,DEL,MAA-DEL,0.086,2026-09-20,T+30,Economy,4310.0,940.0,470.0,250.0,5970.0,INR,Available,False
2026-08-21T10:30:00,2026-08-21,OTA Aggregator,Air India Express,MAA,DEL,MAA-DEL,0.086,2026-10-05,T+45,Economy,4190.0,780.0,390.0,250.0,5610.0,INR,Available,False
2026-08-21T10:30:00,2026-08-21,OTA Aggregator,Akasa Air,MAA,DEL,MAA-DEL,0.086,2026-08-22,T+1,Economy,8010.0,1460.0,700.0,250.0,10420.0,INR,Available,False
2026-08-21T10:30:00,2026-08-21,OTA Aggregator,Akasa Air,MAA,DEL,MAA-DEL,0.086,2026-08-28,T+7,Economy,5900.0,1180.0,560.0,250.0,7890.0,INR,Available,False
2026-08-21T10:30:00,2026-08-21,OTA Aggregator,Akasa Air,MAA,DEL,MAA-DEL,0.086,2026-09-05,T+15,Economy,5170.0,930.0,550.0,250.0,6900.0,INR,Available,False
2026-08-21T10:30:00,2026-08-21,OTA Aggregator,Akasa Air,MAA,DEL,MAA-DEL,0.086,2026-09-20,T+30,Economy,4460.0,890.0,410.0,250.0,6010.0,INR,Available,False
2026-08-21T10:30:00,2026-08-21,OTA Aggregator,Akasa Air,MAA,DEL,MAA-DEL,0.086,2026-10-05,T+45,Economy,4100.0,900.0,450.0,250.0,5700.0,INR,Available,False
2026-08-21T10:30:00,2026-08-21,OTA Aggregator,SpiceJet,MAA,DEL,MAA-DEL,0.086,2026-08-22,T+1,Economy,7790.0,1400.0,680.0,300.0,10170.0,INR,Available,False
2026-08-21T10:30:00,2026-08-21,OTA Aggregator,SpiceJet,MAA,DEL,MAA-DEL,0.086,2026-08-28,T+7,Economy,6160.0,1090.0,610.0,300.0,8160.0,INR,Available,False
2026-08-21T10:30:00,2026-08-21,OTA Aggregator,SpiceJet,MAA,DEL,MAA-DEL,0.086,2026-09-05,T+15,Economy,5370.0,1110.0,580.0,300.0,7360.0,INR,Available,False
2026-08-21T10:30:00,2026-08-21,OTA Aggregator,SpiceJet,MAA,DEL,MAA-DEL,0.086,2026-09-20,T+30,Economy,4530.0,910.0,480.0,300.0,6220.0,INR,Available,False
2026-08-21T10:30:00,2026-08-21,OTA Aggregator,SpiceJet,MAA,DEL,MAA-DEL,0.086,2026-10-05,T+45,Economy,4170.0,880.0,400.0,300.0,5750.0,INR,Available,False
2026-08-21T10:30:00,2026-08-21,Airline Direct,IndiGo,BOM,DEL,BOM-DEL,0.135,2026-08-22,T+1,Economy,9340.0,1680.0,840.0,300.0,12160.0,INR,Available,False
2026-08-21T10:30:00,2026-08-21,Airline Direct,IndiGo,BOM,DEL,BOM-DEL,0.135,2026-08-28,T+7,Economy,7270.0,1410.0,690.0,300.0,9670.0,INR,Available,False
2026-08-21T10:30:00,2026-08-21,Airline Direct,IndiGo,BOM,DEL,BOM-DEL,0.135,2026-09-05,T+15,Economy,6230.0,1100.0,550.0,300.0,8180.0,INR,Available,False
2026-08-21T10:30:00,2026-08-21,Airline Direct,IndiGo,BOM,DEL,BOM-DEL,0.135,2026-09-20,T+30,Economy,5670.0,1040.0,520.0,300.0,7530.0,INR,Available,False
2026-08-21T10:30:00,2026-08-21,Airline Direct,IndiGo,BOM,DEL,BOM-DEL,0.135,2026-10-05,T+45,Economy,4740.0,910.0,470.0,300.0,6420.0,INR,Available,False
2026-08-21T10:30:00,2026-08-21,Airline Direct,Air India,BOM,DEL,BOM-DEL,0.135,2026-08-22,T+1,Economy,9670.0,1650.0,890.0,250.0,12460.0,INR,Available,False
2026-08-21T10:30:00,2026-08-21,Airline Direct,Air India,BOM,DEL,BOM-DEL,0.135,2026-08-28,T+7,Economy,7110.0,1330.0,700.0,250.0,9390.0,INR,Available,False
2026-08-21T10:30:00,2026-08-21,Airline Direct,Air India,BOM,DEL,BOM-DEL,0.135,2026-09-05,T+15,Economy,6960.0,1280.0,670.0,250.0,9160.0,INR,Available,False
2026-08-21T10:30:00,2026-08-21,Airline Direct,Air India,BOM,DEL,BOM-DEL,0.135,2026-09-20,T+30,Economy,6120.0,1110.0,600.0,250.0,8080.0,INR,Available,False
2026-08-21T10:30:00,2026-08-21,Airline Direct,Air India,BOM,DEL,BOM-DEL,0.135,2026-10-05,T+45,Economy,5100.0,1060.0,510.0,250.0,6920.0,INR,Available,False
2026-08-21T10:30:00,2026-08-21,OTA Aggregator,Air India Express,BOM,DEL,BOM-DEL,0.135,2026-08-22,T+1,Economy,8510.0,1550.0,740.0,250.0,11050.0,INR,Available,False
2026-08-21T10:30:00,2026-08-21,OTA Aggregator,Air India Express,BOM,DEL,BOM-DEL,0.135,2026-08-28,T+7,Economy,6760.0,1270.0,620.0,250.0,8900.0,INR,Available,False
2026-08-21T10:30:00,2026-08-21,OTA Aggregator,Air India Express,BOM,DEL,BOM-DEL,0.135,2026-09-05,T+15,Economy,5790.0,1070.0,530.0,250.0,7640.0,INR,Available,False
2026-08-21T10:30:00,2026-08-21,OTA Aggregator,Air India Express,BOM,DEL,BOM-DEL,0.135,2026-09-20,T+30,Economy,4780.0,1010.0,470.0,250.0,6510.0,INR,Available,False
2026-08-21T10:30:00,2026-08-21,OTA Aggregator,Air India Express,BOM,DEL,BOM-DEL,0.135,2026-10-05,T+45,Economy,4750.0,940.0,520.0,250.0,6460.0,INR,Available,False
2026-08-21T10:30:00,2026-08-21,OTA Aggregator,Akasa Air,BOM,DEL,BOM-DEL,0.135,2026-08-22,T+1,Economy,9200.0,1630.0,870.0,250.0,11950.0,INR,Available,False
2026-08-21T10:30:00,2026-08-21,OTA Aggregator,Akasa Air,BOM,DEL,BOM-DEL,0.135,2026-08-28,T+7,Economy,6780.0,1330.0,650.0,250.0,9010.0,INR,Available,False
2026-08-21T10:30:00,2026-08-21,OTA Aggregator,Akasa Air,BOM,DEL,BOM-DEL,0.135,2026-09-05,T+15,Economy,5480.0,1100.0,550.0,250.0,7380.0,INR,Available,False
2026-08-21T10:30:00,2026-08-21,OTA Aggregator,Akasa Air,BOM,DEL,BOM-DEL,0.135,2026-09-20,T+30,Economy,4860.0,950.0,510.0,250.0,6570.0,INR,Available,False
2026-08-21T10:30:00,2026-08-21,OTA Aggregator,Akasa Air,BOM,DEL,BOM-DEL,0.135,2026-10-05,T+45,Economy,4510.0,860.0,410.0,250.0,6030.0,INR,Available,False
2026-08-21T10:30:00,2026-08-21,OTA Aggregator,SpiceJet,BOM,DEL,BOM-DEL,0.135,2026-08-22,T+1,Economy,8990.0,1600.0,790.0,300.0,11680.0,INR,Available,False
2026-08-21T10:30:00,2026-08-21,OTA Aggregator,SpiceJet,BOM,DEL,BOM-DEL,0.135,2026-08-28,T+7,Economy,6870.0,1250.0,620.0,300.0,9040.0,INR,Available,False
2026-08-21T10:30:00,2026-08-21,OTA Aggregator,SpiceJet,BOM,DEL,BOM-DEL,0.135,2026-09-05,T+15,Economy,5830.0,1100.0,540.0,300.0,7770.0,INR,Available,False
2026-08-21T10:30:00,2026-08-21,OTA Aggregator,SpiceJet,BOM,DEL,BOM-DEL,0.135,2026-09-20,T+30,Economy,5030.0,950.0,470.0,300.0,6750.0,INR,Available,False
2026-08-21T10:30:00,2026-08-21,OTA Aggregator,SpiceJet,BOM,DEL,BOM-DEL,0.135,2026-10-05,T+45,Economy,4810.0,960.0,470.0,300.0,6540.0,INR,Available,False
2026-08-21T10:30:00,2026-08-21,Airline Direct,IndiGo,HYD,DEL,HYD-DEL,0.105,2026-08-22,T+1,Economy,7210.0,1400.0,640.0,300.0,9550.0,INR,Available,False
2026-08-21T10:30:00,2026-08-21,Airline Direct,IndiGo,HYD,DEL,HYD-DEL,0.105,2026-08-28,T+7,Economy,5410.0,980.0,530.0,300.0,7220.0,INR,Available,False
2026-08-21T10:30:00,2026-08-21,Airline Direct,IndiGo,HYD,DEL,HYD-DEL,0.105,2026-09-05,T+15,Economy,4340.0,880.0,450.0,300.0,5970.0,INR,Available,False
2026-08-21T10:30:00,2026-08-21,Airline Direct,IndiGo,HYD,DEL,HYD-DEL,0.105,2026-09-20,T+30,Economy,4050.0,890.0,390.0,300.0,5630.0,INR,Available,False
2026-08-21T10:30:00,2026-08-21,Airline Direct,IndiGo,HYD,DEL,HYD-DEL,0.105,2026-10-05,T+45,Economy,3410.0,740.0,330.0,300.0,4780.0,INR,Available,False
2026-08-21T10:30:00,2026-08-21,Airline Direct,Air India,HYD,DEL,HYD-DEL,0.105,2026-08-22,T+1,Economy,7550.0,1310.0,670.0,250.0,9780.0,INR,Available,False
2026-08-21T10:30:00,2026-08-21,Airline Direct,Air India,HYD,DEL,HYD-DEL,0.105,2026-08-28,T+7,Economy,5660.0,1090.0,570.0,250.0,7570.0,INR,Available,False
2026-08-21T10:30:00,2026-08-21,Airline Direct,Air India,HYD,DEL,HYD-DEL,0.105,2026-09-05,T+15,Economy,5050.0,940.0,520.0,250.0,6760.0,INR,Available,False
2026-08-21T10:30:00,2026-08-21,Airline Direct,Air India,HYD,DEL,HYD-DEL,0.105,2026-09-20,T+30,Economy,4140.0,820.0,450.0,250.0,5660.0,INR,Available,False
2026-08-21T10:30:00,2026-08-21,Airline Direct,Air India,HYD,DEL,HYD-DEL,0.105,2026-10-05,T+45,Economy,3850.0,730.0,370.0,250.0,5200.0,INR,Available,False
2026-08-21T10:30:00,2026-08-21,OTA Aggregator,Air India Express,HYD,DEL,HYD-DEL,0.105,2026-08-22,T+1,Economy,6080.0,1210.0,600.0,250.0,8140.0,INR,Available,False
2026-08-21T10:30:00,2026-08-21,OTA Aggregator,Air India Express,HYD,DEL,HYD-DEL,0.105,2026-08-28,T+7,Economy,5120.0,960.0,460.0,250.0,6790.0,INR,Available,False
2026-08-21T10:30:00,2026-08-21,OTA Aggregator,Air India Express,HYD,DEL,HYD-DEL,0.105,2026-09-05,T+15,Economy,4330.0,790.0,430.0,250.0,5800.0,INR,Available,False
2026-08-21T10:30:00,2026-08-21,OTA Aggregator,Air India Express,HYD,DEL,HYD-DEL,0.105,2026-09-20,T+30,Economy,3640.0,820.0,360.0,250.0,5070.0,INR,Available,False
2026-08-21T10:30:00,2026-08-21,OTA Aggregator,Air India Express,HYD,DEL,HYD-DEL,0.105,2026-10-05,T+45,Economy,3360.0,720.0,380.0,250.0,4710.0,INR,Available,False
2026-08-21T10:30:00,2026-08-21,OTA Aggregator,Akasa Air,HYD,DEL,HYD-DEL,0.105,2026-08-22,T+1,Economy,6340.0,1120.0,600.0,250.0,8310.0,INR,Available,False
2026-08-21T10:30:00,2026-08-21,OTA Aggregator,Akasa Air,HYD,DEL,HYD-DEL,0.105,2026-08-28,T+7,Economy,5070.0,940.0,510.0,250.0,6770.0,INR,Available,False
2026-08-21T10:30:00,2026-08-21,OTA Aggregator,Akasa Air,HYD,DEL,HYD-DEL,0.105,2026-09-05,T+15,Economy,4360.0,860.0,440.0,250.0,5910.0,INR,Available,False
2026-08-21T10:30:00,2026-08-21,OTA Aggregator,Akasa Air,HYD,DEL,HYD-DEL,0.105,2026-09-20,T+30,Economy,4000.0,870.0,390.0,250.0,5510.0,INR,Available,False
2026-08-21T10:30:00,2026-08-21,OTA Aggregator,Akasa Air,HYD,DEL,HYD-DEL,0.105,2026-10-05,T+45,Economy,3550.0,730.0,360.0,250.0,4890.0,INR,Available,False
2026-08-21T10:30:00,2026-08-21,OTA Aggregator,SpiceJet,HYD,DEL,HYD-DEL,0.105,2026-08-22,T+1,Economy,6880.0,1210.0,600.0,300.0,8990.0,INR,Available,False
2026-08-21T10:30:00,2026-08-21,OTA Aggregator,SpiceJet,HYD,DEL,HYD-DEL,0.105,2026-08-28,T+7,Economy,5150.0,1000.0,550.0,300.0,7000.0,INR,Available,False
2026-08-21T10:30:00,2026-08-21,OTA Aggregator,SpiceJet,HYD,DEL,HYD-DEL,0.105,2026-09-05,T+15,Economy,4390.0,840.0,490.0,300.0,6020.0,INR,Available,False
2026-08-21T10:30:00,2026-08-21,OTA Aggregator,SpiceJet,HYD,DEL,HYD-DEL,0.105,2026-09-20,T+30,Economy,3770.0,710.0,410.0,300.0,5190.0,INR,Available,False
2026-08-21T10:30:00,2026-08-21,OTA Aggregator,SpiceJet,HYD,DEL,HYD-DEL,0.105,2026-10-05,T+45,Economy,3650.0,770.0,430.0,300.0,5150.0,INR,Available,False
2026-08-22T10:30:00,2026-08-22,Airline Direct,IndiGo,DEL,BOM,DEL-BOM,0.182,2026-08-23,T+1,Economy,10300.0,1780.0,870.0,250.0,13200.0,INR,Available,False
2026-08-22T10:30:00,2026-08-22,Airline Direct,IndiGo,DEL,BOM,DEL-BOM,0.182,2026-08-29,T+7,Economy,7990.0,1450.0,740.0,250.0,10430.0,INR,Available,False
2026-08-22T10:30:00,2026-08-22,Airline Direct,IndiGo,DEL,BOM,DEL-BOM,0.182,2026-09-06,T+15,Economy,6770.0,1320.0,650.0,250.0,8990.0,INR,Available,False
2026-08-22T10:30:00,2026-08-22,Airline Direct,IndiGo,DEL,BOM,DEL-BOM,0.182,2026-09-21,T+30,Economy,6150.0,1210.0,560.0,250.0,8170.0,INR,Available,False
2026-08-22T10:30:00,2026-08-22,Airline Direct,IndiGo,DEL,BOM,DEL-BOM,0.182,2026-10-06,T+45,Economy,5490.0,1000.0,510.0,250.0,7250.0,INR,Available,False
2026-08-22T10:30:00,2026-08-22,Airline Direct,Air India,DEL,BOM,DEL-BOM,0.182,2026-08-23,T+1,Economy,11460.0,1940.0,1010.0,300.0,14710.0,INR,Available,False
2026-08-22T10:30:00,2026-08-22,Airline Direct,Air India,DEL,BOM,DEL-BOM,0.182,2026-08-29,T+7,Economy,8910.0,1650.0,800.0,300.0,11660.0,INR,Available,False
2026-08-22T10:30:00,2026-08-22,Airline Direct,Air India,DEL,BOM,DEL-BOM,0.182,2026-09-06,T+15,Economy,6990.0,1280.0,710.0,300.0,9280.0,INR,Available,False
2026-08-22T10:30:00,2026-08-22,Airline Direct,Air India,DEL,BOM,DEL-BOM,0.182,2026-09-21,T+30,Economy,6410.0,1190.0,590.0,300.0,8490.0,INR,Available,False
2026-08-22T10:30:00,2026-08-22,Airline Direct,Air India,DEL,BOM,DEL-BOM,0.182,2026-10-06,T+45,Economy,5880.0,1100.0,590.0,300.0,7870.0,INR,Available,False
2026-08-22T10:30:00,2026-08-22,OTA Aggregator,Air India Express,DEL,BOM,DEL-BOM,0.182,2026-08-23,T+1,Economy,11710.0,2040.0,1070.0,300.0,15120.0,INR,Available,True
2026-08-22T10:30:00,2026-08-22,OTA Aggregator,Air India Express,DEL,BOM,DEL-BOM,0.182,2026-08-29,T+7,Economy,7170.0,1250.0,690.0,300.0,9410.0,INR,Available,False
2026-08-22T10:30:00,2026-08-22,OTA Aggregator,Air India Express,DEL,BOM,DEL-BOM,0.182,2026-09-06,T+15,Economy,6450.0,1230.0,600.0,300.0,8580.0,INR,Available,False
2026-08-22T10:30:00,2026-08-22,OTA Aggregator,Air India Express,DEL,BOM,DEL-BOM,0.182,2026-09-21,T+30,Economy,5590.0,1020.0,560.0,300.0,7470.0,INR,Available,False
2026-08-22T10:30:00,2026-08-22,OTA Aggregator,Air India Express,DEL,BOM,DEL-BOM,0.182,2026-10-06,T+45,Economy,5290.0,1010.0,510.0,300.0,7110.0,INR,Available,False
2026-08-22T10:30:00,2026-08-22,OTA Aggregator,Akasa Air,DEL,BOM,DEL-BOM,0.182,2026-08-23,T+1,Economy,9630.0,1670.0,850.0,300.0,12450.0,INR,Available,False
2026-08-22T10:30:00,2026-08-22,OTA Aggregator,Akasa Air,DEL,BOM,DEL-BOM,0.182,2026-08-29,T+7,Economy,7400.0,1290.0,660.0,300.0,9650.0,INR,Available,False
2026-08-22T10:30:00,2026-08-22,OTA Aggregator,Akasa Air,DEL,BOM,DEL-BOM,0.182,2026-09-06,T+15,Economy,6200.0,1200.0,580.0,300.0,8280.0,INR,Available,False
2026-08-22T10:30:00,2026-08-22,OTA Aggregator,Akasa Air,DEL,BOM,DEL-BOM,0.182,2026-09-21,T+30,Economy,5770.0,1110.0,610.0,300.0,7790.0,INR,Available,False
2026-08-22T10:30:00,2026-08-22,OTA Aggregator,Akasa Air,DEL,BOM,DEL-BOM,0.182,2026-10-06,T+45,Economy,5260.0,940.0,540.0,300.0,7040.0,INR,Available,False
2026-08-22T10:30:00,2026-08-22,OTA Aggregator,SpiceJet,DEL,BOM,DEL-BOM,0.182,2026-08-23,T+1,Economy,9710.0,1740.0,900.0,250.0,12600.0,INR,Available,False
2026-08-22T10:30:00,2026-08-22,OTA Aggregator,SpiceJet,DEL,BOM,DEL-BOM,0.182,2026-08-29,T+7,Economy,7370.0,1330.0,690.0,250.0,9640.0,INR,Available,False
2026-08-22T10:30:00,2026-08-22,OTA Aggregator,SpiceJet,DEL,BOM,DEL-BOM,0.182,2026-09-06,T+15,Economy,6330.0,1240.0,630.0,250.0,8450.0,INR,Available,False
2026-08-22T10:30:00,2026-08-22,OTA Aggregator,SpiceJet,DEL,BOM,DEL-BOM,0.182,2026-09-21,T+30,Economy,5990.0,1070.0,590.0,250.0,7900.0,INR,Available,False
2026-08-22T10:30:00,2026-08-22,OTA Aggregator,SpiceJet,DEL,BOM,DEL-BOM,0.182,2026-10-06,T+45,Economy,5260.0,1090.0,560.0,250.0,7160.0,INR,Available,False
2026-08-22T10:30:00,2026-08-22,Airline Direct,IndiGo,DEL,BLR,DEL-BLR,0.154,2026-08-23,T+1,Economy,9200.0,1620.0,810.0,250.0,11880.0,INR,Available,False
2026-08-22T10:30:00,2026-08-22,Airline Direct,IndiGo,DEL,BLR,DEL-BLR,0.154,2026-08-29,T+7,Economy,7230.0,1340.0,630.0,250.0,9450.0,INR,Available,False
2026-08-22T10:30:00,2026-08-22,Airline Direct,IndiGo,DEL,BLR,DEL-BLR,0.154,2026-09-06,T+15,Economy,6410.0,1170.0,580.0,250.0,8410.0,INR,Available,False
2026-08-22T10:30:00,2026-08-22,Airline Direct,IndiGo,DEL,BLR,DEL-BLR,0.154,2026-09-21,T+30,Economy,5420.0,1040.0,500.0,250.0,7210.0,INR,Available,False
2026-08-22T10:30:00,2026-08-22,Airline Direct,IndiGo,DEL,BLR,DEL-BLR,0.154,2026-10-06,T+45,Economy,5060.0,990.0,540.0,250.0,6840.0,INR,Available,False
2026-08-22T10:30:00,2026-08-22,Airline Direct,Air India,DEL,BLR,DEL-BLR,0.154,2026-08-23,T+1,Economy,11060.0,2010.0,1030.0,300.0,14400.0,INR,Available,False
2026-08-22T10:30:00,2026-08-22,Airline Direct,Air India,DEL,BLR,DEL-BLR,0.154,2026-08-29,T+7,Economy,8480.0,1530.0,760.0,300.0,11070.0,INR,Available,False
2026-08-22T10:30:00,2026-08-22,Airline Direct,Air India,DEL,BLR,DEL-BLR,0.154,2026-09-06,T+15,Economy,6570.0,1250.0,630.0,300.0,8750.0,INR,Available,False
2026-08-22T10:30:00,2026-08-22,Airline Direct,Air India,DEL,BLR,DEL-BLR,0.154,2026-09-21,T+30,Economy,5960.0,1070.0,550.0,300.0,7880.0,INR,Available,False
2026-08-22T10:30:00,2026-08-22,Airline Direct,Air India,DEL,BLR,DEL-BLR,0.154,2026-10-06,T+45,Economy,5710.0,1100.0,570.0,300.0,7680.0,INR,Available,False
2026-08-22T10:30:00,2026-08-22,OTA Aggregator,Air India Express,DEL,BLR,DEL-BLR,0.154,2026-08-23,T+1,Economy,8920.0,1610.0,810.0,300.0,11640.0,INR,Available,False
2026-08-22T10:30:00,2026-08-22,OTA Aggregator,Air India Express,DEL,BLR,DEL-BLR,0.154,2026-08-29,T+7,Economy,6800.0,1260.0,620.0,300.0,8980.0,INR,Available,False
2026-08-22T10:30:00,2026-08-22,OTA Aggregator,Air India Express,DEL,BLR,DEL-BLR,0.154,2026-09-06,T+15,Economy,5910.0,1090.0,620.0,300.0,7920.0,INR,Available,False
2026-08-22T10:30:00,2026-08-22,OTA Aggregator,Air India Express,DEL,BLR,DEL-BLR,0.154,2026-09-21,T+30,Economy,5010.0,980.0,540.0,300.0,6830.0,INR,Available,False
2026-08-22T10:30:00,2026-08-22,OTA Aggregator,Air India Express,DEL,BLR,DEL-BLR,0.154,2026-10-06,T+45,Economy,4540.0,890.0,490.0,300.0,6220.0,INR,Available,False
2026-08-22T10:30:00,2026-08-22,OTA Aggregator,Akasa Air,DEL,BLR,DEL-BLR,0.154,2026-08-23,T+1,Economy,9000.0,1590.0,850.0,300.0,11740.0,INR,Available,False
2026-08-22T10:30:00,2026-08-22,OTA Aggregator,Akasa Air,DEL,BLR,DEL-BLR,0.154,2026-08-29,T+7,Economy,7250.0,1270.0,660.0,300.0,9480.0,INR,Available,False
2026-08-22T10:30:00,2026-08-22,OTA Aggregator,Akasa Air,DEL,BLR,DEL-BLR,0.154,2026-09-06,T+15,Economy,6140.0,1150.0,600.0,300.0,8190.0,INR,Available,False
2026-08-22T10:30:00,2026-08-22,OTA Aggregator,Akasa Air,DEL,BLR,DEL-BLR,0.154,2026-09-21,T+30,Economy,5560.0,1020.0,540.0,300.0,7420.0,INR,Available,False
2026-08-22T10:30:00,2026-08-22,OTA Aggregator,Akasa Air,DEL,BLR,DEL-BLR,0.154,2026-10-06,T+45,Economy,4960.0,930.0,530.0,300.0,6720.0,INR,Available,False
2026-08-22T10:30:00,2026-08-22,OTA Aggregator,SpiceJet,DEL,BLR,DEL-BLR,0.154,2026-08-23,T+1,Economy,9330.0,1600.0,870.0,250.0,12050.0,INR,Available,False
2026-08-22T10:30:00,2026-08-22,OTA Aggregator,SpiceJet,DEL,BLR,DEL-BLR,0.154,2026-08-29,T+7,Economy,7100.0,1270.0,660.0,250.0,9280.0,INR,Available,False
2026-08-22T10:30:00,2026-08-22,OTA Aggregator,SpiceJet,DEL,BLR,DEL-BLR,0.154,2026-09-06,T+15,Economy,6280.0,1160.0,590.0,250.0,8280.0,INR,Available,False
2026-08-22T10:30:00,2026-08-22,OTA Aggregator,SpiceJet,DEL,BLR,DEL-BLR,0.154,2026-09-21,T+30,Economy,5520.0,1010.0,580.0,250.0,7360.0,INR,Available,False
2026-08-22T10:30:00,2026-08-22,OTA Aggregator,SpiceJet,DEL,BLR,DEL-BLR,0.154,2026-10-06,T+45,Economy,4640.0,960.0,470.0,250.0,6320.0,INR,Available,False
2026-08-22T10:30:00,2026-08-22,Airline Direct,IndiGo,BOM,BLR,BOM-BLR,0.127,2026-08-23,T+1,Economy,10140.0,1820.0,910.0,250.0,13120.0,INR,Available,True
2026-08-22T10:30:00,2026-08-22,Airline Direct,IndiGo,BOM,BLR,BOM-BLR,0.127,2026-08-29,T+7,Economy,6490.0,1220.0,660.0,250.0,8620.0,INR,Available,False
2026-08-22T10:30:00,2026-08-22,Airline Direct,IndiGo,BOM,BLR,BOM-BLR,0.127,2026-09-06,T+15,Economy,5430.0,1080.0,490.0,250.0,7250.0,INR,Available,False
2026-08-22T10:30:00,2026-08-22,Airline Direct,IndiGo,BOM,BLR,BOM-BLR,0.127,2026-09-21,T+30,Economy,4750.0,880.0,500.0,250.0,6380.0,INR,Available,False
2026-08-22T10:30:00,2026-08-22,Airline Direct,IndiGo,BOM,BLR,BOM-BLR,0.127,2026-10-06,T+45,Economy,4080.0,800.0,440.0,250.0,5570.0,INR,Available,False
2026-08-22T10:30:00,2026-08-22,Airline Direct,Air India,BOM,BLR,BOM-BLR,0.127,2026-08-23,T+1,Economy,8250.0,1510.0,730.0,300.0,10790.0,INR,Available,False
2026-08-22T10:30:00,2026-08-22,Airline Direct,Air India,BOM,BLR,BOM-BLR,0.127,2026-08-29,T+7,Economy,6820.0,1230.0,680.0,300.0,9030.0,INR,Available,False
2026-08-22T10:30:00,2026-08-22,Airline Direct,Air India,BOM,BLR,BOM-BLR,0.127,2026-09-06,T+15,Economy,5750.0,1030.0,530.0,300.0,7610.0,INR,Available,False
2026-08-22T10:30:00,2026-08-22,Airline Direct,Air India,BOM,BLR,BOM-BLR,0.127,2026-09-21,T+30,Economy,4890.0,890.0,440.0,300.0,6520.0,INR,Available,False
2026-08-22T10:30:00,2026-08-22,Airline Direct,Air India,BOM,BLR,BOM-BLR,0.127,2026-10-06,T+45,Economy,5130.0,1070.0,530.0,300.0,7030.0,INR,Available,False
2026-08-22T10:30:00,2026-08-22,OTA Aggregator,Air India Express,BOM,BLR,BOM-BLR,0.127,2026-08-23,T+1,Economy,7450.0,1340.0,710.0,300.0,9800.0,INR,Available,False
2026-08-22T10:30:00,2026-08-22,OTA Aggregator,Air India Express,BOM,BLR,BOM-BLR,0.127,2026-08-29,T+7,Economy,5390.0,1090.0,500.0,300.0,7280.0,INR,Available,False
2026-08-22T10:30:00,2026-08-22,OTA Aggregator,Air India Express,BOM,BLR,BOM-BLR,0.127,2026-09-06,T+15,Economy,4840.0,1020.0,530.0,300.0,6690.0,INR,Available,False
2026-08-22T10:30:00,2026-08-22,OTA Aggregator,Air India Express,BOM,BLR,BOM-BLR,0.127,2026-09-21,T+30,Economy,4320.0,900.0,490.0,300.0,6010.0,INR,Available,False
2026-08-22T10:30:00,2026-08-22,OTA Aggregator,Air India Express,BOM,BLR,BOM-BLR,0.127,2026-10-06,T+45,Economy,4060.0,850.0,460.0,300.0,5670.0,INR,Available,False
2026-08-22T10:30:00,2026-08-22,OTA Aggregator,Akasa Air,BOM,BLR,BOM-BLR,0.127,2026-08-23,T+1,Economy,7620.0,1370.0,740.0,300.0,10030.0,INR,Available,False
2026-08-22T10:30:00,2026-08-22,OTA Aggregator,Akasa Air,BOM,BLR,BOM-BLR,0.127,2026-08-29,T+7,Economy,5790.0,1040.0,610.0,300.0,7740.0,INR,Available,False
2026-08-22T10:30:00,2026-08-22,OTA Aggregator,Akasa Air,BOM,BLR,BOM-BLR,0.127,2026-09-06,T+15,Economy,4880.0,920.0,490.0,300.0,6590.0,INR,Available,False
2026-08-22T10:30:00,2026-08-22,OTA Aggregator,Akasa Air,BOM,BLR,BOM-BLR,0.127,2026-09-21,T+30,Economy,4500.0,870.0,490.0,300.0,6160.0,INR,Available,False
2026-08-22T10:30:00,2026-08-22,OTA Aggregator,Akasa Air,BOM,BLR,BOM-BLR,0.127,2026-10-06,T+45,Economy,4050.0,880.0,420.0,300.0,5650.0,INR,Available,False
2026-08-22T10:30:00,2026-08-22,OTA Aggregator,SpiceJet,BOM,BLR,BOM-BLR,0.127,2026-08-23,T+1,Economy,8290.0,1540.0,740.0,250.0,10820.0,INR,Available,False
2026-08-22T10:30:00,2026-08-22,OTA Aggregator,SpiceJet,BOM,BLR,BOM-BLR,0.127,2026-08-29,T+7,Economy,5950.0,1190.0,560.0,250.0,7950.0,INR,Available,False
2026-08-22T10:30:00,2026-08-22,OTA Aggregator,SpiceJet,BOM,BLR,BOM-BLR,0.127,2026-09-06,T+15,Economy,5420.0,1000.0,560.0,250.0,7230.0,INR,Available,False
2026-08-22T10:30:00,2026-08-22,OTA Aggregator,SpiceJet,BOM,BLR,BOM-BLR,0.127,2026-09-21,T+30,Economy,4560.0,920.0,500.0,250.0,6230.0,INR,Available,False
2026-08-22T10:30:00,2026-08-22,OTA Aggregator,SpiceJet,BOM,BLR,BOM-BLR,0.127,2026-10-06,T+45,Economy,4110.0,880.0,380.0,250.0,5620.0,INR,Available,False
2026-08-22T10:30:00,2026-08-22,Airline Direct,IndiGo,DEL,CCU,DEL-CCU,0.113,2026-08-23,T+1,Economy,7490.0,1450.0,680.0,250.0,9870.0,INR,Available,False
2026-08-22T10:30:00,2026-08-22,Airline Direct,IndiGo,DEL,CCU,DEL-CCU,0.113,2026-08-29,T+7,Economy,6310.0,1210.0,610.0,250.0,8380.0,INR,Available,False
2026-08-22T10:30:00,2026-08-22,Airline Direct,IndiGo,DEL,CCU,DEL-CCU,0.113,2026-09-06,T+15,Economy,5010.0,980.0,540.0,250.0,6780.0,INR,Available,False
2026-08-22T10:30:00,2026-08-22,Airline Direct,IndiGo,DEL,CCU,DEL-CCU,0.113,2026-09-21,T+30,Economy,4420.0,830.0,460.0,250.0,5960.0,INR,Available,False
2026-08-22T10:30:00,2026-08-22,Airline Direct,IndiGo,DEL,CCU,DEL-CCU,0.113,2026-10-06,T+45,Economy,3890.0,760.0,390.0,250.0,5290.0,INR,Available,False
2026-08-22T10:30:00,2026-08-22,Airline Direct,Air India,DEL,CCU,DEL-CCU,0.113,2026-08-23,T+1,Economy,8310.0,1530.0,760.0,300.0,10900.0,INR,Available,False
2026-08-22T10:30:00,2026-08-22,Airline Direct,Air India,DEL,CCU,DEL-CCU,0.113,2026-08-29,T+7,Economy,6510.0,1270.0,640.0,300.0,8720.0,INR,Available,False
2026-08-22T10:30:00,2026-08-22,Airline Direct,Air India,DEL,CCU,DEL-CCU,0.113,2026-09-06,T+15,Economy,5580.0,1140.0,550.0,300.0,7570.0,INR,Available,False
2026-08-22T10:30:00,2026-08-22,Airline Direct,Air India,DEL,CCU,DEL-CCU,0.113,2026-09-21,T+30,Economy,4800.0,970.0,460.0,300.0,6530.0,INR,Available,False
2026-08-22T10:30:00,2026-08-22,Airline Direct,Air India,DEL,CCU,DEL-CCU,0.113,2026-10-06,T+45,Economy,4620.0,860.0,450.0,300.0,6230.0,INR,Available,False
2026-08-22T10:30:00,2026-08-22,OTA Aggregator,Air India Express,DEL,CCU,DEL-CCU,0.113,2026-08-23,T+1,Economy,7150.0,1350.0,660.0,300.0,9460.0,INR,Available,False
2026-08-22T10:30:00,2026-08-22,OTA Aggregator,Air India Express,DEL,CCU,DEL-CCU,0.113,2026-08-29,T+7,Economy,5830.0,1070.0,580.0,300.0,7780.0,INR,Available,False
2026-08-22T10:30:00,2026-08-22,OTA Aggregator,Air India Express,DEL,CCU,DEL-CCU,0.113,2026-09-06,T+15,Economy,4580.0,860.0,420.0,300.0,6160.0,INR,Available,False
2026-08-22T10:30:00,2026-08-22,OTA Aggregator,Air India Express,DEL,CCU,DEL-CCU,0.113,2026-09-21,T+30,Economy,4320.0,840.0,450.0,300.0,5910.0,INR,Available,False
2026-08-22T10:30:00,2026-08-22,OTA Aggregator,Air India Express,DEL,CCU,DEL-CCU,0.113,2026-10-06,T+45,Economy,3820.0,790.0,450.0,300.0,5360.0,INR,Available,False
2026-08-22T10:30:00,2026-08-22,OTA Aggregator,Akasa Air,DEL,CCU,DEL-CCU,0.113,2026-08-23,T+1,Economy,9470.0,1700.0,850.0,300.0,12320.0,INR,Available,True
2026-08-22T10:30:00,2026-08-22,OTA Aggregator,Akasa Air,DEL,CCU,DEL-CCU,0.113,2026-08-29,T+7,Economy,5860.0,1180.0,540.0,300.0,7880.0,INR,Available,False
2026-08-22T10:30:00,2026-08-22,OTA Aggregator,Akasa Air,DEL,CCU,DEL-CCU,0.113,2026-09-06,T+15,Economy,4730.0,890.0,440.0,300.0,6360.0,INR,Available,False
2026-08-22T10:30:00,2026-08-22,OTA Aggregator,Akasa Air,DEL,CCU,DEL-CCU,0.113,2026-09-21,T+30,Economy,3970.0,860.0,420.0,300.0,5550.0,INR,Available,False
2026-08-22T10:30:00,2026-08-22,OTA Aggregator,Akasa Air,DEL,CCU,DEL-CCU,0.113,2026-10-06,T+45,Economy,3890.0,760.0,420.0,300.0,5370.0,INR,Available,False
2026-08-22T10:30:00,2026-08-22,OTA Aggregator,SpiceJet,DEL,CCU,DEL-CCU,0.113,2026-08-23,T+1,Economy,7570.0,1450.0,700.0,250.0,9970.0,INR,Available,False
2026-08-22T10:30:00,2026-08-22,OTA Aggregator,SpiceJet,DEL,CCU,DEL-CCU,0.113,2026-08-29,T+7,Economy,5470.0,1040.0,510.0,250.0,7270.0,INR,Available,False
2026-08-22T10:30:00,2026-08-22,OTA Aggregator,SpiceJet,DEL,CCU,DEL-CCU,0.113,2026-09-06,T+15,Economy,4790.0,920.0,510.0,250.0,6470.0,INR,Available,False
2026-08-22T10:30:00,2026-08-22,OTA Aggregator,SpiceJet,DEL,CCU,DEL-CCU,0.113,2026-09-21,T+30,Economy,4220.0,850.0,470.0,250.0,5790.0,INR,Available,False
2026-08-22T10:30:00,2026-08-22,OTA Aggregator,SpiceJet,DEL,CCU,DEL-CCU,0.113,2026-10-06,T+45,Economy,4070.0,760.0,460.0,250.0,5540.0,INR,Available,False
2026-08-22T10:30:00,2026-08-22,Airline Direct,IndiGo,BLR,HYD,BLR-HYD,0.098,2026-08-23,T+1,Economy,6070.0,1150.0,620.0,250.0,8090.0,INR,Available,False
2026-08-22T10:30:00,2026-08-22,Airline Direct,IndiGo,BLR,HYD,BLR-HYD,0.098,2026-08-29,T+7,Economy,4400.0,820.0,440.0,250.0,5910.0,INR,Available,False
2026-08-22T10:30:00,2026-08-22,Airline Direct,IndiGo,BLR,HYD,BLR-HYD,0.098,2026-09-06,T+15,Economy,4080.0,790.0,460.0,250.0,5580.0,INR,Available,False
2026-08-22T10:30:00,2026-08-22,Airline Direct,IndiGo,BLR,HYD,BLR-HYD,0.098,2026-09-21,T+30,Economy,3410.0,710.0,340.0,250.0,4710.0,INR,Available,False
2026-08-22T10:30:00,2026-08-22,Airline Direct,IndiGo,BLR,HYD,BLR-HYD,0.098,2026-10-06,T+45,Economy,3080.0,670.0,300.0,250.0,4300.0,INR,Available,False
2026-08-22T10:30:00,2026-08-22,Airline Direct,Air India,BLR,HYD,BLR-HYD,0.098,2026-08-23,T+1,Economy,6450.0,1220.0,620.0,300.0,8590.0,INR,Available,False
2026-08-22T10:30:00,2026-08-22,Airline Direct,Air India,BLR,HYD,BLR-HYD,0.098,2026-08-29,T+7,Economy,4690.0,880.0,470.0,300.0,6340.0,INR,Available,False
2026-08-22T10:30:00,2026-08-22,Airline Direct,Air India,BLR,HYD,BLR-HYD,0.098,2026-09-06,T+15,Economy,3930.0,870.0,450.0,300.0,5550.0,INR,Available,False
2026-08-22T10:30:00,2026-08-22,Airline Direct,Air India,BLR,HYD,BLR-HYD,0.098,2026-09-21,T+30,Economy,3670.0,770.0,420.0,300.0,5160.0,INR,Available,False
2026-08-22T10:30:00,2026-08-22,Airline Direct,Air India,BLR,HYD,BLR-HYD,0.098,2026-10-06,T+45,Economy,3460.0,700.0,370.0,300.0,4830.0,INR,Available,False
2026-08-22T10:30:00,2026-08-22,OTA Aggregator,Air India Express,BLR,HYD,BLR-HYD,0.098,2026-08-23,T+1,Economy,5460.0,990.0,510.0,300.0,7260.0,INR,Available,False
2026-08-22T10:30:00,2026-08-22,OTA Aggregator,Air India Express,BLR,HYD,BLR-HYD,0.098,2026-08-29,T+7,Economy,4220.0,890.0,420.0,300.0,5830.0,INR,Available,False
2026-08-22T10:30:00,2026-08-22,OTA Aggregator,Air India Express,BLR,HYD,BLR-HYD,0.098,2026-09-06,T+15,Economy,3490.0,720.0,420.0,300.0,4930.0,INR,Available,False
2026-08-22T10:30:00,2026-08-22,OTA Aggregator,Air India Express,BLR,HYD,BLR-HYD,0.098,2026-09-21,T+30,Economy,3030.0,720.0,340.0,300.0,4390.0,INR,Available,False
2026-08-22T10:30:00,2026-08-22,OTA Aggregator,Air India Express,BLR,HYD,BLR-HYD,0.098,2026-10-06,T+45,Economy,3000.0,620.0,300.0,300.0,4220.0,INR,Available,False
2026-08-22T10:30:00,2026-08-22,OTA Aggregator,Akasa Air,BLR,HYD,BLR-HYD,0.098,2026-08-23,T+1,Economy,5160.0,950.0,480.0,300.0,6890.0,INR,Available,False
2026-08-22T10:30:00,2026-08-22,OTA Aggregator,Akasa Air,BLR,HYD,BLR-HYD,0.098,2026-08-29,T+7,Economy,4150.0,770.0,400.0,300.0,5620.0,INR,Available,False
2026-08-22T10:30:00,2026-08-22,OTA Aggregator,Akasa Air,BLR,HYD,BLR-HYD,0.098,2026-09-06,T+15,Economy,3250.0,680.0,380.0,300.0,4610.0,INR,Available,False
2026-08-22T10:30:00,2026-08-22,OTA Aggregator,Akasa Air,BLR,HYD,BLR-HYD,0.098,2026-09-21,T+30,Economy,3140.0,690.0,390.0,300.0,4520.0,INR,Available,False
2026-08-22T10:30:00,2026-08-22,OTA Aggregator,Akasa Air,BLR,HYD,BLR-HYD,0.098,2026-10-06,T+45,Economy,2780.0,590.0,290.0,300.0,3960.0,INR,Available,False
2026-08-22T10:30:00,2026-08-22,OTA Aggregator,SpiceJet,BLR,HYD,BLR-HYD,0.098,2026-08-23,T+1,Economy,6030.0,1130.0,530.0,250.0,7940.0,INR,Available,False
2026-08-22T10:30:00,2026-08-22,OTA Aggregator,SpiceJet,BLR,HYD,BLR-HYD,0.098,2026-08-29,T+7,Economy,4380.0,810.0,450.0,250.0,5890.0,INR,Available,False
2026-08-22T10:30:00,2026-08-22,OTA Aggregator,SpiceJet,BLR,HYD,BLR-HYD,0.098,2026-09-06,T+15,Economy,3850.0,810.0,400.0,250.0,5310.0,INR,Available,False
2026-08-22T10:30:00,2026-08-22,OTA Aggregator,SpiceJet,BLR,HYD,BLR-HYD,0.098,2026-09-21,T+30,Economy,3200.0,670.0,360.0,250.0,4480.0,INR,Available,False
2026-08-22T10:30:00,2026-08-22,OTA Aggregator,SpiceJet,BLR,HYD,BLR-HYD,0.098,2026-10-06,T+45,Economy,3120.0,730.0,370.0,250.0,4470.0,INR,Available,False
2026-08-22T10:30:00,2026-08-22,Airline Direct,IndiGo,MAA,DEL,MAA-DEL,0.086,2026-08-23,T+1,Economy,9280.0,1680.0,860.0,250.0,12070.0,INR,Available,False
2026-08-22T10:30:00,2026-08-22,Airline Direct,IndiGo,MAA,DEL,MAA-DEL,0.086,2026-08-29,T+7,Economy,6140.0,1180.0,600.0,250.0,8170.0,INR,Available,False
2026-08-22T10:30:00,2026-08-22,Airline Direct,IndiGo,MAA,DEL,MAA-DEL,0.086,2026-09-06,T+15,Economy,6170.0,1180.0,600.0,250.0,8200.0,INR,Available,False
2026-08-22T10:30:00,2026-08-22,Airline Direct,IndiGo,MAA,DEL,MAA-DEL,0.086,2026-09-21,T+30,Economy,5240.0,1020.0,540.0,250.0,7050.0,INR,Available,False
2026-08-22T10:30:00,2026-08-22,Airline Direct,IndiGo,MAA,DEL,MAA-DEL,0.086,2026-10-06,T+45,Economy,4900.0,950.0,470.0,250.0,6570.0,INR,Available,False
2026-08-22T10:30:00,2026-08-22,Airline Direct,Air India,MAA,DEL,MAA-DEL,0.086,2026-08-23,T+1,Economy,9740.0,1720.0,850.0,300.0,12610.0,INR,Available,False
2026-08-22T10:30:00,2026-08-22,Airline Direct,Air India,MAA,DEL,MAA-DEL,0.086,2026-08-29,T+7,Economy,7430.0,1300.0,720.0,300.0,9750.0,INR,Available,False
2026-08-22T10:30:00,2026-08-22,Airline Direct,Air India,MAA,DEL,MAA-DEL,0.086,2026-09-06,T+15,Economy,6450.0,1240.0,610.0,300.0,8600.0,INR,Available,False
2026-08-22T10:30:00,2026-08-22,Airline Direct,Air India,MAA,DEL,MAA-DEL,0.086,2026-09-21,T+30,Economy,5220.0,1070.0,510.0,300.0,7100.0,INR,Available,False
2026-08-22T10:30:00,2026-08-22,Airline Direct,Air India,MAA,DEL,MAA-DEL,0.086,2026-10-06,T+45,Economy,5150.0,1050.0,480.0,300.0,6980.0,INR,Available,False
2026-08-22T10:30:00,2026-08-22,OTA Aggregator,Air India Express,MAA,DEL,MAA-DEL,0.086,2026-08-23,T+1,Economy,10120.0,1730.0,890.0,300.0,13040.0,INR,Available,True
2026-08-22T10:30:00,2026-08-22,OTA Aggregator,Air India Express,MAA,DEL,MAA-DEL,0.086,2026-08-29,T+7,Economy,6320.0,1170.0,640.0,300.0,8430.0,INR,Available,False
2026-08-22T10:30:00,2026-08-22,OTA Aggregator,Air India Express,MAA,DEL,MAA-DEL,0.086,2026-09-06,T+15,Economy,5460.0,1040.0,520.0,300.0,7320.0,INR,Available,False
2026-08-22T10:30:00,2026-08-22,OTA Aggregator,Air India Express,MAA,DEL,MAA-DEL,0.086,2026-09-21,T+30,Economy,4680.0,970.0,440.0,300.0,6390.0,INR,Available,False
2026-08-22T10:30:00,2026-08-22,OTA Aggregator,Air India Express,MAA,DEL,MAA-DEL,0.086,2026-10-06,T+45,Economy,4490.0,900.0,510.0,300.0,6200.0,INR,Available,False
2026-08-22T10:30:00,2026-08-22,OTA Aggregator,Akasa Air,MAA,DEL,MAA-DEL,0.086,2026-08-23,T+1,Economy,8630.0,1490.0,820.0,300.0,11240.0,INR,Available,False
2026-08-22T10:30:00,2026-08-22,OTA Aggregator,Akasa Air,MAA,DEL,MAA-DEL,0.086,2026-08-29,T+7,Economy,6300.0,1130.0,620.0,300.0,8350.0,INR,Available,False
2026-08-22T10:30:00,2026-08-22,OTA Aggregator,Akasa Air,MAA,DEL,MAA-DEL,0.086,2026-09-06,T+15,Economy,5310.0,970.0,570.0,300.0,7150.0,INR,Available,False
2026-08-22T10:30:00,2026-08-22,OTA Aggregator,Akasa Air,MAA,DEL,MAA-DEL,0.086,2026-09-21,T+30,Economy,4650.0,950.0,500.0,300.0,6400.0,INR,Available,False
2026-08-22T10:30:00,2026-08-22,OTA Aggregator,Akasa Air,MAA,DEL,MAA-DEL,0.086,2026-10-06,T+45,Economy,3860.0,730.0,410.0,300.0,5300.0,INR,Available,False
2026-08-22T10:30:00,2026-08-22,OTA Aggregator,SpiceJet,MAA,DEL,MAA-DEL,0.086,2026-08-23,T+1,Economy,8510.0,1610.0,810.0,250.0,11180.0,INR,Available,False
2026-08-22T10:30:00,2026-08-22,OTA Aggregator,SpiceJet,MAA,DEL,MAA-DEL,0.086,2026-08-29,T+7,Economy,6330.0,1230.0,570.0,250.0,8380.0,INR,Available,False
2026-08-22T10:30:00,2026-08-22,OTA Aggregator,SpiceJet,MAA,DEL,MAA-DEL,0.086,2026-09-06,T+15,Economy,5560.0,1020.0,520.0,250.0,7350.0,INR,Available,False
2026-08-22T10:30:00,2026-08-22,OTA Aggregator,SpiceJet,MAA,DEL,MAA-DEL,0.086,2026-09-21,T+30,Economy,5120.0,970.0,470.0,250.0,6810.0,INR,Available,False
2026-08-22T10:30:00,2026-08-22,OTA Aggregator,SpiceJet,MAA,DEL,MAA-DEL,0.086,2026-10-06,T+45,Economy,4530.0,890.0,490.0,250.0,6160.0,INR,Available,False
2026-08-22T10:30:00,2026-08-22,Airline Direct,IndiGo,BOM,DEL,BOM-DEL,0.135,2026-08-23,T+1,Economy,9640.0,1790.0,920.0,250.0,12600.0,INR,Available,False
2026-08-22T10:30:00,2026-08-22,Airline Direct,IndiGo,BOM,DEL,BOM-DEL,0.135,2026-08-29,T+7,Economy,7440.0,1410.0,660.0,250.0,9760.0,INR,Available,False
2026-08-22T10:30:00,2026-08-22,Airline Direct,IndiGo,BOM,DEL,BOM-DEL,0.135,2026-09-06,T+15,Economy,6350.0,1160.0,650.0,250.0,8410.0,INR,Available,False
2026-08-22T10:30:00,2026-08-22,Airline Direct,IndiGo,BOM,DEL,BOM-DEL,0.135,2026-09-21,T+30,Economy,5420.0,1090.0,560.0,250.0,7320.0,INR,Available,False
2026-08-22T10:30:00,2026-08-22,Airline Direct,IndiGo,BOM,DEL,BOM-DEL,0.135,2026-10-06,T+45,Economy,5130.0,1050.0,490.0,250.0,6920.0,INR,Available,False
2026-08-22T10:30:00,2026-08-22,Airline Direct,Air India,BOM,DEL,BOM-DEL,0.135,2026-08-23,T+1,Economy,10800.0,1930.0,980.0,300.0,14010.0,INR,Available,False
2026-08-22T10:30:00,2026-08-22,Airline Direct,Air India,BOM,DEL,BOM-DEL,0.135,2026-08-29,T+7,Economy,8150.0,1550.0,770.0,300.0,10770.0,INR,Available,False
2026-08-22T10:30:00,2026-08-22,Airline Direct,Air India,BOM,DEL,BOM-DEL,0.135,2026-09-06,T+15,Economy,6860.0,1310.0,620.0,300.0,9090.0,INR,Available,False
2026-08-22T10:30:00,2026-08-22,Airline Direct,Air India,BOM,DEL,BOM-DEL,0.135,2026-09-21,T+30,Economy,6060.0,1110.0,560.0,300.0,8030.0,INR,Available,False
2026-08-22T10:30:00,2026-08-22,Airline Direct,Air India,BOM,DEL,BOM-DEL,0.135,2026-10-06,T+45,Economy,5540.0,1020.0,550.0,300.0,7410.0,INR,Available,False
2026-08-22T10:30:00,2026-08-22,OTA Aggregator,Air India Express,BOM,DEL,BOM-DEL,0.135,2026-08-23,T+1,Economy,9410.0,1680.0,800.0,300.0,12190.0,INR,Available,False
2026-08-22T10:30:00,2026-08-22,OTA Aggregator,Air India Express,BOM,DEL,BOM-DEL,0.135,2026-08-29,T+7,Economy,6880.0,1270.0,610.0,300.0,9060.0,INR,Available,False
2026-08-22T10:30:00,2026-08-22,OTA Aggregator,Air India Express,BOM,DEL,BOM-DEL,0.135,2026-09-06,T+15,Economy,5790.0,1120.0,590.0,300.0,7800.0,INR,Available,False
2026-08-22T10:30:00,2026-08-22,OTA Aggregator,Air India Express,BOM,DEL,BOM-DEL,0.135,2026-09-21,T+30,Economy,5190.0,960.0,520.0,300.0,6970.0,INR,Available,False
2026-08-22T10:30:00,2026-08-22,OTA Aggregator,Air India Express,BOM,DEL,BOM-DEL,0.135,2026-10-06,T+45,Economy,4880.0,1000.0,530.0,300.0,6710.0,INR,Available,False
2026-08-22T10:30:00,2026-08-22,OTA Aggregator,Akasa Air,BOM,DEL,BOM-DEL,0.135,2026-08-23,T+1,Economy,9510.0,1680.0,870.0,300.0,12360.0,INR,Available,False
2026-08-22T10:30:00,2026-08-22,OTA Aggregator,Akasa Air,BOM,DEL,BOM-DEL,0.135,2026-08-29,T+7,Economy,7330.0,1420.0,640.0,300.0,9690.0,INR,Available,False
2026-08-22T10:30:00,2026-08-22,OTA Aggregator,Akasa Air,BOM,DEL,BOM-DEL,0.135,2026-09-06,T+15,Economy,6320.0,1160.0,580.0,300.0,8360.0,INR,Available,False
2026-08-22T10:30:00,2026-08-22,OTA Aggregator,Akasa Air,BOM,DEL,BOM-DEL,0.135,2026-09-21,T+30,Economy,5150.0,1030.0,470.0,300.0,6950.0,INR,Available,False
2026-08-22T10:30:00,2026-08-22,OTA Aggregator,Akasa Air,BOM,DEL,BOM-DEL,0.135,2026-10-06,T+45,Economy,4760.0,970.0,500.0,300.0,6530.0,INR,Available,False
2026-08-22T10:30:00,2026-08-22,OTA Aggregator,SpiceJet,BOM,DEL,BOM-DEL,0.135,2026-08-23,T+1,Economy,9210.0,1690.0,870.0,250.0,12020.0,INR,Available,False
2026-08-22T10:30:00,2026-08-22,OTA Aggregator,SpiceJet,BOM,DEL,BOM-DEL,0.135,2026-08-29,T+7,Economy,7100.0,1360.0,710.0,250.0,9420.0,INR,Available,False
2026-08-22T10:30:00,2026-08-22,OTA Aggregator,SpiceJet,BOM,DEL,BOM-DEL,0.135,2026-09-06,T+15,Economy,6420.0,1250.0,650.0,250.0,8570.0,INR,Available,False
2026-08-22T10:30:00,2026-08-22,OTA Aggregator,SpiceJet,BOM,DEL,BOM-DEL,0.135,2026-09-21,T+30,Economy,5450.0,970.0,580.0,250.0,7250.0,INR,Available,False
2026-08-22T10:30:00,2026-08-22,OTA Aggregator,SpiceJet,BOM,DEL,BOM-DEL,0.135,2026-10-06,T+45,Economy,5240.0,960.0,510.0,250.0,6960.0,INR,Available,False
2026-08-22T10:30:00,2026-08-22,Airline Direct,IndiGo,HYD,DEL,HYD-DEL,0.105,2026-08-23,T+1,Economy,7380.0,1320.0,650.0,250.0,9600.0,INR,Available,False
2026-08-22T10:30:00,2026-08-22,Airline Direct,IndiGo,HYD,DEL,HYD-DEL,0.105,2026-08-29,T+7,Economy,5530.0,1070.0,520.0,250.0,7370.0,INR,Available,False
2026-08-22T10:30:00,2026-08-22,Airline Direct,IndiGo,HYD,DEL,HYD-DEL,0.105,2026-09-06,T+15,Economy,4780.0,900.0,480.0,250.0,6410.0,INR,Available,False
2026-08-22T10:30:00,2026-08-22,Airline Direct,IndiGo,HYD,DEL,HYD-DEL,0.105,2026-09-21,T+30,Economy,4110.0,780.0,400.0,250.0,5540.0,INR,Available,False
2026-08-22T10:30:00,2026-08-22,Airline Direct,IndiGo,HYD,DEL,HYD-DEL,0.105,2026-10-06,T+45,Economy,3940.0,880.0,400.0,250.0,5470.0,INR,Available,False
2026-08-22T10:30:00,2026-08-22,Airline Direct,Air India,HYD,DEL,HYD-DEL,0.105,2026-08-23,T+1,Economy,7600.0,1330.0,660.0,300.0,9890.0,INR,Available,False
2026-08-22T10:30:00,2026-08-22,Airline Direct,Air India,HYD,DEL,HYD-DEL,0.105,2026-08-29,T+7,Economy,6290.0,1180.0,590.0,300.0,8360.0,INR,Available,False
2026-08-22T10:30:00,2026-08-22,Airline Direct,Air India,HYD,DEL,HYD-DEL,0.105,2026-09-06,T+15,Economy,5340.0,1100.0,520.0,300.0,7260.0,INR,Available,False
2026-08-22T10:30:00,2026-08-22,Airline Direct,Air India,HYD,DEL,HYD-DEL,0.105,2026-09-21,T+30,Economy,4450.0,910.0,500.0,300.0,6160.0,INR,Available,False
2026-08-22T10:30:00,2026-08-22,Airline Direct,Air India,HYD,DEL,HYD-DEL,0.105,2026-10-06,T+45,Economy,4190.0,880.0,400.0,300.0,5770.0,INR,Available,False
2026-08-22T10:30:00,2026-08-22,OTA Aggregator,Air India Express,HYD,DEL,HYD-DEL,0.105,2026-08-23,T+1,Economy,7120.0,1280.0,640.0,300.0,9340.0,INR,Available,False
2026-08-22T10:30:00,2026-08-22,OTA Aggregator,Air India Express,HYD,DEL,HYD-DEL,0.105,2026-08-29,T+7,Economy,5070.0,1020.0,500.0,300.0,6890.0,INR,Available,False
2026-08-22T10:30:00,2026-08-22,OTA Aggregator,Air India Express,HYD,DEL,HYD-DEL,0.105,2026-09-06,T+15,Economy,4450.0,890.0,420.0,300.0,6060.0,INR,Available,False
2026-08-22T10:30:00,2026-08-22,OTA Aggregator,Air India Express,HYD,DEL,HYD-DEL,0.105,2026-09-21,T+30,Economy,3930.0,880.0,370.0,300.0,5480.0,INR,Available,False
2026-08-22T10:30:00,2026-08-22,OTA Aggregator,Air India Express,HYD,DEL,HYD-DEL,0.105,2026-10-06,T+45,Economy,3450.0,690.0,410.0,300.0,4850.0,INR,Available,False
2026-08-22T10:30:00,2026-08-22,OTA Aggregator,Akasa Air,HYD,DEL,HYD-DEL,0.105,2026-08-23,T+1,Economy,6360.0,1160.0,590.0,300.0,8410.0,INR,Available,False
2026-08-22T10:30:00,2026-08-22,OTA Aggregator,Akasa Air,HYD,DEL,HYD-DEL,0.105,2026-08-29,T+7,Economy,5500.0,1110.0,560.0,300.0,7470.0,INR,Available,False
2026-08-22T10:30:00,2026-08-22,OTA Aggregator,Akasa Air,HYD,DEL,HYD-DEL,0.105,2026-09-06,T+15,Economy,4750.0,900.0,490.0,300.0,6440.0,INR,Available,False
2026-08-22T10:30:00,2026-08-22,OTA Aggregator,Akasa Air,HYD,DEL,HYD-DEL,0.105,2026-09-21,T+30,Economy,4070.0,820.0,450.0,300.0,5640.0,INR,Available,False
2026-08-22T10:30:00,2026-08-22,OTA Aggregator,Akasa Air,HYD,DEL,HYD-DEL,0.105,2026-10-06,T+45,Economy,3800.0,840.0,390.0,300.0,5330.0,INR,Available,False
2026-08-22T10:30:00,2026-08-22,OTA Aggregator,SpiceJet,HYD,DEL,HYD-DEL,0.105,2026-08-23,T+1,Economy,6770.0,1260.0,630.0,250.0,8910.0,INR,Available,False
2026-08-22T10:30:00,2026-08-22,OTA Aggregator,SpiceJet,HYD,DEL,HYD-DEL,0.105,2026-08-29,T+7,Economy,5560.0,1060.0,540.0,250.0,7410.0,INR,Available,False
2026-08-22T10:30:00,2026-08-22,OTA Aggregator,SpiceJet,HYD,DEL,HYD-DEL,0.105,2026-09-06,T+15,Economy,4700.0,950.0,440.0,250.0,6340.0,INR,Available,False
2026-08-22T10:30:00,2026-08-22,OTA Aggregator,SpiceJet,HYD,DEL,HYD-DEL,0.105,2026-09-21,T+30,Economy,4110.0,860.0,380.0,250.0,5600.0,INR,Available,False
2026-08-22T10:30:00,2026-08-22,OTA Aggregator,SpiceJet,HYD,DEL,HYD-DEL,0.105,2026-10-06,T+45,Economy,3720.0,730.0,420.0,250.0,5120.0,INR,Available,False
2026-08-23T10:30:00,2026-08-23,Airline Direct,IndiGo,DEL,BOM,DEL-BOM,0.182,2026-08-24,T+1,Economy,10540.0,1930.0,950.0,300.0,13720.0,INR,Available,False
2026-08-23T10:30:00,2026-08-23,Airline Direct,IndiGo,DEL,BOM,DEL-BOM,0.182,2026-08-30,T+7,Economy,8100.0,1500.0,760.0,300.0,10660.0,INR,Available,False
2026-08-23T10:30:00,2026-08-23,Airline Direct,IndiGo,DEL,BOM,DEL-BOM,0.182,2026-09-07,T+15,Economy,6700.0,1290.0,650.0,300.0,8940.0,INR,Available,False
2026-08-23T10:30:00,2026-08-23,Airline Direct,IndiGo,DEL,BOM,DEL-BOM,0.182,2026-09-22,T+30,Economy,5790.0,1150.0,560.0,300.0,7800.0,INR,Available,False
2026-08-23T10:30:00,2026-08-23,Airline Direct,IndiGo,DEL,BOM,DEL-BOM,0.182,2026-10-07,T+45,Economy,5560.0,1000.0,580.0,300.0,7440.0,INR,Available,False
2026-08-23T10:30:00,2026-08-23,Airline Direct,Air India,DEL,BOM,DEL-BOM,0.182,2026-08-24,T+1,Economy,11070.0,2000.0,950.0,250.0,14270.0,INR,Available,False
2026-08-23T10:30:00,2026-08-23,Airline Direct,Air India,DEL,BOM,DEL-BOM,0.182,2026-08-30,T+7,Economy,8890.0,1590.0,840.0,250.0,11570.0,INR,Available,False
2026-08-23T10:30:00,2026-08-23,Airline Direct,Air India,DEL,BOM,DEL-BOM,0.182,2026-09-07,T+15,Economy,7380.0,1400.0,710.0,250.0,9740.0,INR,Available,False
2026-08-23T10:30:00,2026-08-23,Airline Direct,Air India,DEL,BOM,DEL-BOM,0.182,2026-09-22,T+30,Economy,6350.0,1140.0,560.0,250.0,8300.0,INR,Available,False
2026-08-23T10:30:00,2026-08-23,Airline Direct,Air India,DEL,BOM,DEL-BOM,0.182,2026-10-07,T+45,Economy,6020.0,1100.0,550.0,250.0,7920.0,INR,Available,False
2026-08-23T10:30:00,2026-08-23,OTA Aggregator,Air India Express,DEL,BOM,DEL-BOM,0.182,2026-08-24,T+1,Economy,11330.0,1920.0,1040.0,250.0,14540.0,INR,Available,True
2026-08-23T10:30:00,2026-08-23,OTA Aggregator,Air India Express,DEL,BOM,DEL-BOM,0.182,2026-08-30,T+7,Economy,7390.0,1370.0,680.0,250.0,9690.0,INR,Available,False
2026-08-23T10:30:00,2026-08-23,OTA Aggregator,Air India Express,DEL,BOM,DEL-BOM,0.182,2026-09-07,T+15,Economy,6250.0,1130.0,620.0,250.0,8250.0,INR,Available,False
2026-08-23T10:30:00,2026-08-23,OTA Aggregator,Air India Express,DEL,BOM,DEL-BOM,0.182,2026-09-22,T+30,Economy,5470.0,1090.0,530.0,250.0,7340.0,INR,Available,False
2026-08-23T10:30:00,2026-08-23,OTA Aggregator,Air India Express,DEL,BOM,DEL-BOM,0.182,2026-10-07,T+45,Economy,4910.0,920.0,470.0,250.0,6550.0,INR,Available,False
2026-08-23T10:30:00,2026-08-23,OTA Aggregator,Akasa Air,DEL,BOM,DEL-BOM,0.182,2026-08-24,T+1,Economy,9610.0,1650.0,860.0,250.0,12370.0,INR,Available,False
2026-08-23T10:30:00,2026-08-23,OTA Aggregator,Akasa Air,DEL,BOM,DEL-BOM,0.182,2026-08-30,T+7,Economy,7730.0,1490.0,740.0,250.0,10210.0,INR,Available,False
2026-08-23T10:30:00,2026-08-23,OTA Aggregator,Akasa Air,DEL,BOM,DEL-BOM,0.182,2026-09-07,T+15,Economy,6390.0,1270.0,640.0,250.0,8550.0,INR,Available,False
2026-08-23T10:30:00,2026-08-23,OTA Aggregator,Akasa Air,DEL,BOM,DEL-BOM,0.182,2026-09-22,T+30,Economy,5510.0,1080.0,530.0,250.0,7370.0,INR,Available,False
2026-08-23T10:30:00,2026-08-23,OTA Aggregator,Akasa Air,DEL,BOM,DEL-BOM,0.182,2026-10-07,T+45,Economy,4970.0,940.0,510.0,250.0,6670.0,INR,Available,False
2026-08-23T10:30:00,2026-08-23,OTA Aggregator,SpiceJet,DEL,BOM,DEL-BOM,0.182,2026-08-24,T+1,Economy,10180.0,1870.0,940.0,300.0,13290.0,INR,Available,False
2026-08-23T10:30:00,2026-08-23,OTA Aggregator,SpiceJet,DEL,BOM,DEL-BOM,0.182,2026-08-30,T+7,Economy,7890.0,1440.0,700.0,300.0,10330.0,INR,Available,False
2026-08-23T10:30:00,2026-08-23,OTA Aggregator,SpiceJet,DEL,BOM,DEL-BOM,0.182,2026-09-07,T+15,Economy,6870.0,1330.0,680.0,300.0,9180.0,INR,Available,False
2026-08-23T10:30:00,2026-08-23,OTA Aggregator,SpiceJet,DEL,BOM,DEL-BOM,0.182,2026-09-22,T+30,Economy,5720.0,1040.0,570.0,300.0,7630.0,INR,Available,False
2026-08-23T10:30:00,2026-08-23,OTA Aggregator,SpiceJet,DEL,BOM,DEL-BOM,0.182,2026-10-07,T+45,Economy,5170.0,1050.0,490.0,300.0,7010.0,INR,Available,False
2026-08-23T10:30:00,2026-08-23,Airline Direct,IndiGo,DEL,BLR,DEL-BLR,0.154,2026-08-24,T+1,Economy,9680.0,1790.0,860.0,300.0,12630.0,INR,Available,False
2026-08-23T10:30:00,2026-08-23,Airline Direct,IndiGo,DEL,BLR,DEL-BLR,0.154,2026-08-30,T+7,Economy,7560.0,1340.0,690.0,300.0,9890.0,INR,Available,False
2026-08-23T10:30:00,2026-08-23,Airline Direct,IndiGo,DEL,BLR,DEL-BLR,0.154,2026-09-07,T+15,Economy,6240.0,1230.0,590.0,300.0,8360.0,INR,Available,False
2026-08-23T10:30:00,2026-08-23,Airline Direct,IndiGo,DEL,BLR,DEL-BLR,0.154,2026-09-22,T+30,Economy,5570.0,1050.0,570.0,300.0,7490.0,INR,Available,False
2026-08-23T10:30:00,2026-08-23,Airline Direct,IndiGo,DEL,BLR,DEL-BLR,0.154,2026-10-07,T+45,Economy,5280.0,960.0,480.0,300.0,7020.0,INR,Available,False
2026-08-23T10:30:00,2026-08-23,Airline Direct,Air India,DEL,BLR,DEL-BLR,0.154,2026-08-24,T+1,Economy,10460.0,1910.0,930.0,250.0,13550.0,INR,Available,False
2026-08-23T10:30:00,2026-08-23,Airline Direct,Air India,DEL,BLR,DEL-BLR,0.154,2026-08-30,T+7,Economy,8740.0,1590.0,800.0,250.0,11380.0,INR,Available,False
2026-08-23T10:30:00,2026-08-23,Airline Direct,Air India,DEL,BLR,DEL-BLR,0.154,2026-09-07,T+15,Economy,6870.0,1320.0,630.0,250.0,9070.0,INR,Available,False
2026-08-23T10:30:00,2026-08-23,Airline Direct,Air India,DEL,BLR,DEL-BLR,0.154,2026-09-22,T+30,Economy,6090.0,1110.0,630.0,250.0,8080.0,INR,Available,False
2026-08-23T10:30:00,2026-08-23,Airline Direct,Air India,DEL,BLR,DEL-BLR,0.154,2026-10-07,T+45,Economy,5590.0,1040.0,530.0,250.0,7410.0,INR,Available,False
2026-08-23T10:30:00,2026-08-23,OTA Aggregator,Air India Express,DEL,BLR,DEL-BLR,0.154,2026-08-24,T+1,Economy,8860.0,1610.0,790.0,250.0,11510.0,INR,Available,False
2026-08-23T10:30:00,2026-08-23,OTA Aggregator,Air India Express,DEL,BLR,DEL-BLR,0.154,2026-08-30,T+7,Economy,7220.0,1390.0,650.0,250.0,9510.0,INR,Available,False
2026-08-23T10:30:00,2026-08-23,OTA Aggregator,Air India Express,DEL,BLR,DEL-BLR,0.154,2026-09-07,T+15,Economy,5820.0,1120.0,590.0,250.0,7780.0,INR,Available,False
2026-08-23T10:30:00,2026-08-23,OTA Aggregator,Air India Express,DEL,BLR,DEL-BLR,0.154,2026-09-22,T+30,Economy,5000.0,980.0,460.0,250.0,6690.0,INR,Available,False
2026-08-23T10:30:00,2026-08-23,OTA Aggregator,Air India Express,DEL,BLR,DEL-BLR,0.154,2026-10-07,T+45,Economy,4450.0,820.0,420.0,250.0,5940.0,INR,Available,False
2026-08-23T10:30:00,2026-08-23,OTA Aggregator,Akasa Air,DEL,BLR,DEL-BLR,0.154,2026-08-24,T+1,Economy,8950.0,1580.0,770.0,250.0,11550.0,INR,Available,False
2026-08-23T10:30:00,2026-08-23,OTA Aggregator,Akasa Air,DEL,BLR,DEL-BLR,0.154,2026-08-30,T+7,Economy,7120.0,1270.0,710.0,250.0,9350.0,INR,Available,False
2026-08-23T10:30:00,2026-08-23,OTA Aggregator,Akasa Air,DEL,BLR,DEL-BLR,0.154,2026-09-07,T+15,Economy,6350.0,1200.0,580.0,250.0,8380.0,INR,Available,False
2026-08-23T10:30:00,2026-08-23,OTA Aggregator,Akasa Air,DEL,BLR,DEL-BLR,0.154,2026-09-22,T+30,Economy,5040.0,1030.0,500.0,250.0,6820.0,INR,Available,False
2026-08-23T10:30:00,2026-08-23,OTA Aggregator,Akasa Air,DEL,BLR,DEL-BLR,0.154,2026-10-07,T+45,Economy,4760.0,1010.0,510.0,250.0,6530.0,INR,Available,False
2026-08-23T10:30:00,2026-08-23,OTA Aggregator,SpiceJet,DEL,BLR,DEL-BLR,0.154,2026-08-24,T+1,Economy,9750.0,1740.0,880.0,300.0,12670.0,INR,Available,False
2026-08-23T10:30:00,2026-08-23,OTA Aggregator,SpiceJet,DEL,BLR,DEL-BLR,0.154,2026-08-30,T+7,Economy,7340.0,1420.0,670.0,300.0,9730.0,INR,Available,False
2026-08-23T10:30:00,2026-08-23,OTA Aggregator,SpiceJet,DEL,BLR,DEL-BLR,0.154,2026-09-07,T+15,Economy,6220.0,1220.0,570.0,300.0,8310.0,INR,Available,False
2026-08-23T10:30:00,2026-08-23,OTA Aggregator,SpiceJet,DEL,BLR,DEL-BLR,0.154,2026-09-22,T+30,Economy,5100.0,970.0,550.0,300.0,6920.0,INR,Available,False
2026-08-23T10:30:00,2026-08-23,OTA Aggregator,SpiceJet,DEL,BLR,DEL-BLR,0.154,2026-10-07,T+45,Economy,4950.0,910.0,510.0,300.0,6670.0,INR,Available,False
2026-08-23T10:30:00,2026-08-23,Airline Direct,IndiGo,BOM,BLR,BOM-BLR,0.127,2026-08-24,T+1,Economy,7980.0,1460.0,710.0,300.0,10450.0,INR,Available,False
2026-08-23T10:30:00,2026-08-23,Airline Direct,IndiGo,BOM,BLR,BOM-BLR,0.127,2026-08-30,T+7,Economy,6420.0,1250.0,660.0,300.0,8630.0,INR,Available,False
2026-08-23T10:30:00,2026-08-23,Airline Direct,IndiGo,BOM,BLR,BOM-BLR,0.127,2026-09-07,T+15,Economy,5310.0,1020.0,550.0,300.0,7180.0,INR,Available,False
2026-08-23T10:30:00,2026-08-23,Airline Direct,IndiGo,BOM,BLR,BOM-BLR,0.127,2026-09-22,T+30,Economy,4630.0,880.0,420.0,300.0,6230.0,INR,Available,False
2026-08-23T10:30:00,2026-08-23,Airline Direct,IndiGo,BOM,BLR,BOM-BLR,0.127,2026-10-07,T+45,Economy,4430.0,870.0,450.0,300.0,6050.0,INR,Available,False
2026-08-23T10:30:00,2026-08-23,Airline Direct,Air India,BOM,BLR,BOM-BLR,0.127,2026-08-24,T+1,Economy,8940.0,1630.0,840.0,250.0,11660.0,INR,Available,False
2026-08-23T10:30:00,2026-08-23,Airline Direct,Air India,BOM,BLR,BOM-BLR,0.127,2026-08-30,T+7,Economy,6980.0,1320.0,700.0,250.0,9250.0,INR,Available,False
2026-08-23T10:30:00,2026-08-23,Airline Direct,Air India,BOM,BLR,BOM-BLR,0.127,2026-09-07,T+15,Economy,5870.0,1140.0,590.0,250.0,7850.0,INR,Available,False
2026-08-23T10:30:00,2026-08-23,Airline Direct,Air India,BOM,BLR,BOM-BLR,0.127,2026-09-22,T+30,Economy,4920.0,1000.0,470.0,250.0,6640.0,INR,Available,False
2026-08-23T10:30:00,2026-08-23,Airline Direct,Air India,BOM,BLR,BOM-BLR,0.127,2026-10-07,T+45,Economy,4510.0,910.0,440.0,250.0,6110.0,INR,Available,False
2026-08-23T10:30:00,2026-08-23,OTA Aggregator,Air India Express,BOM,BLR,BOM-BLR,0.127,2026-08-24,T+1,Economy,7700.0,1410.0,690.0,250.0,10050.0,INR,Available,False
2026-08-23T10:30:00,2026-08-23,OTA Aggregator,Air India Express,BOM,BLR,BOM-BLR,0.127,2026-08-30,T+7,Economy,6100.0,1120.0,570.0,250.0,8040.0,INR,Available,False
2026-08-23T10:30:00,2026-08-23,OTA Aggregator,Air India Express,BOM,BLR,BOM-BLR,0.127,2026-09-07,T+15,Economy,5000.0,960.0,510.0,250.0,6720.0,INR,Available,False
2026-08-23T10:30:00,2026-08-23,OTA Aggregator,Air India Express,BOM,BLR,BOM-BLR,0.127,2026-09-22,T+30,Economy,4320.0,840.0,460.0,250.0,5870.0,INR,Available,False
2026-08-23T10:30:00,2026-08-23,OTA Aggregator,Air India Express,BOM,BLR,BOM-BLR,0.127,2026-10-07,T+45,Economy,4120.0,780.0,450.0,250.0,5600.0,INR,Available,False
2026-08-23T10:30:00,2026-08-23,OTA Aggregator,Akasa Air,BOM,BLR,BOM-BLR,0.127,2026-08-24,T+1,Economy,8060.0,1390.0,740.0,250.0,10440.0,INR,Available,False
2026-08-23T10:30:00,2026-08-23,OTA Aggregator,Akasa Air,BOM,BLR,BOM-BLR,0.127,2026-08-30,T+7,Economy,5730.0,1120.0,540.0,250.0,7640.0,INR,Available,False
2026-08-23T10:30:00,2026-08-23,OTA Aggregator,Akasa Air,BOM,BLR,BOM-BLR,0.127,2026-09-07,T+15,Economy,4660.0,890.0,430.0,250.0,6230.0,INR,Available,False
2026-08-23T10:30:00,2026-08-23,OTA Aggregator,Akasa Air,BOM,BLR,BOM-BLR,0.127,2026-09-22,T+30,Economy,4540.0,880.0,480.0,250.0,6150.0,INR,Available,False
2026-08-23T10:30:00,2026-08-23,OTA Aggregator,Akasa Air,BOM,BLR,BOM-BLR,0.127,2026-10-07,T+45,Economy,4340.0,880.0,440.0,250.0,5910.0,INR,Available,False
2026-08-23T10:30:00,2026-08-23,OTA Aggregator,SpiceJet,BOM,BLR,BOM-BLR,0.127,2026-08-24,T+1,Economy,8560.0,1510.0,750.0,300.0,11120.0,INR,Available,False
2026-08-23T10:30:00,2026-08-23,OTA Aggregator,SpiceJet,BOM,BLR,BOM-BLR,0.127,2026-08-30,T+7,Economy,6160.0,1110.0,610.0,300.0,8180.0,INR,Available,False
2026-08-23T10:30:00,2026-08-23,OTA Aggregator,SpiceJet,BOM,BLR,BOM-BLR,0.127,2026-09-07,T+15,Economy,5170.0,950.0,540.0,300.0,6960.0,INR,Available,False
2026-08-23T10:30:00,2026-08-23,OTA Aggregator,SpiceJet,BOM,BLR,BOM-BLR,0.127,2026-09-22,T+30,Economy,4690.0,980.0,510.0,300.0,6480.0,INR,Available,False
2026-08-23T10:30:00,2026-08-23,OTA Aggregator,SpiceJet,BOM,BLR,BOM-BLR,0.127,2026-10-07,T+45,Economy,4320.0,790.0,410.0,300.0,5820.0,INR,Available,False
2026-08-23T10:30:00,2026-08-23,Airline Direct,IndiGo,DEL,CCU,DEL-CCU,0.113,2026-08-24,T+1,Economy,7930.0,1480.0,690.0,300.0,10400.0,INR,Available,False
2026-08-23T10:30:00,2026-08-23,Airline Direct,IndiGo,DEL,CCU,DEL-CCU,0.113,2026-08-30,T+7,Economy,5340.0,1000.0,560.0,300.0,7200.0,INR,Available,False
2026-08-23T10:30:00,2026-08-23,Airline Direct,IndiGo,DEL,CCU,DEL-CCU,0.113,2026-09-07,T+15,Economy,5080.0,940.0,490.0,300.0,6810.0,INR,Available,False
2026-08-23T10:30:00,2026-08-23,Airline Direct,IndiGo,DEL,CCU,DEL-CCU,0.113,2026-09-22,T+30,Economy,4640.0,980.0,510.0,300.0,6430.0,INR,Available,False
2026-08-23T10:30:00,2026-08-23,Airline Direct,IndiGo,DEL,CCU,DEL-CCU,0.113,2026-10-07,T+45,Economy,4200.0,820.0,440.0,300.0,5760.0,INR,Available,False
2026-08-23T10:30:00,2026-08-23,Airline Direct,Air India,DEL,CCU,DEL-CCU,0.113,2026-08-24,T+1,Economy,8430.0,1500.0,810.0,250.0,10990.0,INR,Available,False
2026-08-23T10:30:00,2026-08-23,Airline Direct,Air India,DEL,CCU,DEL-CCU,0.113,2026-08-30,T+7,Economy,6470.0,1190.0,620.0,250.0,8530.0,INR,Available,False
2026-08-23T10:30:00,2026-08-23,Airline Direct,Air India,DEL,CCU,DEL-CCU,0.113,2026-09-07,T+15,Economy,5290.0,1090.0,500.0,250.0,7130.0,INR,Available,False
2026-08-23T10:30:00,2026-08-23,Airline Direct,Air India,DEL,CCU,DEL-CCU,0.113,2026-09-22,T+30,Economy,4450.0,910.0,450.0,250.0,6060.0,INR,Available,False
2026-08-23T10:30:00,2026-08-23,Airline Direct,Air India,DEL,CCU,DEL-CCU,0.113,2026-10-07,T+45,Economy,4450.0,930.0,420.0,250.0,6050.0,INR,Available,False
2026-08-23T10:30:00,2026-08-23,OTA Aggregator,Air India Express,DEL,CCU,DEL-CCU,0.113,2026-08-24,T+1,Economy,7040.0,1250.0,690.0,250.0,9230.0,INR,Available,False
2026-08-23T10:30:00,2026-08-23,OTA Aggregator,Air India Express,DEL,CCU,DEL-CCU,0.113,2026-08-30,T+7,Economy,5660.0,1080.0,590.0,250.0,7580.0,INR,Available,False
2026-08-23T10:30:00,2026-08-23,OTA Aggregator,Air India Express,DEL,CCU,DEL-CCU,0.113,2026-09-07,T+15,Economy,5020.0,1020.0,530.0,250.0,6820.0,INR,Available,False
2026-08-23T10:30:00,2026-08-23,OTA Aggregator,Air India Express,DEL,CCU,DEL-CCU,0.113,2026-09-22,T+30,Economy,4200.0,840.0,470.0,250.0,5760.0,INR,Available,False
2026-08-23T10:30:00,2026-08-23,OTA Aggregator,Air India Express,DEL,CCU,DEL-CCU,0.113,2026-10-07,T+45,Economy,3940.0,870.0,370.0,250.0,5430.0,INR,Available,False
2026-08-23T10:30:00,2026-08-23,OTA Aggregator,Akasa Air,DEL,CCU,DEL-CCU,0.113,2026-08-24,T+1,Economy,7540.0,1320.0,660.0,250.0,9770.0,INR,Available,False
2026-08-23T10:30:00,2026-08-23,OTA Aggregator,Akasa Air,DEL,CCU,DEL-CCU,0.113,2026-08-30,T+7,Economy,5610.0,1020.0,520.0,250.0,7400.0,INR,Available,False
2026-08-23T10:30:00,2026-08-23,OTA Aggregator,Akasa Air,DEL,CCU,DEL-CCU,0.113,2026-09-07,T+15,Economy,5170.0,1080.0,510.0,250.0,7010.0,INR,Available,False
2026-08-23T10:30:00,2026-08-23,OTA Aggregator,Akasa Air,DEL,CCU,DEL-CCU,0.113,2026-09-22,T+30,Economy,4200.0,850.0,440.0,250.0,5740.0,INR,Available,False
2026-08-23T10:30:00,2026-08-23,OTA Aggregator,Akasa Air,DEL,CCU,DEL-CCU,0.113,2026-10-07,T+45,Economy,4050.0,750.0,370.0,250.0,5420.0,INR,Available,False
2026-08-23T10:30:00,2026-08-23,OTA Aggregator,SpiceJet,DEL,CCU,DEL-CCU,0.113,2026-08-24,T+1,Economy,8290.0,1440.0,780.0,300.0,10810.0,INR,Available,False
2026-08-23T10:30:00,2026-08-23,OTA Aggregator,SpiceJet,DEL,CCU,DEL-CCU,0.113,2026-08-30,T+7,Economy,5850.0,1180.0,620.0,300.0,7950.0,INR,Available,False
2026-08-23T10:30:00,2026-08-23,OTA Aggregator,SpiceJet,DEL,CCU,DEL-CCU,0.113,2026-09-07,T+15,Economy,4930.0,1030.0,470.0,300.0,6730.0,INR,Available,False
2026-08-23T10:30:00,2026-08-23,OTA Aggregator,SpiceJet,DEL,CCU,DEL-CCU,0.113,2026-09-22,T+30,Economy,4110.0,880.0,470.0,300.0,5760.0,INR,Available,False
2026-08-23T10:30:00,2026-08-23,OTA Aggregator,SpiceJet,DEL,CCU,DEL-CCU,0.113,2026-10-07,T+45,Economy,3970.0,860.0,410.0,300.0,5540.0,INR,Available,False
2026-08-23T10:30:00,2026-08-23,Airline Direct,IndiGo,BLR,HYD,BLR-HYD,0.098,2026-08-24,T+1,Economy,7340.0,1390.0,680.0,300.0,9710.0,INR,Available,True
2026-08-23T10:30:00,2026-08-23,Airline Direct,IndiGo,BLR,HYD,BLR-HYD,0.098,2026-08-30,T+7,Economy,4620.0,990.0,430.0,300.0,6340.0,INR,Available,False
2026-08-23T10:30:00,2026-08-23,Airline Direct,IndiGo,BLR,HYD,BLR-HYD,0.098,2026-09-07,T+15,Economy,3900.0,850.0,440.0,300.0,5490.0,INR,Available,False
2026-08-23T10:30:00,2026-08-23,Airline Direct,IndiGo,BLR,HYD,BLR-HYD,0.098,2026-09-22,T+30,Economy,3540.0,800.0,360.0,300.0,5000.0,INR,Available,False
2026-08-23T10:30:00,2026-08-23,Airline Direct,IndiGo,BLR,HYD,BLR-HYD,0.098,2026-10-07,T+45,Economy,3110.0,720.0,350.0,300.0,4480.0,INR,Available,False
2026-08-23T10:30:00,2026-08-23,Airline Direct,Air India,BLR,HYD,BLR-HYD,0.098,2026-08-24,T+1,Economy,6240.0,1210.0,570.0,250.0,8270.0,INR,Available,False
2026-08-23T10:30:00,2026-08-23,Airline Direct,Air India,BLR,HYD,BLR-HYD,0.098,2026-08-30,T+7,Economy,4900.0,960.0,480.0,250.0,6590.0,INR,Available,False
2026-08-23T10:30:00,2026-08-23,Airline Direct,Air India,BLR,HYD,BLR-HYD,0.098,2026-09-07,T+15,Economy,4310.0,820.0,430.0,250.0,5810.0,INR,Available,False
2026-08-23T10:30:00,2026-08-23,Airline Direct,Air India,BLR,HYD,BLR-HYD,0.098,2026-09-22,T+30,Economy,3600.0,700.0,390.0,250.0,4940.0,INR,Available,False
2026-08-23T10:30:00,2026-08-23,Airline Direct,Air India,BLR,HYD,BLR-HYD,0.098,2026-10-07,T+45,Economy,3310.0,750.0,370.0,250.0,4680.0,INR,Available,False
2026-08-23T10:30:00,2026-08-23,OTA Aggregator,Air India Express,BLR,HYD,BLR-HYD,0.098,2026-08-24,T+1,Economy,5520.0,1080.0,540.0,250.0,7390.0,INR,Available,False
2026-08-23T10:30:00,2026-08-23,OTA Aggregator,Air India Express,BLR,HYD,BLR-HYD,0.098,2026-08-30,T+7,Economy,4340.0,900.0,400.0,250.0,5890.0,INR,Available,False
2026-08-23T10:30:00,2026-08-23,OTA Aggregator,Air India Express,BLR,HYD,BLR-HYD,0.098,2026-09-07,T+15,Economy,3640.0,720.0,420.0,250.0,5030.0,INR,Available,False
2026-08-23T10:30:00,2026-08-23,OTA Aggregator,Air India Express,BLR,HYD,BLR-HYD,0.098,2026-09-22,T+30,Economy,3180.0,610.0,330.0,250.0,4370.0,INR,Available,False
2026-08-23T10:30:00,2026-08-23,OTA Aggregator,Air India Express,BLR,HYD,BLR-HYD,0.098,2026-10-07,T+45,Economy,2950.0,570.0,340.0,250.0,4110.0,INR,Available,False
2026-08-23T10:30:00,2026-08-23,OTA Aggregator,Akasa Air,BLR,HYD,BLR-HYD,0.098,2026-08-24,T+1,Economy,5700.0,1040.0,570.0,250.0,7560.0,INR,Available,False
2026-08-23T10:30:00,2026-08-23,OTA Aggregator,Akasa Air,BLR,HYD,BLR-HYD,0.098,2026-08-30,T+7,Economy,4630.0,860.0,440.0,250.0,6180.0,INR,Available,False
2026-08-23T10:30:00,2026-08-23,OTA Aggregator,Akasa Air,BLR,HYD,BLR-HYD,0.098,2026-09-07,T+15,Economy,3630.0,710.0,360.0,250.0,4950.0,INR,Available,False
2026-08-23T10:30:00,2026-08-23,OTA Aggregator,Akasa Air,BLR,HYD,BLR-HYD,0.098,2026-09-22,T+30,Economy,3140.0,700.0,350.0,250.0,4440.0,INR,Available,False
2026-08-23T10:30:00,2026-08-23,OTA Aggregator,Akasa Air,BLR,HYD,BLR-HYD,0.098,2026-10-07,T+45,Economy,2800.0,660.0,350.0,250.0,4060.0,INR,Available,False
2026-08-23T10:30:00,2026-08-23,OTA Aggregator,SpiceJet,BLR,HYD,BLR-HYD,0.098,2026-08-24,T+1,Economy,5940.0,1180.0,570.0,300.0,7990.0,INR,Available,False
2026-08-23T10:30:00,2026-08-23,OTA Aggregator,SpiceJet,BLR,HYD,BLR-HYD,0.098,2026-08-30,T+7,Economy,4690.0,910.0,450.0,300.0,6350.0,INR,Available,False
2026-08-23T10:30:00,2026-08-23,OTA Aggregator,SpiceJet,BLR,HYD,BLR-HYD,0.098,2026-09-07,T+15,Economy,3650.0,830.0,400.0,300.0,5180.0,INR,Available,False
2026-08-23T10:30:00,2026-08-23,OTA Aggregator,SpiceJet,BLR,HYD,BLR-HYD,0.098,2026-09-22,T+30,Economy,3140.0,750.0,340.0,300.0,4530.0,INR,Available,False
2026-08-23T10:30:00,2026-08-23,OTA Aggregator,SpiceJet,BLR,HYD,BLR-HYD,0.098,2026-10-07,T+45,Economy,2800.0,580.0,290.0,300.0,3970.0,INR,Available,False
2026-08-23T10:30:00,2026-08-23,Airline Direct,IndiGo,MAA,DEL,MAA-DEL,0.086,2026-08-24,T+1,Economy,8770.0,1650.0,760.0,300.0,11480.0,INR,Available,False
2026-08-23T10:30:00,2026-08-23,Airline Direct,IndiGo,MAA,DEL,MAA-DEL,0.086,2026-08-30,T+7,Economy,6820.0,1220.0,630.0,300.0,8970.0,INR,Available,False
2026-08-23T10:30:00,2026-08-23,Airline Direct,IndiGo,MAA,DEL,MAA-DEL,0.086,2026-09-07,T+15,Economy,5630.0,1020.0,550.0,300.0,7500.0,INR,Available,False
2026-08-23T10:30:00,2026-08-23,Airline Direct,IndiGo,MAA,DEL,MAA-DEL,0.086,2026-09-22,T+30,Economy,4950.0,910.0,490.0,300.0,6650.0,INR,Available,False
2026-08-23T10:30:00,2026-08-23,Airline Direct,IndiGo,MAA,DEL,MAA-DEL,0.086,2026-10-07,T+45,Economy,4470.0,960.0,440.0,300.0,6170.0,INR,Available,False
2026-08-23T10:30:00,2026-08-23,Airline Direct,Air India,MAA,DEL,MAA-DEL,0.086,2026-08-24,T+1,Economy,9940.0,1760.0,940.0,250.0,12890.0,INR,Available,False
2026-08-23T10:30:00,2026-08-23,Airline Direct,Air India,MAA,DEL,MAA-DEL,0.086,2026-08-30,T+7,Economy,7540.0,1420.0,750.0,250.0,9960.0,INR,Available,False
2026-08-23T10:30:00,2026-08-23,Airline Direct,Air India,MAA,DEL,MAA-DEL,0.086,2026-09-07,T+15,Economy,6420.0,1230.0,640.0,250.0,8540.0,INR,Available,False
2026-08-23T10:30:00,2026-08-23,Airline Direct,Air India,MAA,DEL,MAA-DEL,0.086,2026-09-22,T+30,Economy,5560.0,1070.0,590.0,250.0,7470.0,INR,Available,False
2026-08-23T10:30:00,2026-08-23,Airline Direct,Air India,MAA,DEL,MAA-DEL,0.086,2026-10-07,T+45,Economy,5130.0,1020.0,490.0,250.0,6890.0,INR,Available,False
2026-08-23T10:30:00,2026-08-23,OTA Aggregator,Air India Express,MAA,DEL,MAA-DEL,0.086,2026-08-24,T+1,Economy,10370.0,1900.0,940.0,250.0,13460.0,INR,Available,True
2026-08-23T10:30:00,2026-08-23,OTA Aggregator,Air India Express,MAA,DEL,MAA-DEL,0.086,2026-08-30,T+7,Economy,6150.0,1210.0,630.0,250.0,8240.0,INR,Available,False
2026-08-23T10:30:00,2026-08-23,OTA Aggregator,Air India Express,MAA,DEL,MAA-DEL,0.086,2026-09-07,T+15,Economy,5310.0,1070.0,540.0,250.0,7170.0,INR,Available,False
2026-08-23T10:30:00,2026-08-23,OTA Aggregator,Air India Express,MAA,DEL,MAA-DEL,0.086,2026-09-22,T+30,Economy,4460.0,810.0,490.0,250.0,6010.0,INR,Available,False
2026-08-23T10:30:00,2026-08-23,OTA Aggregator,Air India Express,MAA,DEL,MAA-DEL,0.086,2026-10-07,T+45,Economy,4170.0,780.0,450.0,250.0,5650.0,INR,Available,False
2026-08-23T10:30:00,2026-08-23,OTA Aggregator,Akasa Air,MAA,DEL,MAA-DEL,0.086,2026-08-24,T+1,Economy,9380.0,1610.0,880.0,250.0,12120.0,INR,Available,False
2026-08-23T10:30:00,2026-08-23,OTA Aggregator,Akasa Air,MAA,DEL,MAA-DEL,0.086,2026-08-30,T+7,Economy,6590.0,1160.0,580.0,250.0,8580.0,INR,Available,False
2026-08-23T10:30:00,2026-08-23,OTA Aggregator,Akasa Air,MAA,DEL,MAA-DEL,0.086,2026-09-07,T+15,Economy,5380.0,1080.0,530.0,250.0,7240.0,INR,Available,False
2026-08-23T10:30:00,2026-08-23,OTA Aggregator,Akasa Air,MAA,DEL,MAA-DEL,0.086,2026-09-22,T+30,Economy,4770.0,870.0,440.0,250.0,6330.0,INR,Available,False
2026-08-23T10:30:00,2026-08-23,OTA Aggregator,Akasa Air,MAA,DEL,MAA-DEL,0.086,2026-10-07,T+45,Economy,4600.0,900.0,470.0,250.0,6220.0,INR,Available,False
2026-08-23T10:30:00,2026-08-23,OTA Aggregator,SpiceJet,MAA,DEL,MAA-DEL,0.086,2026-08-24,T+1,Economy,8700.0,1580.0,770.0,300.0,11350.0,INR,Available,False
2026-08-23T10:30:00,2026-08-23,OTA Aggregator,SpiceJet,MAA,DEL,MAA-DEL,0.086,2026-08-30,T+7,Economy,6970.0,1330.0,670.0,300.0,9270.0,INR,Available,False
2026-08-23T10:30:00,2026-08-23,OTA Aggregator,SpiceJet,MAA,DEL,MAA-DEL,0.086,2026-09-07,T+15,Economy,5900.0,1190.0,540.0,300.0,7930.0,INR,Available,False
2026-08-23T10:30:00,2026-08-23,OTA Aggregator,SpiceJet,MAA,DEL,MAA-DEL,0.086,2026-09-22,T+30,Economy,4900.0,980.0,450.0,300.0,6630.0,INR,Available,False
2026-08-23T10:30:00,2026-08-23,OTA Aggregator,SpiceJet,MAA,DEL,MAA-DEL,0.086,2026-10-07,T+45,Economy,4600.0,890.0,490.0,300.0,6280.0,INR,Available,False
2026-08-23T10:30:00,2026-08-23,Airline Direct,IndiGo,BOM,DEL,BOM-DEL,0.135,2026-08-24,T+1,Economy,9610.0,1770.0,820.0,300.0,12500.0,INR,Available,False
2026-08-23T10:30:00,2026-08-23,Airline Direct,IndiGo,BOM,DEL,BOM-DEL,0.135,2026-08-30,T+7,Economy,7670.0,1460.0,760.0,300.0,10190.0,INR,Available,False
2026-08-23T10:30:00,2026-08-23,Airline Direct,IndiGo,BOM,DEL,BOM-DEL,0.135,2026-09-07,T+15,Economy,6820.0,1260.0,660.0,300.0,9040.0,INR,Available,False
2026-08-23T10:30:00,2026-08-23,Airline Direct,IndiGo,BOM,DEL,BOM-DEL,0.135,2026-09-22,T+30,Economy,5490.0,1030.0,520.0,300.0,7340.0,INR,Available,False
2026-08-23T10:30:00,2026-08-23,Airline Direct,IndiGo,BOM,DEL,BOM-DEL,0.135,2026-10-07,T+45,Economy,5010.0,1030.0,490.0,300.0,6830.0,INR,Available,False
2026-08-23T10:30:00,2026-08-23,Airline Direct,Air India,BOM,DEL,BOM-DEL,0.135,2026-08-24,T+1,Economy,10620.0,1930.0,950.0,250.0,13750.0,INR,Available,False
2026-08-23T10:30:00,2026-08-23,Airline Direct,Air India,BOM,DEL,BOM-DEL,0.135,2026-08-30,T+7,Economy,8430.0,1580.0,740.0,250.0,11000.0,INR,Available,False
2026-08-23T10:30:00,2026-08-23,Airline Direct,Air India,BOM,DEL,BOM-DEL,0.135,2026-09-07,T+15,Economy,7050.0,1300.0,710.0,250.0,9310.0,INR,Available,False
2026-08-23T10:30:00,2026-08-23,Airline Direct,Air India,BOM,DEL,BOM-DEL,0.135,2026-09-22,T+30,Economy,5810.0,1060.0,530.0,250.0,7650.0,INR,Available,False
2026-08-23T10:30:00,2026-08-23,Airline Direct,Air India,BOM,DEL,BOM-DEL,0.135,2026-10-07,T+45,Economy,5350.0,1070.0,560.0,250.0,7230.0,INR,Available,False
2026-08-23T10:30:00,2026-08-23,OTA Aggregator,Air India Express,BOM,DEL,BOM-DEL,0.135,2026-08-24,T+1,Economy,9310.0,1620.0,880.0,250.0,12060.0,INR,Available,False
2026-08-23T10:30:00,2026-08-23,OTA Aggregator,Air India Express,BOM,DEL,BOM-DEL,0.135,2026-08-30,T+7,Economy,6970.0,1360.0,620.0,250.0,9200.0,INR,Available,False
2026-08-23T10:30:00,2026-08-23,OTA Aggregator,Air India Express,BOM,DEL,BOM-DEL,0.135,2026-09-07,T+15,Economy,5930.0,1130.0,620.0,250.0,7930.0,INR,Available,False
2026-08-23T10:30:00,2026-08-23,OTA Aggregator,Air India Express,BOM,DEL,BOM-DEL,0.135,2026-09-22,T+30,Economy,5390.0,1110.0,510.0,250.0,7260.0,INR,Available,False
2026-08-23T10:30:00,2026-08-23,OTA Aggregator,Air India Express,BOM,DEL,BOM-DEL,0.135,2026-10-07,T+45,Economy,4750.0,920.0,440.0,250.0,6360.0,INR,Available,False
2026-08-23T10:30:00,2026-08-23,OTA Aggregator,Akasa Air,BOM,DEL,BOM-DEL,0.135,2026-08-24,T+1,Economy,9330.0,1600.0,880.0,250.0,12060.0,INR,Available,False
2026-08-23T10:30:00,2026-08-23,OTA Aggregator,Akasa Air,BOM,DEL,BOM-DEL,0.135,2026-08-30,T+7,Economy,7030.0,1360.0,690.0,250.0,9330.0,INR,Available,False
2026-08-23T10:30:00,2026-08-23,OTA Aggregator,Akasa Air,BOM,DEL,BOM-DEL,0.135,2026-09-07,T+15,Economy,5890.0,1080.0,530.0,250.0,7750.0,INR,Available,False
2026-08-23T10:30:00,2026-08-23,OTA Aggregator,Akasa Air,BOM,DEL,BOM-DEL,0.135,2026-09-22,T+30,Economy,5180.0,1040.0,510.0,250.0,6980.0,INR,Available,False
2026-08-23T10:30:00,2026-08-23,OTA Aggregator,Akasa Air,BOM,DEL,BOM-DEL,0.135,2026-10-07,T+45,Economy,5160.0,980.0,510.0,250.0,6900.0,INR,Available,False
2026-08-23T10:30:00,2026-08-23,OTA Aggregator,SpiceJet,BOM,DEL,BOM-DEL,0.135,2026-08-24,T+1,Economy,12060.0,2110.0,1020.0,300.0,15490.0,INR,Available,True
2026-08-23T10:30:00,2026-08-23,OTA Aggregator,SpiceJet,BOM,DEL,BOM-DEL,0.135,2026-08-30,T+7,Economy,7400.0,1350.0,730.0,300.0,9780.0,INR,Available,False
2026-08-23T10:30:00,2026-08-23,OTA Aggregator,SpiceJet,BOM,DEL,BOM-DEL,0.135,2026-09-07,T+15,Economy,6380.0,1220.0,650.0,300.0,8550.0,INR,Available,False
2026-08-23T10:30:00,2026-08-23,OTA Aggregator,SpiceJet,BOM,DEL,BOM-DEL,0.135,2026-09-22,T+30,Economy,5400.0,1080.0,490.0,300.0,7270.0,INR,Available,False
2026-08-23T10:30:00,2026-08-23,OTA Aggregator,SpiceJet,BOM,DEL,BOM-DEL,0.135,2026-10-07,T+45,Economy,4910.0,910.0,490.0,300.0,6610.0,INR,Available,False
2026-08-23T10:30:00,2026-08-23,Airline Direct,IndiGo,HYD,DEL,HYD-DEL,0.105,2026-08-24,T+1,Economy,7080.0,1380.0,660.0,300.0,9420.0,INR,Available,False
2026-08-23T10:30:00,2026-08-23,Airline Direct,IndiGo,HYD,DEL,HYD-DEL,0.105,2026-08-30,T+7,Economy,5680.0,1080.0,540.0,300.0,7600.0,INR,Available,False
2026-08-23T10:30:00,2026-08-23,Airline Direct,IndiGo,HYD,DEL,HYD-DEL,0.105,2026-09-07,T+15,Economy,4940.0,950.0,480.0,300.0,6670.0,INR,Available,False
2026-08-23T10:30:00,2026-08-23,Airline Direct,IndiGo,HYD,DEL,HYD-DEL,0.105,2026-09-22,T+30,Economy,4220.0,850.0,490.0,300.0,5860.0,INR,Available,False
2026-08-23T10:30:00,2026-08-23,Airline Direct,IndiGo,HYD,DEL,HYD-DEL,0.105,2026-10-07,T+45,Economy,4080.0,760.0,430.0,300.0,5570.0,INR,Available,False
2026-08-23T10:30:00,2026-08-23,Airline Direct,Air India,HYD,DEL,HYD-DEL,0.105,2026-08-24,T+1,Economy,7880.0,1400.0,770.0,250.0,10300.0,INR,Available,False
2026-08-23T10:30:00,2026-08-23,Airline Direct,Air India,HYD,DEL,HYD-DEL,0.105,2026-08-30,T+7,Economy,6290.0,1160.0,590.0,250.0,8290.0,INR,Available,False
2026-08-23T10:30:00,2026-08-23,Airline Direct,Air India,HYD,DEL,HYD-DEL,0.105,2026-09-07,T+15,Economy,5050.0,950.0,500.0,250.0,6750.0,INR,Available,False
2026-08-23T10:30:00,2026-08-23,Airline Direct,Air India,HYD,DEL,HYD-DEL,0.105,2026-09-22,T+30,Economy,4650.0,900.0,470.0,250.0,6270.0,INR,Available,False
2026-08-23T10:30:00,2026-08-23,Airline Direct,Air India,HYD,DEL,HYD-DEL,0.105,2026-10-07,T+45,Economy,4420.0,910.0,430.0,250.0,6010.0,INR,Available,False
2026-08-23T10:30:00,2026-08-23,OTA Aggregator,Air India Express,HYD,DEL,HYD-DEL,0.105,2026-08-24,T+1,Economy,7310.0,1380.0,720.0,250.0,9660.0,INR,Available,False
2026-08-23T10:30:00,2026-08-23,OTA Aggregator,Air India Express,HYD,DEL,HYD-DEL,0.105,2026-08-30,T+7,Economy,5170.0,1000.0,520.0,250.0,6940.0,INR,Available,False
2026-08-23T10:30:00,2026-08-23,OTA Aggregator,Air India Express,HYD,DEL,HYD-DEL,0.105,2026-09-07,T+15,Economy,4260.0,880.0,390.0,250.0,5780.0,INR,Available,False
2026-08-23T10:30:00,2026-08-23,OTA Aggregator,Air India Express,HYD,DEL,HYD-DEL,0.105,2026-09-22,T+30,Economy,3870.0,790.0,440.0,250.0,5350.0,INR,Available,False
2026-08-23T10:30:00,2026-08-23,OTA Aggregator,Air India Express,HYD,DEL,HYD-DEL,0.105,2026-10-07,T+45,Economy,3610.0,750.0,350.0,250.0,4960.0,INR,Available,False
2026-08-23T10:30:00,2026-08-23,OTA Aggregator,Akasa Air,HYD,DEL,HYD-DEL,0.105,2026-08-24,T+1,Economy,6870.0,1340.0,650.0,250.0,9110.0,INR,Available,False
2026-08-23T10:30:00,2026-08-23,OTA Aggregator,Akasa Air,HYD,DEL,HYD-DEL,0.105,2026-08-30,T+7,Economy,5660.0,1130.0,540.0,250.0,7580.0,INR,Available,False
2026-08-23T10:30:00,2026-08-23,OTA Aggregator,Akasa Air,HYD,DEL,HYD-DEL,0.105,2026-09-07,T+15,Economy,4410.0,840.0,450.0,250.0,5950.0,INR,Available,False
2026-08-23T10:30:00,2026-08-23,OTA Aggregator,Akasa Air,HYD,DEL,HYD-DEL,0.105,2026-09-22,T+30,Economy,4000.0,750.0,420.0,250.0,5420.0,INR,Available,False
2026-08-23T10:30:00,2026-08-23,OTA Aggregator,Akasa Air,HYD,DEL,HYD-DEL,0.105,2026-10-07,T+45,Economy,3860.0,770.0,460.0,250.0,5340.0,INR,Available,False
2026-08-23T10:30:00,2026-08-23,OTA Aggregator,SpiceJet,HYD,DEL,HYD-DEL,0.105,2026-08-24,T+1,Economy,7030.0,1310.0,620.0,300.0,9260.0,INR,Available,False
2026-08-23T10:30:00,2026-08-23,OTA Aggregator,SpiceJet,HYD,DEL,HYD-DEL,0.105,2026-08-30,T+7,Economy,5550.0,1060.0,580.0,300.0,7490.0,INR,Available,False
2026-08-23T10:30:00,2026-08-23,OTA Aggregator,SpiceJet,HYD,DEL,HYD-DEL,0.105,2026-09-07,T+15,Economy,4900.0,1020.0,540.0,300.0,6760.0,INR,Available,False
2026-08-23T10:30:00,2026-08-23,OTA Aggregator,SpiceJet,HYD,DEL,HYD-DEL,0.105,2026-09-22,T+30,Economy,4010.0,750.0,400.0,300.0,5460.0,INR,Available,False
2026-08-23T10:30:00,2026-08-23,OTA Aggregator,SpiceJet,HYD,DEL,HYD-DEL,0.105,2026-10-07,T+45,Economy,3660.0,800.0,430.0,300.0,5190.0,INR,Available,False
2026-08-24T10:30:00,2026-08-24,Airline Direct,IndiGo,DEL,BOM,DEL-BOM,0.182,2026-08-25,T+1,Economy,9970.0,1800.0,890.0,250.0,12910.0,INR,Available,False
2026-08-24T10:30:00,2026-08-24,Airline Direct,IndiGo,DEL,BOM,DEL-BOM,0.182,2026-08-31,T+7,Economy,7870.0,1490.0,750.0,250.0,10360.0,INR,Available,False
2026-08-24T10:30:00,2026-08-24,Airline Direct,IndiGo,DEL,BOM,DEL-BOM,0.182,2026-09-08,T+15,Economy,6500.0,1270.0,600.0,250.0,8620.0,INR,Available,False
2026-08-24T10:30:00,2026-08-24,Airline Direct,IndiGo,DEL,BOM,DEL-BOM,0.182,2026-09-23,T+30,Economy,5950.0,1110.0,600.0,250.0,7910.0,INR,Available,False
2026-08-24T10:30:00,2026-08-24,Airline Direct,IndiGo,DEL,BOM,DEL-BOM,0.182,2026-10-08,T+45,Economy,5310.0,1000.0,510.0,250.0,7070.0,INR,Available,False
2026-08-24T10:30:00,2026-08-24,Airline Direct,Air India,DEL,BOM,DEL-BOM,0.182,2026-08-25,T+1,Economy,10540.0,1860.0,940.0,300.0,13640.0,INR,Available,False
2026-08-24T10:30:00,2026-08-24,Airline Direct,Air India,DEL,BOM,DEL-BOM,0.182,2026-08-31,T+7,Economy,7790.0,1440.0,690.0,300.0,10220.0,INR,Available,False
2026-08-24T10:30:00,2026-08-24,Airline Direct,Air India,DEL,BOM,DEL-BOM,0.182,2026-09-08,T+15,Economy,6710.0,1310.0,660.0,300.0,8980.0,INR,Available,False
2026-08-24T10:30:00,2026-08-24,Airline Direct,Air India,DEL,BOM,DEL-BOM,0.182,2026-09-23,T+30,Economy,6150.0,1170.0,560.0,300.0,8180.0,INR,Available,False
2026-08-24T10:30:00,2026-08-24,Airline Direct,Air India,DEL,BOM,DEL-BOM,0.182,2026-10-08,T+45,Economy,5360.0,1000.0,520.0,300.0,7180.0,INR,Available,False
2026-08-24T10:30:00,2026-08-24,OTA Aggregator,Air India Express,DEL,BOM,DEL-BOM,0.182,2026-08-25,T+1,Economy,9290.0,1700.0,870.0,300.0,12160.0,INR,Available,False
2026-08-24T10:30:00,2026-08-24,OTA Aggregator,Air India Express,DEL,BOM,DEL-BOM,0.182,2026-08-31,T+7,Economy,7270.0,1360.0,710.0,300.0,9640.0,INR,Available,False
2026-08-24T10:30:00,2026-08-24,OTA Aggregator,Air India Express,DEL,BOM,DEL-BOM,0.182,2026-09-08,T+15,Economy,6070.0,1160.0,620.0,300.0,8150.0,INR,Available,False
2026-08-24T10:30:00,2026-08-24,OTA Aggregator,Air India Express,DEL,BOM,DEL-BOM,0.182,2026-09-23,T+30,Economy,5070.0,990.0,480.0,300.0,6840.0,INR,Available,False
2026-08-24T10:30:00,2026-08-24,OTA Aggregator,Air India Express,DEL,BOM,DEL-BOM,0.182,2026-10-08,T+45,Economy,4370.0,900.0,450.0,300.0,6020.0,INR,Available,False
2026-08-24T10:30:00,2026-08-24,OTA Aggregator,Akasa Air,DEL,BOM,DEL-BOM,0.182,2026-08-25,T+1,Economy,9410.0,1710.0,870.0,300.0,12290.0,INR,Available,False
2026-08-24T10:30:00,2026-08-24,OTA Aggregator,Akasa Air,DEL,BOM,DEL-BOM,0.182,2026-08-31,T+7,Economy,7190.0,1300.0,680.0,300.0,9470.0,INR,Available,False
2026-08-24T10:30:00,2026-08-24,OTA Aggregator,Akasa Air,DEL,BOM,DEL-BOM,0.182,2026-09-08,T+15,Economy,6140.0,1100.0,600.0,300.0,8140.0,INR,Available,False
2026-08-24T10:30:00,2026-08-24,OTA Aggregator,Akasa Air,DEL,BOM,DEL-BOM,0.182,2026-09-23,T+30,Economy,5280.0,1040.0,510.0,300.0,7130.0,INR,Available,False
2026-08-24T10:30:00,2026-08-24,OTA Aggregator,Akasa Air,DEL,BOM,DEL-BOM,0.182,2026-10-08,T+45,Economy,4630.0,920.0,510.0,300.0,6360.0,INR,Available,False
2026-08-24T10:30:00,2026-08-24,OTA Aggregator,SpiceJet,DEL,BOM,DEL-BOM,0.182,2026-08-25,T+1,Economy,9440.0,1620.0,820.0,250.0,12130.0,INR,Available,False
2026-08-24T10:30:00,2026-08-24,OTA Aggregator,SpiceJet,DEL,BOM,DEL-BOM,0.182,2026-08-31,T+7,Economy,7170.0,1360.0,660.0,250.0,9440.0,INR,Available,False
2026-08-24T10:30:00,2026-08-24,OTA Aggregator,SpiceJet,DEL,BOM,DEL-BOM,0.182,2026-09-08,T+15,Economy,6180.0,1090.0,620.0,250.0,8140.0,INR,Available,False
2026-08-24T10:30:00,2026-08-24,OTA Aggregator,SpiceJet,DEL,BOM,DEL-BOM,0.182,2026-09-23,T+30,Economy,5560.0,1010.0,570.0,250.0,7390.0,INR,Available,False
2026-08-24T10:30:00,2026-08-24,OTA Aggregator,SpiceJet,DEL,BOM,DEL-BOM,0.182,2026-10-08,T+45,Economy,4850.0,990.0,530.0,250.0,6620.0,INR,Available,False
2026-08-24T10:30:00,2026-08-24,Airline Direct,IndiGo,DEL,BLR,DEL-BLR,0.154,2026-08-25,T+1,Economy,8890.0,1650.0,780.0,250.0,11570.0,INR,Available,False
2026-08-24T10:30:00,2026-08-24,Airline Direct,IndiGo,DEL,BLR,DEL-BLR,0.154,2026-08-31,T+7,Economy,7250.0,1290.0,660.0,250.0,9450.0,INR,Available,False
2026-08-24T10:30:00,2026-08-24,Airline Direct,IndiGo,DEL,BLR,DEL-BLR,0.154,2026-09-08,T+15,Economy,6290.0,1130.0,590.0,250.0,8260.0,INR,Available,False
2026-08-24T10:30:00,2026-08-24,Airline Direct,IndiGo,DEL,BLR,DEL-BLR,0.154,2026-09-23,T+30,Economy,5370.0,1110.0,480.0,250.0,7210.0,INR,Available,False
2026-08-24T10:30:00,2026-08-24,Airline Direct,IndiGo,DEL,BLR,DEL-BLR,0.154,2026-10-08,T+45,Economy,4650.0,930.0,480.0,250.0,6310.0,INR,Available,False
2026-08-24T10:30:00,2026-08-24,Airline Direct,Air India,DEL,BLR,DEL-BLR,0.154,2026-08-25,T+1,Economy,9960.0,1760.0,870.0,300.0,12890.0,INR,Available,False
2026-08-24T10:30:00,2026-08-24,Airline Direct,Air India,DEL,BLR,DEL-BLR,0.154,2026-08-31,T+7,Economy,7920.0,1380.0,720.0,300.0,10320.0,INR,Available,False
2026-08-24T10:30:00,2026-08-24,Airline Direct,Air India,DEL,BLR,DEL-BLR,0.154,2026-09-08,T+15,Economy,6560.0,1200.0,630.0,300.0,8690.0,INR,Available,False
2026-08-24T10:30:00,2026-08-24,Airline Direct,Air India,DEL,BLR,DEL-BLR,0.154,2026-09-23,T+30,Economy,5560.0,1010.0,590.0,300.0,7460.0,INR,Available,False
2026-08-24T10:30:00,2026-08-24,Airline Direct,Air India,DEL,BLR,DEL-BLR,0.154,2026-10-08,T+45,Economy,5440.0,980.0,520.0,300.0,7240.0,INR,Available,False
2026-08-24T10:30:00,2026-08-24,OTA Aggregator,Air India Express,DEL,BLR,DEL-BLR,0.154,2026-08-25,T+1,Economy,8010.0,1520.0,780.0,300.0,10610.0,INR,Available,False
2026-08-24T10:30:00,2026-08-24,OTA Aggregator,Air India Express,DEL,BLR,DEL-BLR,0.154,2026-08-31,T+7,Economy,6700.0,1310.0,680.0,300.0,8990.0,INR,Available,False
2026-08-24T10:30:00,2026-08-24,OTA Aggregator,Air India Express,DEL,BLR,DEL-BLR,0.154,2026-09-08,T+15,Economy,6080.0,1220.0,550.0,300.0,8150.0,INR,Available,False
2026-08-24T10:30:00,2026-08-24,OTA Aggregator,Air India Express,DEL,BLR,DEL-BLR,0.154,2026-09-23,T+30,Economy,4930.0,970.0,450.0,300.0,6650.0,INR,Available,False
2026-08-24T10:30:00,2026-08-24,OTA Aggregator,Air India Express,DEL,BLR,DEL-BLR,0.154,2026-10-08,T+45,Economy,4320.0,800.0,480.0,300.0,5900.0,INR,Available,False
2026-08-24T10:30:00,2026-08-24,OTA Aggregator,Akasa Air,DEL,BLR,DEL-BLR,0.154,2026-08-25,T+1,Economy,8560.0,1560.0,820.0,300.0,11240.0,INR,Available,False
2026-08-24T10:30:00,2026-08-24,OTA Aggregator,Akasa Air,DEL,BLR,DEL-BLR,0.154,2026-08-31,T+7,Economy,6900.0,1270.0,610.0,300.0,9080.0,INR,Available,False
2026-08-24T10:30:00,2026-08-24,OTA Aggregator,Akasa Air,DEL,BLR,DEL-BLR,0.154,2026-09-08,T+15,Economy,5400.0,1050.0,490.0,300.0,7240.0,INR,Available,False
2026-08-24T10:30:00,2026-08-24,OTA Aggregator,Akasa Air,DEL,BLR,DEL-BLR,0.154,2026-09-23,T+30,Economy,4560.0,980.0,440.0,300.0,6280.0,INR,Available,False
2026-08-24T10:30:00,2026-08-24,OTA Aggregator,Akasa Air,DEL,BLR,DEL-BLR,0.154,2026-10-08,T+45,Economy,4580.0,910.0,460.0,300.0,6250.0,INR,Available,False
2026-08-24T10:30:00,2026-08-24,OTA Aggregator,SpiceJet,DEL,BLR,DEL-BLR,0.154,2026-08-25,T+1,Economy,8410.0,1520.0,780.0,250.0,10960.0,INR,Available,False
2026-08-24T10:30:00,2026-08-24,OTA Aggregator,SpiceJet,DEL,BLR,DEL-BLR,0.154,2026-08-31,T+7,Economy,7060.0,1230.0,660.0,250.0,9200.0,INR,Available,False
2026-08-24T10:30:00,2026-08-24,OTA Aggregator,SpiceJet,DEL,BLR,DEL-BLR,0.154,2026-09-08,T+15,Economy,5850.0,1170.0,550.0,250.0,7820.0,INR,Available,False
2026-08-24T10:30:00,2026-08-24,OTA Aggregator,SpiceJet,DEL,BLR,DEL-BLR,0.154,2026-09-23,T+30,Economy,5120.0,950.0,470.0,250.0,6790.0,INR,Available,False
2026-08-24T10:30:00,2026-08-24,OTA Aggregator,SpiceJet,DEL,BLR,DEL-BLR,0.154,2026-10-08,T+45,Economy,4650.0,970.0,510.0,250.0,6380.0,INR,Available,False
2026-08-24T10:30:00,2026-08-24,Airline Direct,IndiGo,BOM,BLR,BOM-BLR,0.127,2026-08-25,T+1,Economy,8230.0,1530.0,730.0,250.0,10740.0,INR,Available,False
2026-08-24T10:30:00,2026-08-24,Airline Direct,IndiGo,BOM,BLR,BOM-BLR,0.127,2026-08-31,T+7,Economy,5400.0,970.0,530.0,250.0,7150.0,INR,Available,False
2026-08-24T10:30:00,2026-08-24,Airline Direct,IndiGo,BOM,BLR,BOM-BLR,0.127,2026-09-08,T+15,Economy,4870.0,1000.0,510.0,250.0,6630.0,INR,Available,False
2026-08-24T10:30:00,2026-08-24,Airline Direct,IndiGo,BOM,BLR,BOM-BLR,0.127,2026-09-23,T+30,Economy,4790.0,950.0,440.0,250.0,6430.0,INR,Available,False
2026-08-24T10:30:00,2026-08-24,Airline Direct,IndiGo,BOM,BLR,BOM-BLR,0.127,2026-10-08,T+45,Economy,4100.0,810.0,440.0,250.0,5600.0,INR,Available,False
2026-08-24T10:30:00,2026-08-24,Airline Direct,Air India,BOM,BLR,BOM-BLR,0.127,2026-08-25,T+1,Economy,8670.0,1520.0,830.0,300.0,11320.0,INR,Available,False
2026-08-24T10:30:00,2026-08-24,Airline Direct,Air India,BOM,BLR,BOM-BLR,0.127,2026-08-31,T+7,Economy,6310.0,1170.0,630.0,300.0,8410.0,INR,Available,False
2026-08-24T10:30:00,2026-08-24,Airline Direct,Air India,BOM,BLR,BOM-BLR,0.127,2026-09-08,T+15,Economy,5430.0,1110.0,570.0,300.0,7410.0,INR,Available,False
2026-08-24T10:30:00,2026-08-24,Airline Direct,Air India,BOM,BLR,BOM-BLR,0.127,2026-09-23,T+30,Economy,4840.0,920.0,520.0,300.0,6580.0,INR,Available,False
2026-08-24T10:30:00,2026-08-24,Airline Direct,Air India,BOM,BLR,BOM-BLR,0.127,2026-10-08,T+45,Economy,4320.0,890.0,490.0,300.0,6000.0,INR,Available,False
2026-08-24T10:30:00,2026-08-24,OTA Aggregator,Air India Express,BOM,BLR,BOM-BLR,0.127,2026-08-25,T+1,Economy,7160.0,1280.0,680.0,300.0,9420.0,INR,Available,False
2026-08-24T10:30:00,2026-08-24,OTA Aggregator,Air India Express,BOM,BLR,BOM-BLR,0.127,2026-08-31,T+7,Economy,5220.0,1000.0,510.0,300.0,7030.0,INR,Available,False
2026-08-24T10:30:00,2026-08-24,OTA Aggregator,Air India Express,BOM,BLR,BOM-BLR,0.127,2026-09-08,T+15,Economy,4380.0,800.0,430.0,300.0,5910.0,INR,Available,False
2026-08-24T10:30:00,2026-08-24,OTA Aggregator,Air India Express,BOM,BLR,BOM-BLR,0.127,2026-09-23,T+30,Economy,4150.0,810.0,420.0,300.0,5680.0,INR,Available,False
2026-08-24T10:30:00,2026-08-24,OTA Aggregator,Air India Express,BOM,BLR,BOM-BLR,0.127,2026-10-08,T+45,Economy,3780.0,810.0,420.0,300.0,5310.0,INR,Available,False
2026-08-24T10:30:00,2026-08-24,OTA Aggregator,Akasa Air,BOM,BLR,BOM-BLR,0.127,2026-08-25,T+1,Economy,7060.0,1300.0,670.0,300.0,9330.0,INR,Available,False
2026-08-24T10:30:00,2026-08-24,OTA Aggregator,Akasa Air,BOM,BLR,BOM-BLR,0.127,2026-08-31,T+7,Economy,5610.0,1100.0,540.0,300.0,7550.0,INR,Available,False
2026-08-24T10:30:00,2026-08-24,OTA Aggregator,Akasa Air,BOM,BLR,BOM-BLR,0.127,2026-09-08,T+15,Economy,5050.0,970.0,530.0,300.0,6850.0,INR,Available,False
2026-08-24T10:30:00,2026-08-24,OTA Aggregator,Akasa Air,BOM,BLR,BOM-BLR,0.127,2026-09-23,T+30,Economy,4120.0,790.0,420.0,300.0,5630.0,INR,Available,False
2026-08-24T10:30:00,2026-08-24,OTA Aggregator,Akasa Air,BOM,BLR,BOM-BLR,0.127,2026-10-08,T+45,Economy,3720.0,730.0,410.0,300.0,5160.0,INR,Available,False
2026-08-24T10:30:00,2026-08-24,OTA Aggregator,SpiceJet,BOM,BLR,BOM-BLR,0.127,2026-08-25,T+1,Economy,7660.0,1470.0,720.0,250.0,10100.0,INR,Available,False
2026-08-24T10:30:00,2026-08-24,OTA Aggregator,SpiceJet,BOM,BLR,BOM-BLR,0.127,2026-08-31,T+7,Economy,5910.0,1110.0,610.0,250.0,7880.0,INR,Available,False
2026-08-24T10:30:00,2026-08-24,OTA Aggregator,SpiceJet,BOM,BLR,BOM-BLR,0.127,2026-09-08,T+15,Economy,5090.0,940.0,500.0,250.0,6780.0,INR,Available,False
2026-08-24T10:30:00,2026-08-24,OTA Aggregator,SpiceJet,BOM,BLR,BOM-BLR,0.127,2026-09-23,T+30,Economy,4410.0,930.0,450.0,250.0,6040.0,INR,Available,False
2026-08-24T10:30:00,2026-08-24,OTA Aggregator,SpiceJet,BOM,BLR,BOM-BLR,0.127,2026-10-08,T+45,Economy,4060.0,880.0,400.0,250.0,5590.0,INR,Available,False
2026-08-24T10:30:00,2026-08-24,Airline Direct,IndiGo,DEL,CCU,DEL-CCU,0.113,2026-08-25,T+1,Economy,7870.0,1380.0,750.0,250.0,10250.0,INR,Available,False
2026-08-24T10:30:00,2026-08-24,Airline Direct,IndiGo,DEL,CCU,DEL-CCU,0.113,2026-08-31,T+7,Economy,5560.0,1010.0,540.0,250.0,7360.0,INR,Available,False
2026-08-24T10:30:00,2026-08-24,Airline Direct,IndiGo,DEL,CCU,DEL-CCU,0.113,2026-09-08,T+15,Economy,5180.0,960.0,510.0,250.0,6900.0,INR,Available,False
2026-08-24T10:30:00,2026-08-24,Airline Direct,IndiGo,DEL,CCU,DEL-CCU,0.113,2026-09-23,T+30,Economy,4450.0,930.0,470.0,250.0,6100.0,INR,Available,False
2026-08-24T10:30:00,2026-08-24,Airline Direct,IndiGo,DEL,CCU,DEL-CCU,0.113,2026-10-08,T+45,Economy,3810.0,710.0,450.0,250.0,5220.0,INR,Available,False
2026-08-24T10:30:00,2026-08-24,Airline Direct,Air India,DEL,CCU,DEL-CCU,0.113,2026-08-25,T+1,Economy,7880.0,1430.0,720.0,300.0,10330.0,INR,Available,False
2026-08-24T10:30:00,2026-08-24,Airline Direct,Air India,DEL,CCU,DEL-CCU,0.113,2026-08-31,T+7,Economy,6300.0,1240.0,600.0,300.0,8440.0,INR,Available,False
2026-08-24T10:30:00,2026-08-24,Airline Direct,Air India,DEL,CCU,DEL-CCU,0.113,2026-09-08,T+15,Economy,5310.0,1020.0,480.0,300.0,7110.0,INR,Available,False
2026-08-24T10:30:00,2026-08-24,Airline Direct,Air India,DEL,CCU,DEL-CCU,0.113,2026-09-23,T+30,Economy,4670.0,970.0,430.0,300.0,6370.0,INR,Available,False
2026-08-24T10:30:00,2026-08-24,Airline Direct,Air India,DEL,CCU,DEL-CCU,0.113,2026-10-08,T+45,Economy,4220.0,800.0,390.0,300.0,5710.0,INR,Available,False
2026-08-24T10:30:00,2026-08-24,OTA Aggregator,Air India Express,DEL,CCU,DEL-CCU,0.113,2026-08-25,T+1,Economy,6650.0,1180.0,600.0,300.0,8730.0,INR,Available,False
2026-08-24T10:30:00,2026-08-24,OTA Aggregator,Air India Express,DEL,CCU,DEL-CCU,0.113,2026-08-31,T+7,Economy,5430.0,1040.0,540.0,300.0,7310.0,INR,Available,False
2026-08-24T10:30:00,2026-08-24,OTA Aggregator,Air India Express,DEL,CCU,DEL-CCU,0.113,2026-09-08,T+15,Economy,4580.0,840.0,420.0,300.0,6140.0,INR,Available,False
2026-08-24T10:30:00,2026-08-24,OTA Aggregator,Air India Express,DEL,CCU,DEL-CCU,0.113,2026-09-23,T+30,Economy,3940.0,840.0,430.0,300.0,5510.0,INR,Available,False
2026-08-24T10:30:00,2026-08-24,OTA Aggregator,Air India Express,DEL,CCU,DEL-CCU,0.113,2026-10-08,T+45,Economy,3380.0,700.0,330.0,300.0,4710.0,INR,Available,False
2026-08-24T10:30:00,2026-08-24,OTA Aggregator,Akasa Air,DEL,CCU,DEL-CCU,0.113,2026-08-25,T+1,Economy,6830.0,1270.0,670.0,300.0,9070.0,INR,Available,False
2026-08-24T10:30:00,2026-08-24,OTA Aggregator,Akasa Air,DEL,CCU,DEL-CCU,0.113,2026-08-31,T+7,Economy,5620.0,1140.0,590.0,300.0,7650.0,INR,Available,False
2026-08-24T10:30:00,2026-08-24,OTA Aggregator,Akasa Air,DEL,CCU,DEL-CCU,0.113,2026-09-08,T+15,Economy,4750.0,900.0,520.0,300.0,6470.0,INR,Available,False
2026-08-24T10:30:00,2026-08-24,OTA Aggregator,Akasa Air,DEL,CCU,DEL-CCU,0.113,2026-09-23,T+30,Economy,4420.0,880.0,420.0,300.0,6020.0,INR,Available,False
2026-08-24T10:30:00,2026-08-24,OTA Aggregator,Akasa Air,DEL,CCU,DEL-CCU,0.113,2026-10-08,T+45,Economy,3540.0,740.0,390.0,300.0,4970.0,INR,Available,False
2026-08-24T10:30:00,2026-08-24,OTA Aggregator,SpiceJet,DEL,CCU,DEL-CCU,0.113,2026-08-25,T+1,Economy,7080.0,1240.0,710.0,250.0,9280.0,INR,Available,False
2026-08-24T10:30:00,2026-08-24,OTA Aggregator,SpiceJet,DEL,CCU,DEL-CCU,0.113,2026-08-31,T+7,Economy,5610.0,1050.0,570.0,250.0,7480.0,INR,Available,False
2026-08-24T10:30:00,2026-08-24,OTA Aggregator,SpiceJet,DEL,CCU,DEL-CCU,0.113,2026-09-08,T+15,Economy,4760.0,930.0,450.0,250.0,6390.0,INR,Available,False
2026-08-24T10:30:00,2026-08-24,OTA Aggregator,SpiceJet,DEL,CCU,DEL-CCU,0.113,2026-09-23,T+30,Economy,4020.0,760.0,470.0,250.0,5500.0,INR,Available,False
2026-08-24T10:30:00,2026-08-24,OTA Aggregator,SpiceJet,DEL,CCU,DEL-CCU,0.113,2026-10-08,T+45,Economy,3640.0,690.0,390.0,250.0,4970.0,INR,Available,False
2026-08-24T10:30:00,2026-08-24,Airline Direct,IndiGo,BLR,HYD,BLR-HYD,0.098,2026-08-25,T+1,Economy,5260.0,960.0,550.0,250.0,7020.0,INR,Available,False
2026-08-24T10:30:00,2026-08-24,Airline Direct,IndiGo,BLR,HYD,BLR-HYD,0.098,2026-08-31,T+7,Economy,4270.0,830.0,450.0,250.0,5800.0,INR,Available,False
2026-08-24T10:30:00,2026-08-24,Airline Direct,IndiGo,BLR,HYD,BLR-HYD,0.098,2026-09-08,T+15,Economy,3770.0,830.0,410.0,250.0,5260.0,INR,Available,False
2026-08-24T10:30:00,2026-08-24,Airline Direct,IndiGo,BLR,HYD,BLR-HYD,0.098,2026-09-23,T+30,Economy,3250.0,680.0,360.0,250.0,4540.0,INR,Available,False
2026-08-24T10:30:00,2026-08-24,Airline Direct,IndiGo,BLR,HYD,BLR-HYD,0.098,2026-10-08,T+45,Economy,3000.0,600.0,330.0,250.0,4180.0,INR,Available,False
2026-08-24T10:30:00,2026-08-24,Airline Direct,Air India,BLR,HYD,BLR-HYD,0.098,2026-08-25,T+1,Economy,6140.0,1150.0,570.0,300.0,8160.0,INR,Available,False
2026-08-24T10:30:00,2026-08-24,Airline Direct,Air India,BLR,HYD,BLR-HYD,0.098,2026-08-31,T+7,Economy,4970.0,1050.0,500.0,300.0,6820.0,INR,Available,False
2026-08-24T10:30:00,2026-08-24,Airline Direct,Air India,BLR,HYD,BLR-HYD,0.098,2026-09-08,T+15,Economy,3780.0,740.0,370.0,300.0,5190.0,INR,Available,False
2026-08-24T10:30:00,2026-08-24,Airline Direct,Air India,BLR,HYD,BLR-HYD,0.098,2026-09-23,T+30,Economy,3480.0,740.0,350.0,300.0,4870.0,INR,Available,False
2026-08-24T10:30:00,2026-08-24,Airline Direct,Air India,BLR,HYD,BLR-HYD,0.098,2026-10-08,T+45,Economy,3130.0,710.0,370.0,300.0,4510.0,INR,Available,False
2026-08-24T10:30:00,2026-08-24,OTA Aggregator,Air India Express,BLR,HYD,BLR-HYD,0.098,2026-08-25,T+1,Economy,5030.0,960.0,530.0,300.0,6820.0,INR,Available,False
2026-08-24T10:30:00,2026-08-24,OTA Aggregator,Air India Express,BLR,HYD,BLR-HYD,0.098,2026-08-31,T+7,Economy,3820.0,780.0,430.0,300.0,5330.0,INR,Available,False
2026-08-24T10:30:00,2026-08-24,OTA Aggregator,Air India Express,BLR,HYD,BLR-HYD,0.098,2026-09-08,T+15,Economy,3490.0,790.0,420.0,300.0,5000.0,INR,Available,False
2026-08-24T10:30:00,2026-08-24,OTA Aggregator,Air India Express,BLR,HYD,BLR-HYD,0.098,2026-09-23,T+30,Economy,3080.0,680.0,320.0,300.0,4380.0,INR,Available,False
2026-08-24T10:30:00,2026-08-24,OTA Aggregator,Air India Express,BLR,HYD,BLR-HYD,0.098,2026-10-08,T+45,Economy,2860.0,660.0,300.0,300.0,4120.0,INR,Available,False
2026-08-24T10:30:00,2026-08-24,OTA Aggregator,Akasa Air,BLR,HYD,BLR-HYD,0.098,2026-08-25,T+1,Economy,6480.0,1240.0,590.0,300.0,8610.0,INR,Available,True
2026-08-24T10:30:00,2026-08-24,OTA Aggregator,Akasa Air,BLR,HYD,BLR-HYD,0.098,2026-08-31,T+7,Economy,4320.0,880.0,400.0,300.0,5900.0,INR,Available,False
2026-08-24T10:30:00,2026-08-24,OTA Aggregator,Akasa Air,BLR,HYD,BLR-HYD,0.098,2026-09-08,T+15,Economy,3480.0,680.0,350.0,300.0,4810.0,INR,Available,False
2026-08-24T10:30:00,2026-08-24,OTA Aggregator,Akasa Air,BLR,HYD,BLR-HYD,0.098,2026-09-23,T+30,Economy,3070.0,670.0,320.0,300.0,4360.0,INR,Available,False
2026-08-24T10:30:00,2026-08-24,OTA Aggregator,Akasa Air,BLR,HYD,BLR-HYD,0.098,2026-10-08,T+45,Economy,2620.0,530.0,280.0,300.0,3730.0,INR,Available,False
2026-08-24T10:30:00,2026-08-24,OTA Aggregator,SpiceJet,BLR,HYD,BLR-HYD,0.098,2026-08-25,T+1,Economy,5400.0,1090.0,530.0,250.0,7270.0,INR,Available,False
2026-08-24T10:30:00,2026-08-24,OTA Aggregator,SpiceJet,BLR,HYD,BLR-HYD,0.098,2026-08-31,T+7,Economy,4220.0,880.0,410.0,250.0,5760.0,INR,Available,False
2026-08-24T10:30:00,2026-08-24,OTA Aggregator,SpiceJet,BLR,HYD,BLR-HYD,0.098,2026-09-08,T+15,Economy,3410.0,770.0,330.0,250.0,4760.0,INR,Available,False
2026-08-24T10:30:00,2026-08-24,OTA Aggregator,SpiceJet,BLR,HYD,BLR-HYD,0.098,2026-09-23,T+30,Economy,3190.0,730.0,320.0,250.0,4490.0,INR,Available,False
2026-08-24T10:30:00,2026-08-24,OTA Aggregator,SpiceJet,BLR,HYD,BLR-HYD,0.098,2026-10-08,T+45,Economy,2800.0,650.0,320.0,250.0,4020.0,INR,Available,False
2026-08-24T10:30:00,2026-08-24,Airline Direct,IndiGo,MAA,DEL,MAA-DEL,0.086,2026-08-25,T+1,Economy,8650.0,1580.0,840.0,250.0,11320.0,INR,Available,False
2026-08-24T10:30:00,2026-08-24,Airline Direct,IndiGo,MAA,DEL,MAA-DEL,0.086,2026-08-31,T+7,Economy,6790.0,1240.0,640.0,250.0,8920.0,INR,Available,False
2026-08-24T10:30:00,2026-08-24,Airline Direct,IndiGo,MAA,DEL,MAA-DEL,0.086,2026-09-08,T+15,Economy,5630.0,1130.0,540.0,250.0,7550.0,INR,Available,False
2026-08-24T10:30:00,2026-08-24,Airline Direct,IndiGo,MAA,DEL,MAA-DEL,0.086,2026-09-23,T+30,Economy,4760.0,890.0,490.0,250.0,6390.0,INR,Available,False
2026-08-24T10:30:00,2026-08-24,Airline Direct,IndiGo,MAA,DEL,MAA-DEL,0.086,2026-10-08,T+45,Economy,4440.0,920.0,460.0,250.0,6070.0,INR,Available,False
2026-08-24T10:30:00,2026-08-24,Airline Direct,Air India,MAA,DEL,MAA-DEL,0.086,2026-08-25,T+1,Economy,9060.0,1620.0,860.0,300.0,11840.0,INR,Available,False
2026-08-24T10:30:00,2026-08-24,Airline Direct,Air India,MAA,DEL,MAA-DEL,0.086,2026-08-31,T+7,Economy,6750.0,1300.0,600.0,300.0,8950.0,INR,Available,False
2026-08-24T10:30:00,2026-08-24,Airline Direct,Air India,MAA,DEL,MAA-DEL,0.086,2026-09-08,T+15,Economy,5970.0,1170.0,540.0,300.0,7980.0,INR,Available,False
2026-08-24T10:30:00,2026-08-24,Airline Direct,Air India,MAA,DEL,MAA-DEL,0.086,2026-09-23,T+30,Economy,5390.0,1060.0,500.0,300.0,7250.0,INR,Available,False
2026-08-24T10:30:00,2026-08-24,Airline Direct,Air India,MAA,DEL,MAA-DEL,0.086,2026-10-08,T+45,Economy,4740.0,880.0,440.0,300.0,6360.0,INR,Available,False
2026-08-24T10:30:00,2026-08-24,OTA Aggregator,Air India Express,MAA,DEL,MAA-DEL,0.086,2026-08-25,T+1,Economy,7750.0,1360.0,740.0,300.0,10150.0,INR,Available,False
2026-08-24T10:30:00,2026-08-24,OTA Aggregator,Air India Express,MAA,DEL,MAA-DEL,0.086,2026-08-31,T+7,Economy,6010.0,1080.0,630.0,300.0,8020.0,INR,Available,False
2026-08-24T10:30:00,2026-08-24,OTA Aggregator,Air India Express,MAA,DEL,MAA-DEL,0.086,2026-09-08,T+15,Economy,5040.0,1050.0,480.0,300.0,6870.0,INR,Available,False
2026-08-24T10:30:00,2026-08-24,OTA Aggregator,Air India Express,MAA,DEL,MAA-DEL,0.086,2026-09-23,T+30,Economy,4390.0,940.0,450.0,300.0,6080.0,INR,Available,False
2026-08-24T10:30:00,2026-08-24,OTA Aggregator,Air India Express,MAA,DEL,MAA-DEL,0.086,2026-10-08,T+45,Economy,4090.0,760.0,410.0,300.0,5560.0,INR,Available,False
2026-08-24T10:30:00,2026-08-24,OTA Aggregator,Akasa Air,MAA,DEL,MAA-DEL,0.086,2026-08-25,T+1,Economy,7880.0,1430.0,720.0,300.0,10330.0,INR,Available,False
2026-08-24T10:30:00,2026-08-24,OTA Aggregator,Akasa Air,MAA,DEL,MAA-DEL,0.086,2026-08-31,T+7,Economy,5970.0,1070.0,550.0,300.0,7890.0,INR,Available,False
2026-08-24T10:30:00,2026-08-24,OTA Aggregator,Akasa Air,MAA,DEL,MAA-DEL,0.086,2026-09-08,T+15,Economy,5260.0,990.0,490.0,300.0,7040.0,INR,Available,False
2026-08-24T10:30:00,2026-08-24,OTA Aggregator,Akasa Air,MAA,DEL,MAA-DEL,0.086,2026-09-23,T+30,Economy,4370.0,900.0,450.0,300.0,6020.0,INR,Available,False
2026-08-24T10:30:00,2026-08-24,OTA Aggregator,Akasa Air,MAA,DEL,MAA-DEL,0.086,2026-10-08,T+45,Economy,4400.0,880.0,430.0,300.0,6010.0,INR,Available,False
2026-08-24T10:30:00,2026-08-24,OTA Aggregator,SpiceJet,MAA,DEL,MAA-DEL,0.086,2026-08-25,T+1,Economy,7630.0,1420.0,660.0,250.0,9960.0,INR,Available,False
2026-08-24T10:30:00,2026-08-24,OTA Aggregator,SpiceJet,MAA,DEL,MAA-DEL,0.086,2026-08-31,T+7,Economy,6100.0,1100.0,590.0,250.0,8040.0,INR,Available,False
2026-08-24T10:30:00,2026-08-24,OTA Aggregator,SpiceJet,MAA,DEL,MAA-DEL,0.086,2026-09-08,T+15,Economy,5310.0,1080.0,560.0,250.0,7200.0,INR,Available,False
2026-08-24T10:30:00,2026-08-24,OTA Aggregator,SpiceJet,MAA,DEL,MAA-DEL,0.086,2026-09-23,T+30,Economy,4610.0,930.0,430.0,250.0,6220.0,INR,Available,False
2026-08-24T10:30:00,2026-08-24,OTA Aggregator,SpiceJet,MAA,DEL,MAA-DEL,0.086,2026-10-08,T+45,Economy,4150.0,880.0,460.0,250.0,5740.0,INR,Available,False
2026-08-24T10:30:00,2026-08-24,Airline Direct,IndiGo,BOM,DEL,BOM-DEL,0.135,2026-08-25,T+1,Economy,9570.0,1770.0,820.0,250.0,12410.0,INR,Available,False
2026-08-24T10:30:00,2026-08-24,Airline Direct,IndiGo,BOM,DEL,BOM-DEL,0.135,2026-08-31,T+7,Economy,7110.0,1330.0,680.0,250.0,9370.0,INR,Available,False
2026-08-24T10:30:00,2026-08-24,Airline Direct,IndiGo,BOM,DEL,BOM-DEL,0.135,2026-09-08,T+15,Economy,6170.0,1180.0,560.0,250.0,8160.0,INR,Available,False
2026-08-24T10:30:00,2026-08-24,Airline Direct,IndiGo,BOM,DEL,BOM-DEL,0.135,2026-09-23,T+30,Economy,5260.0,980.0,530.0,250.0,7020.0,INR,Available,False
2026-08-24T10:30:00,2026-08-24,Airline Direct,IndiGo,BOM,DEL,BOM-DEL,0.135,2026-10-08,T+45,Economy,5130.0,970.0,490.0,250.0,6840.0,INR,Available,False
2026-08-24T10:30:00,2026-08-24,Airline Direct,Air India,BOM,DEL,BOM-DEL,0.135,2026-08-25,T+1,Economy,10090.0,1850.0,860.0,300.0,13100.0,INR,Available,False
2026-08-24T10:30:00,2026-08-24,Airline Direct,Air India,BOM,DEL,BOM-DEL,0.135,2026-08-31,T+7,Economy,7710.0,1340.0,690.0,300.0,10040.0,INR,Available,False
2026-08-24T10:30:00,2026-08-24,Airline Direct,Air India,BOM,DEL,BOM-DEL,0.135,2026-09-08,T+15,Economy,6720.0,1220.0,670.0,300.0,8910.0,INR,Available,False
2026-08-24T10:30:00,2026-08-24,Airline Direct,Air India,BOM,DEL,BOM-DEL,0.135,2026-09-23,T+30,Economy,5660.0,1110.0,600.0,300.0,7670.0,INR,Available,False
2026-08-24T10:30:00,2026-08-24,Airline Direct,Air India,BOM,DEL,BOM-DEL,0.135,2026-10-08,T+45,Economy,5630.0,1110.0,580.0,300.0,7620.0,INR,Available,False
2026-08-24T10:30:00,2026-08-24,OTA Aggregator,Air India Express,BOM,DEL,BOM-DEL,0.135,2026-08-25,T+1,Economy,8860.0,1550.0,810.0,300.0,11520.0,INR,Available,False
2026-08-24T10:30:00,2026-08-24,OTA Aggregator,Air India Express,BOM,DEL,BOM-DEL,0.135,2026-08-31,T+7,Economy,6760.0,1280.0,620.0,300.0,8960.0,INR,Available,False
2026-08-24T10:30:00,2026-08-24,OTA Aggregator,Air India Express,BOM,DEL,BOM-DEL,0.135,2026-09-08,T+15,Economy,5370.0,1010.0,520.0,300.0,7200.0,INR,Available,False
2026-08-24T10:30:00,2026-08-24,OTA Aggregator,Air India Express,BOM,DEL,BOM-DEL,0.135,2026-09-23,T+30,Economy,5040.0,990.0,500.0,300.0,6830.0,INR,Available,False
2026-08-24T10:30:00,2026-08-24,OTA Aggregator,Air India Express,BOM,DEL,BOM-DEL,0.135,2026-10-08,T+45,Economy,4230.0,800.0,390.0,300.0,5720.0,INR,Available,False
2026-08-24T10:30:00,2026-08-24,OTA Aggregator,Akasa Air,BOM,DEL,BOM-DEL,0.135,2026-08-25,T+1,Economy,8790.0,1590.0,830.0,300.0,11510.0,INR,Available,False
2026-08-24T10:30:00,2026-08-24,OTA Aggregator,Akasa Air,BOM,DEL,BOM-DEL,0.135,2026-08-31,T+7,Economy,6600.0,1300.0,650.0,300.0,8850.0,INR,Available,False
2026-08-24T10:30:00,2026-08-24,OTA Aggregator,Akasa Air,BOM,DEL,BOM-DEL,0.135,2026-09-08,T+15,Economy,6010.0,1110.0,560.0,300.0,7980.0,INR,Available,False
2026-08-24T10:30:00,2026-08-24,OTA Aggregator,Akasa Air,BOM,DEL,BOM-DEL,0.135,2026-09-23,T+30,Economy,4890.0,900.0,460.0,300.0,6550.0,INR,Available,False
2026-08-24T10:30:00,2026-08-24,OTA Aggregator,Akasa Air,BOM,DEL,BOM-DEL,0.135,2026-10-08,T+45,Economy,4640.0,960.0,470.0,300.0,6370.0,INR,Available,False
2026-08-24T10:30:00,2026-08-24,OTA Aggregator,SpiceJet,BOM,DEL,BOM-DEL,0.135,2026-08-25,T+1,Economy,9120.0,1640.0,880.0,250.0,11890.0,INR,Available,False
2026-08-24T10:30:00,2026-08-24,OTA Aggregator,SpiceJet,BOM,DEL,BOM-DEL,0.135,2026-08-31,T+7,Economy,6290.0,1120.0,580.0,250.0,8240.0,INR,Available,False
2026-08-24T10:30:00,2026-08-24,OTA Aggregator,SpiceJet,BOM,DEL,BOM-DEL,0.135,2026-09-08,T+15,Economy,5750.0,1080.0,590.0,250.0,7670.0,INR,Available,False
2026-08-24T10:30:00,2026-08-24,OTA Aggregator,SpiceJet,BOM,DEL,BOM-DEL,0.135,2026-09-23,T+30,Economy,5000.0,1040.0,470.0,250.0,6760.0,INR,Available,False
2026-08-24T10:30:00,2026-08-24,OTA Aggregator,SpiceJet,BOM,DEL,BOM-DEL,0.135,2026-10-08,T+45,Economy,5090.0,990.0,500.0,250.0,6830.0,INR,Available,False
2026-08-24T10:30:00,2026-08-24,Airline Direct,IndiGo,HYD,DEL,HYD-DEL,0.105,2026-08-25,T+1,Economy,7200.0,1330.0,670.0,250.0,9450.0,INR,Available,False
2026-08-24T10:30:00,2026-08-24,Airline Direct,IndiGo,HYD,DEL,HYD-DEL,0.105,2026-08-31,T+7,Economy,5550.0,1010.0,500.0,250.0,7310.0,INR,Available,False
2026-08-24T10:30:00,2026-08-24,Airline Direct,IndiGo,HYD,DEL,HYD-DEL,0.105,2026-09-08,T+15,Economy,4740.0,990.0,480.0,250.0,6460.0,INR,Available,False
2026-08-24T10:30:00,2026-08-24,Airline Direct,IndiGo,HYD,DEL,HYD-DEL,0.105,2026-09-23,T+30,Economy,4380.0,930.0,410.0,250.0,5970.0,INR,Available,False
2026-08-24T10:30:00,2026-08-24,Airline Direct,IndiGo,HYD,DEL,HYD-DEL,0.105,2026-10-08,T+45,Economy,3920.0,760.0,400.0,250.0,5330.0,INR,Available,False
2026-08-24T10:30:00,2026-08-24,Airline Direct,Air India,HYD,DEL,HYD-DEL,0.105,2026-08-25,T+1,Economy,7490.0,1430.0,670.0,300.0,9890.0,INR,Available,False
2026-08-24T10:30:00,2026-08-24,Airline Direct,Air India,HYD,DEL,HYD-DEL,0.105,2026-08-31,T+7,Economy,5670.0,1100.0,600.0,300.0,7670.0,INR,Available,False
2026-08-24T10:30:00,2026-08-24,Airline Direct,Air India,HYD,DEL,HYD-DEL,0.105,2026-09-08,T+15,Economy,4830.0,940.0,470.0,300.0,6540.0,INR,Available,False
2026-08-24T10:30:00,2026-08-24,Airline Direct,Air India,HYD,DEL,HYD-DEL,0.105,2026-09-23,T+30,Economy,4330.0,880.0,440.0,300.0,5950.0,INR,Available,False
2026-08-24T10:30:00,2026-08-24,Airline Direct,Air India,HYD,DEL,HYD-DEL,0.105,2026-10-08,T+45,Economy,3770.0,850.0,370.0,300.0,5290.0,INR,Available,False
2026-08-24T10:30:00,2026-08-24,OTA Aggregator,Air India Express,HYD,DEL,HYD-DEL,0.105,2026-08-25,T+1,Economy,7060.0,1350.0,640.0,300.0,9350.0,INR,Available,False
2026-08-24T10:30:00,2026-08-24,OTA Aggregator,Air India Express,HYD,DEL,HYD-DEL,0.105,2026-08-31,T+7,Economy,4880.0,890.0,490.0,300.0,6560.0,INR,Available,False
2026-08-24T10:30:00,2026-08-24,OTA Aggregator,Air India Express,HYD,DEL,HYD-DEL,0.105,2026-09-08,T+15,Economy,4380.0,830.0,480.0,300.0,5990.0,INR,Available,False
2026-08-24T10:30:00,2026-08-24,OTA Aggregator,Air India Express,HYD,DEL,HYD-DEL,0.105,2026-09-23,T+30,Economy,3780.0,820.0,370.0,300.0,5270.0,INR,Available,False
2026-08-24T10:30:00,2026-08-24,OTA Aggregator,Air India Express,HYD,DEL,HYD-DEL,0.105,2026-10-08,T+45,Economy,3430.0,770.0,390.0,300.0,4890.0,INR,Available,False
2026-08-24T10:30:00,2026-08-24,OTA Aggregator,Akasa Air,HYD,DEL,HYD-DEL,0.105,2026-08-25,T+1,Economy,6830.0,1260.0,660.0,300.0,9050.0,INR,Available,False
2026-08-24T10:30:00,2026-08-24,OTA Aggregator,Akasa Air,HYD,DEL,HYD-DEL,0.105,2026-08-31,T+7,Economy,5190.0,980.0,480.0,300.0,6950.0,INR,Available,False
2026-08-24T10:30:00,2026-08-24,OTA Aggregator,Akasa Air,HYD,DEL,HYD-DEL,0.105,2026-09-08,T+15,Economy,4140.0,770.0,380.0,300.0,5590.0,INR,Available,False
2026-08-24T10:30:00,2026-08-24,OTA Aggregator,Akasa Air,HYD,DEL,HYD-DEL,0.105,2026-09-23,T+30,Economy,3860.0,810.0,400.0,300.0,5370.0,INR,Available,False
2026-08-24T10:30:00,2026-08-24,OTA Aggregator,Akasa Air,HYD,DEL,HYD-DEL,0.105,2026-10-08,T+45,Economy,3390.0,720.0,360.0,300.0,4770.0,INR,Available,False
2026-08-24T10:30:00,2026-08-24,OTA Aggregator,SpiceJet,HYD,DEL,HYD-DEL,0.105,2026-08-25,T+1,Economy,7070.0,1280.0,710.0,250.0,9310.0,INR,Available,False
2026-08-24T10:30:00,2026-08-24,OTA Aggregator,SpiceJet,HYD,DEL,HYD-DEL,0.105,2026-08-31,T+7,Economy,5190.0,1010.0,540.0,250.0,6990.0,INR,Available,False
2026-08-24T10:30:00,2026-08-24,OTA Aggregator,SpiceJet,HYD,DEL,HYD-DEL,0.105,2026-09-08,T+15,Economy,4560.0,930.0,500.0,250.0,6240.0,INR,Available,False
2026-08-24T10:30:00,2026-08-24,OTA Aggregator,SpiceJet,HYD,DEL,HYD-DEL,0.105,2026-09-23,T+30,Economy,4000.0,840.0,440.0,250.0,5530.0,INR,Available,False
2026-08-24T10:30:00,2026-08-24,OTA Aggregator,SpiceJet,HYD,DEL,HYD-DEL,0.105,2026-10-08,T+45,Economy,3490.0,710.0,410.0,250.0,4860.0,INR,Available,False
2026-08-25T10:30:00,2026-08-25,Airline Direct,IndiGo,DEL,BOM,DEL-BOM,0.182,2026-08-26,T+1,Economy,9740.0,1720.0,930.0,300.0,12690.0,INR,Available,False
2026-08-25T10:30:00,2026-08-25,Airline Direct,IndiGo,DEL,BOM,DEL-BOM,0.182,2026-09-01,T+7,Economy,7620.0,1390.0,680.0,300.0,9990.0,INR,Available,False
2026-08-25T10:30:00,2026-08-25,Airline Direct,IndiGo,DEL,BOM,DEL-BOM,0.182,2026-09-09,T+15,Economy,6780.0,1200.0,650.0,300.0,8930.0,INR,Available,False
2026-08-25T10:30:00,2026-08-25,Airline Direct,IndiGo,DEL,BOM,DEL-BOM,0.182,2026-09-24,T+30,Economy,5370.0,1100.0,560.0,300.0,7330.0,INR,Available,False
2026-08-25T10:30:00,2026-08-25,Airline Direct,IndiGo,DEL,BOM,DEL-BOM,0.182,2026-10-09,T+45,Economy,5000.0,900.0,470.0,300.0,6670.0,INR,Available,False
2026-08-25T10:30:00,2026-08-25,Airline Direct,Air India,DEL,BOM,DEL-BOM,0.182,2026-08-26,T+1,Economy,10760.0,1820.0,930.0,250.0,13760.0,INR,Available,False
2026-08-25T10:30:00,2026-08-25,Airline Direct,Air India,DEL,BOM,DEL-BOM,0.182,2026-09-01,T+7,Economy,8300.0,1550.0,790.0,250.0,10890.0,INR,Available,False
2026-08-25T10:30:00,2026-08-25,Airline Direct,Air India,DEL,BOM,DEL-BOM,0.182,2026-09-09,T+15,Economy,7310.0,1280.0,720.0,250.0,9560.0,INR,Available,False
2026-08-25T10:30:00,2026-08-25,Airline Direct,Air India,DEL,BOM,DEL-BOM,0.182,2026-09-24,T+30,Economy,6110.0,1170.0,560.0,250.0,8090.0,INR,Available,False
2026-08-25T10:30:00,2026-08-25,Airline Direct,Air India,DEL,BOM,DEL-BOM,0.182,2026-10-09,T+45,Economy,5270.0,1090.0,520.0,250.0,7130.0,INR,Available,False
2026-08-25T10:30:00,2026-08-25,OTA Aggregator,Air India Express,DEL,BOM,DEL-BOM,0.182,2026-08-26,T+1,Economy,9540.0,1750.0,820.0,250.0,12360.0,INR,Available,False
2026-08-25T10:30:00,2026-08-25,OTA Aggregator,Air India Express,DEL,BOM,DEL-BOM,0.182,2026-09-01,T+7,Economy,7130.0,1280.0,670.0,250.0,9330.0,INR,Available,False
2026-08-25T10:30:00,2026-08-25,OTA Aggregator,Air India Express,DEL,BOM,DEL-BOM,0.182,2026-09-09,T+15,Economy,5970.0,1110.0,550.0,250.0,7880.0,INR,Available,False
2026-08-25T10:30:00,2026-08-25,OTA Aggregator,Air India Express,DEL,BOM,DEL-BOM,0.182,2026-09-24,T+30,Economy,5070.0,910.0,530.0,250.0,6760.0,INR,Available,False
2026-08-25T10:30:00,2026-08-25,OTA Aggregator,Air India Express,DEL,BOM,DEL-BOM,0.182,2026-10-09,T+45,Economy,4680.0,930.0,450.0,250.0,6310.0,INR,Available,False
2026-08-25T10:30:00,2026-08-25,OTA Aggregator,Akasa Air,DEL,BOM,DEL-BOM,0.182,2026-08-26,T+1,Economy,9570.0,1630.0,860.0,250.0,12310.0,INR,Available,False
2026-08-25T10:30:00,2026-08-25,OTA Aggregator,Akasa Air,DEL,BOM,DEL-BOM,0.182,2026-09-01,T+7,Economy,7270.0,1320.0,710.0,250.0,9550.0,INR,Available,False
2026-08-25T10:30:00,2026-08-25,OTA Aggregator,Akasa Air,DEL,BOM,DEL-BOM,0.182,2026-09-09,T+15,Economy,6100.0,1170.0,630.0,250.0,8150.0,INR,Available,False
2026-08-25T10:30:00,2026-08-25,OTA Aggregator,Akasa Air,DEL,BOM,DEL-BOM,0.182,2026-09-24,T+30,Economy,4960.0,1030.0,450.0,250.0,6690.0,INR,Available,False
2026-08-25T10:30:00,2026-08-25,OTA Aggregator,Akasa Air,DEL,BOM,DEL-BOM,0.182,2026-10-09,T+45,Economy,4680.0,870.0,430.0,250.0,6230.0,INR,Available,False
2026-08-25T10:30:00,2026-08-25,OTA Aggregator,SpiceJet,DEL,BOM,DEL-BOM,0.182,2026-08-26,T+1,Economy,11690.0,2030.0,1000.0,300.0,15020.0,INR,Available,True
2026-08-25T10:30:00,2026-08-25,OTA Aggregator,SpiceJet,DEL,BOM,DEL-BOM,0.182,2026-09-01,T+7,Economy,7540.0,1400.0,720.0,300.0,9960.0,INR,Available,False
2026-08-25T10:30:00,2026-08-25,OTA Aggregator,SpiceJet,DEL,BOM,DEL-BOM,0.182,2026-09-09,T+15,Economy,6050.0,1170.0,620.0,300.0,8140.0,INR,Available,False
2026-08-25T10:30:00,2026-08-25,OTA Aggregator,SpiceJet,DEL,BOM,DEL-BOM,0.182,2026-09-24,T+30,Economy,5370.0,1070.0,560.0,300.0,7300.0,INR,Available,False
2026-08-25T10:30:00,2026-08-25,OTA Aggregator,SpiceJet,DEL,BOM,DEL-BOM,0.182,2026-10-09,T+45,Economy,4980.0,950.0,450.0,300.0,6680.0,INR,Available,False
2026-08-25T10:30:00,2026-08-25,Airline Direct,IndiGo,DEL,BLR,DEL-BLR,0.154,2026-08-26,T+1,Economy,9190.0,1710.0,850.0,300.0,12050.0,INR,Available,False
2026-08-25T10:30:00,2026-08-25,Airline Direct,IndiGo,DEL,BLR,DEL-BLR,0.154,2026-09-01,T+7,Economy,6940.0,1280.0,690.0,300.0,9210.0,INR,Available,False
2026-08-25T10:30:00,2026-08-25,Airline Direct,IndiGo,DEL,BLR,DEL-BLR,0.154,2026-09-09,T+15,Economy,5900.0,1070.0,600.0,300.0,7870.0,INR,Available,False
2026-08-25T10:30:00,2026-08-25,Airline Direct,IndiGo,DEL,BLR,DEL-BLR,0.154,2026-09-24,T+30,Economy,5450.0,1110.0,530.0,300.0,7390.0,INR,Available,False
2026-08-25T10:30:00,2026-08-25,Airline Direct,IndiGo,DEL,BLR,DEL-BLR,0.154,2026-10-09,T+45,Economy,4760.0,920.0,510.0,300.0,6490.0,INR,Available,False
2026-08-25T10:30:00,2026-08-25,Airline Direct,Air India,DEL,BLR,DEL-BLR,0.154,2026-08-26,T+1,Economy,10670.0,1830.0,990.0,250.0,13740.0,INR,Available,False
2026-08-25T10:30:00,2026-08-25,Airline Direct,Air India,DEL,BLR,DEL-BLR,0.154,2026-09-01,T+7,Economy,7790.0,1380.0,770.0,250.0,10190.0,INR,Available,False
2026-08-25T10:30:00,2026-08-25,Airline Direct,Air India,DEL,BLR,DEL-BLR,0.154,2026-09-09,T+15,Economy,6760.0,1220.0,620.0,250.0,8850.0,INR,Available,False
2026-08-25T10:30:00,2026-08-25,Airline Direct,Air India,DEL,BLR,DEL-BLR,0.154,2026-09-24,T+30,Economy,5530.0,1030.0,570.0,250.0,7380.0,INR,Available,False
2026-08-25T10:30:00,2026-08-25,Airline Direct,Air India,DEL,BLR,DEL-BLR,0.154,2026-10-09,T+45,Economy,5430.0,1010.0,550.0,250.0,7240.0,INR,Available,False
2026-08-25T10:30:00,2026-08-25,OTA Aggregator,Air India Express,DEL,BLR,DEL-BLR,0.154,2026-08-26,T+1,Economy,8550.0,1490.0,770.0,250.0,11060.0,INR,Available,False
2026-08-25T10:30:00,2026-08-25,OTA Aggregator,Air India Express,DEL,BLR,DEL-BLR,0.154,2026-09-01,T+7,Economy,6060.0,1120.0,600.0,250.0,8030.0,INR,Available,False
2026-08-25T10:30:00,2026-08-25,OTA Aggregator,Air India Express,DEL,BLR,DEL-BLR,0.154,2026-09-09,T+15,Economy,5540.0,1020.0,560.0,250.0,7370.0,INR,Available,False
2026-08-25T10:30:00,2026-08-25,OTA Aggregator,Air India Express,DEL,BLR,DEL-BLR,0.154,2026-09-24,T+30,Economy,4880.0,970.0,450.0,250.0,6550.0,INR,Available,False
2026-08-25T10:30:00,2026-08-25,OTA Aggregator,Air India Express,DEL,BLR,DEL-BLR,0.154,2026-10-09,T+45,Economy,4580.0,960.0,440.0,250.0,6230.0,INR,Available,False
2026-08-25T10:30:00,2026-08-25,OTA Aggregator,Akasa Air,DEL,BLR,DEL-BLR,0.154,2026-08-26,T+1,Economy,8760.0,1610.0,800.0,250.0,11420.0,INR,Available,False
2026-08-25T10:30:00,2026-08-25,OTA Aggregator,Akasa Air,DEL,BLR,DEL-BLR,0.154,2026-09-01,T+7,Economy,6720.0,1180.0,670.0,250.0,8820.0,INR,Available,False
2026-08-25T10:30:00,2026-08-25,OTA Aggregator,Akasa Air,DEL,BLR,DEL-BLR,0.154,2026-09-09,T+15,Economy,5720.0,1100.0,550.0,250.0,7620.0,INR,Available,False
2026-08-25T10:30:00,2026-08-25,OTA Aggregator,Akasa Air,DEL,BLR,DEL-BLR,0.154,2026-09-24,T+30,Economy,4750.0,910.0,480.0,250.0,6390.0,INR,Available,False
2026-08-25T10:30:00,2026-08-25,OTA Aggregator,Akasa Air,DEL,BLR,DEL-BLR,0.154,2026-10-09,T+45,Economy,4470.0,870.0,460.0,250.0,6050.0,INR,Available,False
2026-08-25T10:30:00,2026-08-25,OTA Aggregator,SpiceJet,DEL,BLR,DEL-BLR,0.154,2026-08-26,T+1,Economy,8310.0,1580.0,760.0,300.0,10950.0,INR,Available,False
2026-08-25T10:30:00,2026-08-25,OTA Aggregator,SpiceJet,DEL,BLR,DEL-BLR,0.154,2026-09-01,T+7,Economy,6820.0,1320.0,600.0,300.0,9040.0,INR,Available,False
2026-08-25T10:30:00,2026-08-25,OTA Aggregator,SpiceJet,DEL,BLR,DEL-BLR,0.154,2026-09-09,T+15,Economy,5550.0,1090.0,550.0,300.0,7490.0,INR,Available,False
2026-08-25T10:30:00,2026-08-25,OTA Aggregator,SpiceJet,DEL,BLR,DEL-BLR,0.154,2026-09-24,T+30,Economy,5150.0,980.0,490.0,300.0,6920.0,INR,Available,False
2026-08-25T10:30:00,2026-08-25,OTA Aggregator,SpiceJet,DEL,BLR,DEL-BLR,0.154,2026-10-09,T+45,Economy,4600.0,960.0,480.0,300.0,6340.0,INR,Available,False
2026-08-25T10:30:00,2026-08-25,Airline Direct,IndiGo,BOM,BLR,BOM-BLR,0.127,2026-08-26,T+1,Economy,7910.0,1490.0,690.0,300.0,10390.0,INR,Available,False
2026-08-25T10:30:00,2026-08-25,Airline Direct,IndiGo,BOM,BLR,BOM-BLR,0.127,2026-09-01,T+7,Economy,6210.0,1210.0,610.0,300.0,8330.0,INR,Available,False
2026-08-25T10:30:00,2026-08-25,Airline Direct,IndiGo,BOM,BLR,BOM-BLR,0.127,2026-09-09,T+15,Economy,5150.0,940.0,540.0,300.0,6930.0,INR,Available,False
2026-08-25T10:30:00,2026-08-25,Airline Direct,IndiGo,BOM,BLR,BOM-BLR,0.127,2026-09-24,T+30,Economy,4360.0,880.0,490.0,300.0,6030.0,INR,Available,False
2026-08-25T10:30:00,2026-08-25,Airline Direct,IndiGo,BOM,BLR,BOM-BLR,0.127,2026-10-09,T+45,Economy,4180.0,800.0,450.0,300.0,5730.0,INR,Available,False
2026-08-25T10:30:00,2026-08-25,Airline Direct,Air India,BOM,BLR,BOM-BLR,0.127,2026-08-26,T+1,Economy,8110.0,1510.0,780.0,250.0,10650.0,INR,Available,False
2026-08-25T10:30:00,2026-08-25,Airline Direct,Air India,BOM,BLR,BOM-BLR,0.127,2026-09-01,T+7,Economy,6830.0,1270.0,620.0,250.0,8970.0,INR,Available,False
2026-08-25T10:30:00,2026-08-25,Airline Direct,Air India,BOM,BLR,BOM-BLR,0.127,2026-09-09,T+15,Economy,5350.0,1040.0,520.0,250.0,7160.0,INR,Available,False
2026-08-25T10:30:00,2026-08-25,Airline Direct,Air India,BOM,BLR,BOM-BLR,0.127,2026-09-24,T+30,Economy,5040.0,970.0,460.0,250.0,6720.0,INR,Available,False
2026-08-25T10:30:00,2026-08-25,Airline Direct,Air India,BOM,BLR,BOM-BLR,0.127,2026-10-09,T+45,Economy,4380.0,810.0,490.0,250.0,5930.0,INR,Available,False
2026-08-25T10:30:00,2026-08-25,OTA Aggregator,Air India Express,BOM,BLR,BOM-BLR,0.127,2026-08-26,T+1,Economy,7220.0,1400.0,690.0,250.0,9560.0,INR,Available,False
2026-08-25T10:30:00,2026-08-25,OTA Aggregator,Air India Express,BOM,BLR,BOM-BLR,0.127,2026-09-01,T+7,Economy,5590.0,1120.0,570.0,250.0,7530.0,INR,Available,False
2026-08-25T10:30:00,2026-08-25,OTA Aggregator,Air India Express,BOM,BLR,BOM-BLR,0.127,2026-09-09,T+15,Economy,4670.0,880.0,450.0,250.0,6250.0,INR,Available,False
2026-08-25T10:30:00,2026-08-25,OTA Aggregator,Air India Express,BOM,BLR,BOM-BLR,0.127,2026-09-24,T+30,Economy,3780.0,820.0,440.0,250.0,5290.0,INR,Available,False
2026-08-25T10:30:00,2026-08-25,OTA Aggregator,Air India Express,BOM,BLR,BOM-BLR,0.127,2026-10-09,T+45,Economy,3750.0,710.0,360.0,250.0,5070.0,INR,Available,False
2026-08-25T10:30:00,2026-08-25,OTA Aggregator,Akasa Air,BOM,BLR,BOM-BLR,0.127,2026-08-26,T+1,Economy,7820.0,1420.0,740.0,250.0,10230.0,INR,Available,False
2026-08-25T10:30:00,2026-08-25,OTA Aggregator,Akasa Air,BOM,BLR,BOM-BLR,0.127,2026-09-01,T+7,Economy,5880.0,1120.0,530.0,250.0,7780.0,INR,Available,False
2026-08-25T10:30:00,2026-08-25,OTA Aggregator,Akasa Air,BOM,BLR,BOM-BLR,0.127,2026-09-09,T+15,Economy,4770.0,980.0,500.0,250.0,6500.0,INR,Available,False
2026-08-25T10:30:00,2026-08-25,OTA Aggregator,Akasa Air,BOM,BLR,BOM-BLR,0.127,2026-09-24,T+30,Economy,4440.0,820.0,470.0,250.0,5980.0,INR,Available,False
2026-08-25T10:30:00,2026-08-25,OTA Aggregator,Akasa Air,BOM,BLR,BOM-BLR,0.127,2026-10-09,T+45,Economy,4270.0,920.0,400.0,250.0,5840.0,INR,Available,False
2026-08-25T10:30:00,2026-08-25,OTA Aggregator,SpiceJet,BOM,BLR,BOM-BLR,0.127,2026-08-26,T+1,Economy,7640.0,1420.0,710.0,300.0,10070.0,INR,Available,False
2026-08-25T10:30:00,2026-08-25,OTA Aggregator,SpiceJet,BOM,BLR,BOM-BLR,0.127,2026-09-01,T+7,Economy,5750.0,1110.0,550.0,300.0,7710.0,INR,Available,False
2026-08-25T10:30:00,2026-08-25,OTA Aggregator,SpiceJet,BOM,BLR,BOM-BLR,0.127,2026-09-09,T+15,Economy,4910.0,1000.0,520.0,300.0,6730.0,INR,Available,False
2026-08-25T10:30:00,2026-08-25,OTA Aggregator,SpiceJet,BOM,BLR,BOM-BLR,0.127,2026-09-24,T+30,Economy,4290.0,890.0,460.0,300.0,5940.0,INR,Available,False
2026-08-25T10:30:00,2026-08-25,OTA Aggregator,SpiceJet,BOM,BLR,BOM-BLR,0.127,2026-10-09,T+45,Economy,3950.0,780.0,380.0,300.0,5410.0,INR,Available,False
2026-08-25T10:30:00,2026-08-25,Airline Direct,IndiGo,DEL,CCU,DEL-CCU,0.113,2026-08-26,T+1,Economy,7810.0,1400.0,760.0,300.0,10270.0,INR,Available,False
2026-08-25T10:30:00,2026-08-25,Airline Direct,IndiGo,DEL,CCU,DEL-CCU,0.113,2026-09-01,T+7,Economy,5440.0,1090.0,510.0,300.0,7340.0,INR,Available,False
2026-08-25T10:30:00,2026-08-25,Airline Direct,IndiGo,DEL,CCU,DEL-CCU,0.113,2026-09-09,T+15,Economy,4920.0,930.0,470.0,300.0,6620.0,INR,Available,False
2026-08-25T10:30:00,2026-08-25,Airline Direct,IndiGo,DEL,CCU,DEL-CCU,0.113,2026-09-24,T+30,Economy,3950.0,760.0,410.0,300.0,5420.0,INR,Available,False
2026-08-25T10:30:00,2026-08-25,Airline Direct,IndiGo,DEL,CCU,DEL-CCU,0.113,2026-10-09,T+45,Economy,3940.0,860.0,420.0,300.0,5520.0,INR,Available,False
2026-08-25T10:30:00,2026-08-25,Airline Direct,Air India,DEL,CCU,DEL-CCU,0.113,2026-08-26,T+1,Economy,7980.0,1460.0,730.0,250.0,10420.0,INR,Available,False
2026-08-25T10:30:00,2026-08-25,Airline Direct,Air India,DEL,CCU,DEL-CCU,0.113,2026-09-01,T+7,Economy,6260.0,1200.0,630.0,250.0,8340.0,INR,Available,False
2026-08-25T10:30:00,2026-08-25,Airline Direct,Air India,DEL,CCU,DEL-CCU,0.113,2026-09-09,T+15,Economy,5040.0,990.0,460.0,250.0,6740.0,INR,Available,False
2026-08-25T10:30:00,2026-08-25,Airline Direct,Air India,DEL,CCU,DEL-CCU,0.113,2026-09-24,T+30,Economy,4520.0,870.0,430.0,250.0,6070.0,INR,Available,False
2026-08-25T10:30:00,2026-08-25,Airline Direct,Air India,DEL,CCU,DEL-CCU,0.113,2026-10-09,T+45,Economy,4090.0,760.0,440.0,250.0,5540.0,INR,Available,False
2026-08-25T10:30:00,2026-08-25,OTA Aggregator,Air India Express,DEL,CCU,DEL-CCU,0.113,2026-08-26,T+1,Economy,6790.0,1290.0,660.0,250.0,8990.0,INR,Available,False
2026-08-25T10:30:00,2026-08-25,OTA Aggregator,Air India Express,DEL,CCU,DEL-CCU,0.113,2026-09-01,T+7,Economy,5220.0,950.0,550.0,250.0,6970.0,INR,Available,False
2026-08-25T10:30:00,2026-08-25,OTA Aggregator,Air India Express,DEL,CCU,DEL-CCU,0.113,2026-09-09,T+15,Economy,4400.0,920.0,420.0,250.0,5990.0,INR,Available,False
2026-08-25T10:30:00,2026-08-25,OTA Aggregator,Air India Express,DEL,CCU,DEL-CCU,0.113,2026-09-24,T+30,Economy,3940.0,820.0,450.0,250.0,5460.0,INR,Available,False
2026-08-25T10:30:00,2026-08-25,OTA Aggregator,Air India Express,DEL,CCU,DEL-CCU,0.113,2026-10-09,T+45,Economy,3590.0,710.0,360.0,250.0,4910.0,INR,Available,False
2026-08-25T10:30:00,2026-08-25,OTA Aggregator,Akasa Air,DEL,CCU,DEL-CCU,0.113,2026-08-26,T+1,Economy,7160.0,1330.0,680.0,250.0,9420.0,INR,Available,False
2026-08-25T10:30:00,2026-08-25,OTA Aggregator,Akasa Air,DEL,CCU,DEL-CCU,0.113,2026-09-01,T+7,Economy,5600.0,1110.0,530.0,250.0,7490.0,INR,Available,False
2026-08-25T10:30:00,2026-08-25,OTA Aggregator,Akasa Air,DEL,CCU,DEL-CCU,0.113,2026-09-09,T+15,Economy,4740.0,900.0,480.0,250.0,6370.0,INR,Available,False
2026-08-25T10:30:00,2026-08-25,OTA Aggregator,Akasa Air,DEL,CCU,DEL-CCU,0.113,2026-09-24,T+30,Economy,3950.0,840.0,470.0,250.0,5510.0,INR,Available,False
2026-08-25T10:30:00,2026-08-25,OTA Aggregator,Akasa Air,DEL,CCU,DEL-CCU,0.113,2026-10-09,T+45,Economy,3430.0,780.0,400.0,250.0,4860.0,INR,Available,False
2026-08-25T10:30:00,2026-08-25,OTA Aggregator,SpiceJet,DEL,CCU,DEL-CCU,0.113,2026-08-26,T+1,Economy,6720.0,1240.0,620.0,300.0,8880.0,INR,Available,False
2026-08-25T10:30:00,2026-08-25,OTA Aggregator,SpiceJet,DEL,CCU,DEL-CCU,0.113,2026-09-01,T+7,Economy,5700.0,1140.0,520.0,300.0,7660.0,INR,Available,False
2026-08-25T10:30:00,2026-08-25,OTA Aggregator,SpiceJet,DEL,CCU,DEL-CCU,0.113,2026-09-09,T+15,Economy,4740.0,920.0,480.0,300.0,6440.0,INR,Available,False
2026-08-25T10:30:00,2026-08-25,OTA Aggregator,SpiceJet,DEL,CCU,DEL-CCU,0.113,2026-09-24,T+30,Economy,4030.0,830.0,380.0,300.0,5540.0,INR,Available,False
2026-08-25T10:30:00,2026-08-25,OTA Aggregator,SpiceJet,DEL,CCU,DEL-CCU,0.113,2026-10-09,T+45,Economy,3750.0,830.0,430.0,300.0,5310.0,INR,Available,False
2026-08-25T10:30:00,2026-08-25,Airline Direct,IndiGo,BLR,HYD,BLR-HYD,0.098,2026-08-26,T+1,Economy,5180.0,970.0,490.0,300.0,6940.0,INR,Available,False
2026-08-25T10:30:00,2026-08-25,Airline Direct,IndiGo,BLR,HYD,BLR-HYD,0.098,2026-09-01,T+7,Economy,4150.0,900.0,460.0,300.0,5810.0,INR,Available,False
2026-08-25T10:30:00,2026-08-25,Airline Direct,IndiGo,BLR,HYD,BLR-HYD,0.098,2026-09-09,T+15,Economy,3650.0,710.0,340.0,300.0,5000.0,INR,Available,False
2026-08-25T10:30:00,2026-08-25,Airline Direct,IndiGo,BLR,HYD,BLR-HYD,0.098,2026-09-24,T+30,Economy,3280.0,660.0,390.0,300.0,4630.0,INR,Available,False
2026-08-25T10:30:00,2026-08-25,Airline Direct,IndiGo,BLR,HYD,BLR-HYD,0.098,2026-10-09,T+45,Economy,3050.0,630.0,330.0,300.0,4310.0,INR,Available,False
2026-08-25T10:30:00,2026-08-25,Airline Direct,Air India,BLR,HYD,BLR-HYD,0.098,2026-08-26,T+1,Economy,5900.0,1080.0,560.0,250.0,7790.0,INR,Available,False
2026-08-25T10:30:00,2026-08-25,Airline Direct,Air India,BLR,HYD,BLR-HYD,0.098,2026-09-01,T+7,Economy,4590.0,910.0,460.0,250.0,6210.0,INR,Available,False
2026-08-25T10:30:00,2026-08-25,Airline Direct,Air India,BLR,HYD,BLR-HYD,0.098,2026-09-09,T+15,Economy,3960.0,840.0,450.0,250.0,5500.0,INR,Available,False
2026-08-25T10:30:00,2026-08-25,Airline Direct,Air India,BLR,HYD,BLR-HYD,0.098,2026-09-24,T+30,Economy,3420.0,740.0,330.0,250.0,4740.0,INR,Available,False
2026-08-25T10:30:00,2026-08-25,Airline Direct,Air India,BLR,HYD,BLR-HYD,0.098,2026-10-09,T+45,Economy,3210.0,710.0,380.0,250.0,4550.0,INR,Available,False
2026-08-25T10:30:00,2026-08-25,OTA Aggregator,Air India Express,BLR,HYD,BLR-HYD,0.098,2026-08-26,T+1,Economy,5290.0,1070.0,500.0,250.0,7110.0,INR,Available,False
2026-08-25T10:30:00,2026-08-25,OTA Aggregator,Air India Express,BLR,HYD,BLR-HYD,0.098,2026-09-01,T+7,Economy,3940.0,820.0,460.0,250.0,5470.0,INR,Available,False
2026-08-25T10:30:00,2026-08-25,OTA Aggregator,Air India Express,BLR,HYD,BLR-HYD,0.098,2026-09-09,T+15,Economy,3530.0,670.0,330.0,250.0,4780.0,INR,Available,False
2026-08-25T10:30:00,2026-08-25,OTA Aggregator,Air India Express,BLR,HYD,BLR-HYD,0.098,2026-09-24,T+30,Economy,2910.0,680.0,360.0,250.0,4200.0,INR,Available,False
2026-08-25T10:30:00,2026-08-25,OTA Aggregator,Air India Express,BLR,HYD,BLR-HYD,0.098,2026-10-09,T+45,Economy,2700.0,670.0,280.0,250.0,3900.0,INR,Available,False
2026-08-25T10:30:00,2026-08-25,OTA Aggregator,Akasa Air,BLR,HYD,BLR-HYD,0.098,2026-08-26,T+1,Economy,5220.0,1010.0,480.0,250.0,6960.0,INR,Available,False
2026-08-25T10:30:00,2026-08-25,OTA Aggregator,Akasa Air,BLR,HYD,BLR-HYD,0.098,2026-09-01,T+7,Economy,4120.0,890.0,450.0,250.0,5710.0,INR,Available,False
2026-08-25T10:30:00,2026-08-25,OTA Aggregator,Akasa Air,BLR,HYD,BLR-HYD,0.098,2026-09-09,T+15,Economy,3260.0,710.0,360.0,250.0,4580.0,INR,Available,False
2026-08-25T10:30:00,2026-08-25,OTA Aggregator,Akasa Air,BLR,HYD,BLR-HYD,0.098,2026-09-24,T+30,Economy,2960.0,630.0,290.0,250.0,4130.0,INR,Available,False
2026-08-25T10:30:00,2026-08-25,OTA Aggregator,Akasa Air,BLR,HYD,BLR-HYD,0.098,2026-10-09,T+45,Economy,2750.0,570.0,310.0,250.0,3880.0,INR,Available,False
2026-08-25T10:30:00,2026-08-25,OTA Aggregator,SpiceJet,BLR,HYD,BLR-HYD,0.098,2026-08-26,T+1,Economy,5310.0,1030.0,480.0,300.0,7120.0,INR,Available,False
2026-08-25T10:30:00,2026-08-25,OTA Aggregator,SpiceJet,BLR,HYD,BLR-HYD,0.098,2026-09-01,T+7,Economy,4160.0,910.0,390.0,300.0,5760.0,INR,Available,False
2026-08-25T10:30:00,2026-08-25,OTA Aggregator,SpiceJet,BLR,HYD,BLR-HYD,0.098,2026-09-09,T+15,Economy,3470.0,770.0,370.0,300.0,4910.0,INR,Available,False
2026-08-25T10:30:00,2026-08-25,OTA Aggregator,SpiceJet,BLR,HYD,BLR-HYD,0.098,2026-09-24,T+30,Economy,3230.0,630.0,390.0,300.0,4550.0,INR,Available,False
2026-08-25T10:30:00,2026-08-25,OTA Aggregator,SpiceJet,BLR,HYD,BLR-HYD,0.098,2026-10-09,T+45,Economy,2840.0,660.0,320.0,300.0,4120.0,INR,Available,False
2026-08-25T10:30:00,2026-08-25,Airline Direct,IndiGo,MAA,DEL,MAA-DEL,0.086,2026-08-26,T+1,Economy,8270.0,1540.0,790.0,300.0,10900.0,INR,Available,False
2026-08-25T10:30:00,2026-08-25,Airline Direct,IndiGo,MAA,DEL,MAA-DEL,0.086,2026-09-01,T+7,Economy,6480.0,1210.0,600.0,300.0,8590.0,INR,Available,False
2026-08-25T10:30:00,2026-08-25,Airline Direct,IndiGo,MAA,DEL,MAA-DEL,0.086,2026-09-09,T+15,Economy,5690.0,1050.0,580.0,300.0,7620.0,INR,Available,False
2026-08-25T10:30:00,2026-08-25,Airline Direct,IndiGo,MAA,DEL,MAA-DEL,0.086,2026-09-24,T+30,Economy,4690.0,910.0,500.0,300.0,6400.0,INR,Available,False
2026-08-25T10:30:00,2026-08-25,Airline Direct,IndiGo,MAA,DEL,MAA-DEL,0.086,2026-10-09,T+45,Economy,4160.0,900.0,450.0,300.0,5810.0,INR,Available,False
2026-08-25T10:30:00,2026-08-25,Airline Direct,Air India,MAA,DEL,MAA-DEL,0.086,2026-08-26,T+1,Economy,9620.0,1650.0,830.0,250.0,12350.0,INR,Available,False
2026-08-25T10:30:00,2026-08-25,Airline Direct,Air India,MAA,DEL,MAA-DEL,0.086,2026-09-01,T+7,Economy,7010.0,1230.0,660.0,250.0,9150.0,INR,Available,False
2026-08-25T10:30:00,2026-08-25,Airline Direct,Air India,MAA,DEL,MAA-DEL,0.086,2026-09-09,T+15,Economy,5890.0,1100.0,610.0,250.0,7850.0,INR,Available,False
2026-08-25T10:30:00,2026-08-25,Airline Direct,Air India,MAA,DEL,MAA-DEL,0.086,2026-09-24,T+30,Economy,5390.0,1090.0,550.0,250.0,7280.0,INR,Available,False
2026-08-25T10:30:00,2026-08-25,Airline Direct,Air India,MAA,DEL,MAA-DEL,0.086,2026-10-09,T+45,Economy,4710.0,860.0,440.0,250.0,6260.0,INR,Available,False
2026-08-25T10:30:00,2026-08-25,OTA Aggregator,Air India Express,MAA,DEL,MAA-DEL,0.086,2026-08-26,T+1,Economy,7690.0,1410.0,670.0,250.0,10020.0,INR,Available,False
2026-08-25T10:30:00,2026-08-25,OTA Aggregator,Air India Express,MAA,DEL,MAA-DEL,0.086,2026-09-01,T+7,Economy,5960.0,1150.0,590.0,250.0,7950.0,INR,Available,False
2026-08-25T10:30:00,2026-08-25,OTA Aggregator,Air India Express,MAA,DEL,MAA-DEL,0.086,2026-09-09,T+15,Economy,5070.0,990.0,480.0,250.0,6790.0,INR,Available,False
2026-08-25T10:30:00,2026-08-25,OTA Aggregator,Air India Express,MAA,DEL,MAA-DEL,0.086,2026-09-24,T+30,Economy,4330.0,830.0,490.0,250.0,5900.0,INR,Available,False
2026-08-25T10:30:00,2026-08-25,OTA Aggregator,Air India Express,MAA,DEL,MAA-DEL,0.086,2026-10-09,T+45,Economy,4060.0,900.0,440.0,250.0,5650.0,INR,Available,False
2026-08-25T10:30:00,2026-08-25,OTA Aggregator,Akasa Air,MAA,DEL,MAA-DEL,0.086,2026-08-26,T+1,Economy,10020.0,1850.0,860.0,250.0,12980.0,INR,Available,True
2026-08-25T10:30:00,2026-08-25,OTA Aggregator,Akasa Air,MAA,DEL,MAA-DEL,0.086,2026-09-01,T+7,Economy,6280.0,1210.0,580.0,250.0,8320.0,INR,Available,False
2026-08-25T10:30:00,2026-08-25,OTA Aggregator,Akasa Air,MAA,DEL,MAA-DEL,0.086,2026-09-09,T+15,Economy,5520.0,1050.0,520.0,250.0,7340.0,INR,Available,False
2026-08-25T10:30:00,2026-08-25,OTA Aggregator,Akasa Air,MAA,DEL,MAA-DEL,0.086,2026-09-24,T+30,Economy,4360.0,850.0,430.0,250.0,5890.0,INR,Available,False
2026-08-25T10:30:00,2026-08-25,OTA Aggregator,Akasa Air,MAA,DEL,MAA-DEL,0.086,2026-10-09,T+45,Economy,3980.0,860.0,380.0,250.0,5470.0,INR,Available,False
2026-08-25T10:30:00,2026-08-25,OTA Aggregator,SpiceJet,MAA,DEL,MAA-DEL,0.086,2026-08-26,T+1,Economy,8070.0,1450.0,780.0,300.0,10600.0,INR,Available,False
2026-08-25T10:30:00,2026-08-25,OTA Aggregator,SpiceJet,MAA,DEL,MAA-DEL,0.086,2026-09-01,T+7,Economy,5870.0,1120.0,560.0,300.0,7850.0,INR,Available,False
2026-08-25T10:30:00,2026-08-25,OTA Aggregator,SpiceJet,MAA,DEL,MAA-DEL,0.086,2026-09-09,T+15,Economy,5330.0,1020.0,490.0,300.0,7140.0,INR,Available,False
2026-08-25T10:30:00,2026-08-25,OTA Aggregator,SpiceJet,MAA,DEL,MAA-DEL,0.086,2026-09-24,T+30,Economy,4680.0,980.0,450.0,300.0,6410.0,INR,Available,False
2026-08-25T10:30:00,2026-08-25,OTA Aggregator,SpiceJet,MAA,DEL,MAA-DEL,0.086,2026-10-09,T+45,Economy,4230.0,790.0,390.0,300.0,5710.0,INR,Available,False
2026-08-25T10:30:00,2026-08-25,Airline Direct,IndiGo,BOM,DEL,BOM-DEL,0.135,2026-08-26,T+1,Economy,9910.0,1790.0,910.0,300.0,12910.0,INR,Available,False
2026-08-25T10:30:00,2026-08-25,Airline Direct,IndiGo,BOM,DEL,BOM-DEL,0.135,2026-09-01,T+7,Economy,7450.0,1430.0,650.0,300.0,9830.0,INR,Available,False
2026-08-25T10:30:00,2026-08-25,Airline Direct,IndiGo,BOM,DEL,BOM-DEL,0.135,2026-09-09,T+15,Economy,6250.0,1190.0,560.0,300.0,8300.0,INR,Available,False
2026-08-25T10:30:00,2026-08-25,Airline Direct,IndiGo,BOM,DEL,BOM-DEL,0.135,2026-09-24,T+30,Economy,5450.0,1010.0,520.0,300.0,7280.0,INR,Available,False
2026-08-25T10:30:00,2026-08-25,Airline Direct,IndiGo,BOM,DEL,BOM-DEL,0.135,2026-10-09,T+45,Economy,4660.0,860.0,500.0,300.0,6320.0,INR,Available,False
2026-08-25T10:30:00,2026-08-25,Airline Direct,Air India,BOM,DEL,BOM-DEL,0.135,2026-08-26,T+1,Economy,10300.0,1820.0,890.0,250.0,13260.0,INR,Available,False
2026-08-25T10:30:00,2026-08-25,Airline Direct,Air India,BOM,DEL,BOM-DEL,0.135,2026-09-01,T+7,Economy,7910.0,1500.0,730.0,250.0,10390.0,INR,Available,False
2026-08-25T10:30:00,2026-08-25,Airline Direct,Air India,BOM,DEL,BOM-DEL,0.135,2026-09-09,T+15,Economy,6990.0,1360.0,700.0,250.0,9300.0,INR,Available,False
2026-08-25T10:30:00,2026-08-25,Airline Direct,Air India,BOM,DEL,BOM-DEL,0.135,2026-09-24,T+30,Economy,5950.0,1100.0,560.0,250.0,7860.0,INR,Available,False
2026-08-25T10:30:00,2026-08-25,Airline Direct,Air India,BOM,DEL,BOM-DEL,0.135,2026-10-09,T+45,Economy,5360.0,960.0,540.0,250.0,7110.0,INR,Available,False
2026-08-25T10:30:00,2026-08-25,OTA Aggregator,Air India Express,BOM,DEL,BOM-DEL,0.135,2026-08-26,T+1,Economy,8930.0,1600.0,780.0,250.0,11560.0,INR,Available,False
2026-08-25T10:30:00,2026-08-25,OTA Aggregator,Air India Express,BOM,DEL,BOM-DEL,0.135,2026-09-01,T+7,Economy,6850.0,1300.0,610.0,250.0,9010.0,INR,Available,False
2026-08-25T10:30:00,2026-08-25,OTA Aggregator,Air India Express,BOM,DEL,BOM-DEL,0.135,2026-09-09,T+15,Economy,5650.0,1050.0,590.0,250.0,7540.0,INR,Available,False
2026-08-25T10:30:00,2026-08-25,OTA Aggregator,Air India Express,BOM,DEL,BOM-DEL,0.135,2026-09-24,T+30,Economy,4990.0,970.0,450.0,250.0,6660.0,INR,Available,False
2026-08-25T10:30:00,2026-08-25,OTA Aggregator,Air India Express,BOM,DEL,BOM-DEL,0.135,2026-10-09,T+45,Economy,4410.0,950.0,460.0,250.0,6070.0,INR,Available,False
2026-08-25T10:30:00,2026-08-25,OTA Aggregator,Akasa Air,BOM,DEL,BOM-DEL,0.135,2026-08-26,T+1,Economy,8840.0,1600.0,760.0,250.0,11450.0,INR,Available,False
2026-08-25T10:30:00,2026-08-25,OTA Aggregator,Akasa Air,BOM,DEL,BOM-DEL,0.135,2026-09-01,T+7,Economy,6730.0,1230.0,590.0,250.0,8800.0,INR,Available,False
2026-08-25T10:30:00,2026-08-25,OTA Aggregator,Akasa Air,BOM,DEL,BOM-DEL,0.135,2026-09-09,T+15,Economy,5980.0,1150.0,580.0,250.0,7960.0,INR,Available,False
2026-08-25T10:30:00,2026-08-25,OTA Aggregator,Akasa Air,BOM,DEL,BOM-DEL,0.135,2026-09-24,T+30,Economy,5210.0,960.0,470.0,250.0,6890.0,INR,Available,False
2026-08-25T10:30:00,2026-08-25,OTA Aggregator,Akasa Air,BOM,DEL,BOM-DEL,0.135,2026-10-09,T+45,Economy,4630.0,850.0,440.0,250.0,6170.0,INR,Available,False
2026-08-25T10:30:00,2026-08-25,OTA Aggregator,SpiceJet,BOM,DEL,BOM-DEL,0.135,2026-08-26,T+1,Economy,9030.0,1570.0,850.0,300.0,11750.0,INR,Available,False
2026-08-25T10:30:00,2026-08-25,OTA Aggregator,SpiceJet,BOM,DEL,BOM-DEL,0.135,2026-09-01,T+7,Economy,6840.0,1230.0,670.0,300.0,9040.0,INR,Available,False
2026-08-25T10:30:00,2026-08-25,OTA Aggregator,SpiceJet,BOM,DEL,BOM-DEL,0.135,2026-09-09,T+15,Economy,5970.0,1200.0,530.0,300.0,8000.0,INR,Available,False
2026-08-25T10:30:00,2026-08-25,OTA Aggregator,SpiceJet,BOM,DEL,BOM-DEL,0.135,2026-09-24,T+30,Economy,4760.0,940.0,520.0,300.0,6520.0,INR,Available,False
2026-08-25T10:30:00,2026-08-25,OTA Aggregator,SpiceJet,BOM,DEL,BOM-DEL,0.135,2026-10-09,T+45,Economy,4480.0,880.0,480.0,300.0,6140.0,INR,Available,False
2026-08-25T10:30:00,2026-08-25,Airline Direct,IndiGo,HYD,DEL,HYD-DEL,0.105,2026-08-26,T+1,Economy,7210.0,1260.0,630.0,300.0,9400.0,INR,Available,False
2026-08-25T10:30:00,2026-08-25,Airline Direct,IndiGo,HYD,DEL,HYD-DEL,0.105,2026-09-01,T+7,Economy,5230.0,980.0,490.0,300.0,7000.0,INR,Available,False
2026-08-25T10:30:00,2026-08-25,Airline Direct,IndiGo,HYD,DEL,HYD-DEL,0.105,2026-09-09,T+15,Economy,4520.0,850.0,420.0,300.0,6090.0,INR,Available,False
2026-08-25T10:30:00,2026-08-25,Airline Direct,IndiGo,HYD,DEL,HYD-DEL,0.105,2026-09-24,T+30,Economy,3940.0,870.0,440.0,300.0,5550.0,INR,Available,False
2026-08-25T10:30:00,2026-08-25,Airline Direct,IndiGo,HYD,DEL,HYD-DEL,0.105,2026-10-09,T+45,Economy,3610.0,800.0,350.0,300.0,5060.0,INR,Available,False
2026-08-25T10:30:00,2026-08-25,Airline Direct,Air India,HYD,DEL,HYD-DEL,0.105,2026-08-26,T+1,Economy,7530.0,1390.0,730.0,250.0,9900.0,INR,Available,False
2026-08-25T10:30:00,2026-08-25,Airline Direct,Air India,HYD,DEL,HYD-DEL,0.105,2026-09-01,T+7,Economy,6110.0,1190.0,630.0,250.0,8180.0,INR,Available,False
2026-08-25T10:30:00,2026-08-25,Airline Direct,Air India,HYD,DEL,HYD-DEL,0.105,2026-09-09,T+15,Economy,4960.0,1030.0,460.0,250.0,6700.0,INR,Available,False
2026-08-25T10:30:00,2026-08-25,Airline Direct,Air India,HYD,DEL,HYD-DEL,0.105,2026-09-24,T+30,Economy,4350.0,930.0,430.0,250.0,5960.0,INR,Available,False
2026-08-25T10:30:00,2026-08-25,Airline Direct,Air India,HYD,DEL,HYD-DEL,0.105,2026-10-09,T+45,Economy,3950.0,780.0,450.0,250.0,5430.0,INR,Available,False
2026-08-25T10:30:00,2026-08-25,OTA Aggregator,Air India Express,HYD,DEL,HYD-DEL,0.105,2026-08-26,T+1,Economy,8080.0,1450.0,700.0,250.0,10480.0,INR,Available,True
2026-08-25T10:30:00,2026-08-25,OTA Aggregator,Air India Express,HYD,DEL,HYD-DEL,0.105,2026-09-01,T+7,Economy,4810.0,910.0,520.0,250.0,6490.0,INR,Available,False
2026-08-25T10:30:00,2026-08-25,OTA Aggregator,Air India Express,HYD,DEL,HYD-DEL,0.105,2026-09-09,T+15,Economy,4200.0,840.0,410.0,250.0,5700.0,INR,Available,False
2026-08-25T10:30:00,2026-08-25,OTA Aggregator,Air India Express,HYD,DEL,HYD-DEL,0.105,2026-09-24,T+30,Economy,3570.0,710.0,390.0,250.0,4920.0,INR,Available,False
2026-08-25T10:30:00,2026-08-25,OTA Aggregator,Air India Express,HYD,DEL,HYD-DEL,0.105,2026-10-09,T+45,Economy,3440.0,690.0,390.0,250.0,4770.0,INR,Available,False
2026-08-25T10:30:00,2026-08-25,OTA Aggregator,Akasa Air,HYD,DEL,HYD-DEL,0.105,2026-08-26,T+1,Economy,6990.0,1240.0,640.0,250.0,9120.0,INR,Available,False
2026-08-25T10:30:00,2026-08-25,OTA Aggregator,Akasa Air,HYD,DEL,HYD-DEL,0.105,2026-09-01,T+7,Economy,5110.0,970.0,470.0,250.0,6800.0,INR,Available,False
2026-08-25T10:30:00,2026-08-25,OTA Aggregator,Akasa Air,HYD,DEL,HYD-DEL,0.105,2026-09-09,T+15,Economy,4450.0,880.0,460.0,250.0,6040.0,INR,Available,False
2026-08-25T10:30:00,2026-08-25,OTA Aggregator,Akasa Air,HYD,DEL,HYD-DEL,0.105,2026-09-24,T+30,Economy,3880.0,730.0,420.0,250.0,5280.0,INR,Available,False
2026-08-25T10:30:00,2026-08-25,OTA Aggregator,Akasa Air,HYD,DEL,HYD-DEL,0.105,2026-10-09,T+45,Economy,3530.0,700.0,400.0,250.0,4880.0,INR,Available,False
2026-08-25T10:30:00,2026-08-25,OTA Aggregator,SpiceJet,HYD,DEL,HYD-DEL,0.105,2026-08-26,T+1,Economy,7100.0,1320.0,670.0,300.0,9390.0,INR,Available,False
2026-08-25T10:30:00,2026-08-25,OTA Aggregator,SpiceJet,HYD,DEL,HYD-DEL,0.105,2026-09-01,T+7,Economy,5490.0,1110.0,490.0,300.0,7390.0,INR,Available,False
2026-08-25T10:30:00,2026-08-25,OTA Aggregator,SpiceJet,HYD,DEL,HYD-DEL,0.105,2026-09-09,T+15,Economy,4330.0,930.0,450.0,300.0,6010.0,INR,Available,False
2026-08-25T10:30:00,2026-08-25,OTA Aggregator,SpiceJet,HYD,DEL,HYD-DEL,0.105,2026-09-24,T+30,Economy,3970.0,810.0,450.0,300.0,5530.0,INR,Available,False
2026-08-25T10:30:00,2026-08-25,OTA Aggregator,SpiceJet,HYD,DEL,HYD-DEL,0.105,2026-10-09,T+45,Economy,3610.0,700.0,350.0,300.0,4960.0,INR,Available,False
2026-08-26T10:30:00,2026-08-26,Airline Direct,IndiGo,DEL,BOM,DEL-BOM,0.182,2026-08-27,T+1,Economy,10120.0,1820.0,910.0,250.0,13100.0,INR,Available,False
2026-08-26T10:30:00,2026-08-26,Airline Direct,IndiGo,DEL,BOM,DEL-BOM,0.182,2026-09-02,T+7,Economy,7670.0,1380.0,760.0,250.0,10060.0,INR,Available,False
2026-08-26T10:30:00,2026-08-26,Airline Direct,IndiGo,DEL,BOM,DEL-BOM,0.182,2026-09-10,T+15,Economy,6710.0,1250.0,650.0,250.0,8860.0,INR,Available,False
2026-08-26T10:30:00,2026-08-26,Airline Direct,IndiGo,DEL,BOM,DEL-BOM,0.182,2026-09-25,T+30,Economy,5450.0,1030.0,580.0,250.0,7310.0,INR,Available,False
2026-08-26T10:30:00,2026-08-26,Airline Direct,IndiGo,DEL,BOM,DEL-BOM,0.182,2026-10-10,T+45,Economy,5290.0,950.0,530.0,250.0,7020.0,INR,Available,False
2026-08-26T10:30:00,2026-08-26,Airline Direct,Air India,DEL,BOM,DEL-BOM,0.182,2026-08-27,T+1,Economy,10650.0,1920.0,990.0,300.0,13860.0,INR,Available,False
2026-08-26T10:30:00,2026-08-26,Airline Direct,Air India,DEL,BOM,DEL-BOM,0.182,2026-09-02,T+7,Economy,8050.0,1530.0,720.0,300.0,10600.0,INR,Available,False
2026-08-26T10:30:00,2026-08-26,Airline Direct,Air India,DEL,BOM,DEL-BOM,0.182,2026-09-10,T+15,Economy,6960.0,1280.0,610.0,300.0,9150.0,INR,Available,False
2026-08-26T10:30:00,2026-08-26,Airline Direct,Air India,DEL,BOM,DEL-BOM,0.182,2026-09-25,T+30,Economy,5570.0,1000.0,530.0,300.0,7400.0,INR,Available,False
2026-08-26T10:30:00,2026-08-26,Airline Direct,Air India,DEL,BOM,DEL-BOM,0.182,2026-10-10,T+45,Economy,5660.0,1060.0,600.0,300.0,7620.0,INR,Available,False
2026-08-26T10:30:00,2026-08-26,OTA Aggregator,Air India Express,DEL,BOM,DEL-BOM,0.182,2026-08-27,T+1,Economy,9110.0,1680.0,880.0,300.0,11970.0,INR,Available,False
2026-08-26T10:30:00,2026-08-26,OTA Aggregator,Air India Express,DEL,BOM,DEL-BOM,0.182,2026-09-02,T+7,Economy,6620.0,1300.0,630.0,300.0,8850.0,INR,Available,False
2026-08-26T10:30:00,2026-08-26,OTA Aggregator,Air India Express,DEL,BOM,DEL-BOM,0.182,2026-09-10,T+15,Economy,5800.0,1090.0,590.0,300.0,7780.0,INR,Available,False
2026-08-26T10:30:00,2026-08-26,OTA Aggregator,Air India Express,DEL,BOM,DEL-BOM,0.182,2026-09-25,T+30,Economy,5220.0,1010.0,540.0,300.0,7070.0,INR,Available,False
2026-08-26T10:30:00,2026-08-26,OTA Aggregator,Air India Express,DEL,BOM,DEL-BOM,0.182,2026-10-10,T+45,Economy,4610.0,970.0,460.0,300.0,6340.0,INR,Available,False
2026-08-26T10:30:00,2026-08-26,OTA Aggregator,Akasa Air,DEL,BOM,DEL-BOM,0.182,2026-08-27,T+1,Economy,9510.0,1750.0,850.0,300.0,12410.0,INR,Available,False
2026-08-26T10:30:00,2026-08-26,OTA Aggregator,Akasa Air,DEL,BOM,DEL-BOM,0.182,2026-09-02,T+7,Economy,7200.0,1310.0,710.0,300.0,9520.0,INR,Available,False
2026-08-26T10:30:00,2026-08-26,OTA Aggregator,Akasa Air,DEL,BOM,DEL-BOM,0.182,2026-09-10,T+15,Economy,6410.0,1210.0,600.0,300.0,8520.0,INR,Available,False
2026-08-26T10:30:00,2026-08-26,OTA Aggregator,Akasa Air,DEL,BOM,DEL-BOM,0.182,2026-09-25,T+30,Economy,5530.0,1120.0,510.0,300.0,7460.0,INR,Available,False
2026-08-26T10:30:00,2026-08-26,OTA Aggregator,Akasa Air,DEL,BOM,DEL-BOM,0.182,2026-10-10,T+45,Economy,4620.0,920.0,500.0,300.0,6340.0,INR,Available,False
2026-08-26T10:30:00,2026-08-26,OTA Aggregator,SpiceJet,DEL,BOM,DEL-BOM,0.182,2026-08-27,T+1,Economy,9480.0,1730.0,890.0,250.0,12350.0,INR,Available,False
2026-08-26T10:30:00,2026-08-26,OTA Aggregator,SpiceJet,DEL,BOM,DEL-BOM,0.182,2026-09-02,T+7,Economy,7690.0,1440.0,700.0,250.0,10080.0,INR,Available,False
2026-08-26T10:30:00,2026-08-26,OTA Aggregator,SpiceJet,DEL,BOM,DEL-BOM,0.182,2026-09-10,T+15,Economy,6180.0,1110.0,560.0,250.0,8100.0,INR,Available,False
2026-08-26T10:30:00,2026-08-26,OTA Aggregator,SpiceJet,DEL,BOM,DEL-BOM,0.182,2026-09-25,T+30,Economy,5350.0,1000.0,480.0,250.0,7080.0,INR,Available,False
2026-08-26T10:30:00,2026-08-26,OTA Aggregator,SpiceJet,DEL,BOM,DEL-BOM,0.182,2026-10-10,T+45,Economy,4870.0,910.0,450.0,250.0,6480.0,INR,Available,False
2026-08-26T10:30:00,2026-08-26,Airline Direct,IndiGo,DEL,BLR,DEL-BLR,0.154,2026-08-27,T+1,Economy,9340.0,1630.0,850.0,250.0,12070.0,INR,Available,False
2026-08-26T10:30:00,2026-08-26,Airline Direct,IndiGo,DEL,BLR,DEL-BLR,0.154,2026-09-02,T+7,Economy,7120.0,1280.0,630.0,250.0,9280.0,INR,Available,False
2026-08-26T10:30:00,2026-08-26,Airline Direct,IndiGo,DEL,BLR,DEL-BLR,0.154,2026-09-10,T+15,Economy,6120.0,1200.0,550.0,250.0,8120.0,INR,Available,False
2026-08-26T10:30:00,2026-08-26,Airline Direct,IndiGo,DEL,BLR,DEL-BLR,0.154,2026-09-25,T+30,Economy,5000.0,940.0,550.0,250.0,6740.0,INR,Available,False
2026-08-26T10:30:00,2026-08-26,Airline Direct,IndiGo,DEL,BLR,DEL-BLR,0.154,2026-10-10,T+45,Economy,4940.0,1000.0,530.0,250.0,6720.0,INR,Available,False
2026-08-26T10:30:00,2026-08-26,Airline Direct,Air India,DEL,BLR,DEL-BLR,0.154,2026-08-27,T+1,Economy,10380.0,1900.0,910.0,300.0,13490.0,INR,Available,False
2026-08-26T10:30:00,2026-08-26,Airline Direct,Air India,DEL,BLR,DEL-BLR,0.154,2026-09-02,T+7,Economy,7780.0,1430.0,740.0,300.0,10250.0,INR,Available,False
2026-08-26T10:30:00,2026-08-26,Airline Direct,Air India,DEL,BLR,DEL-BLR,0.154,2026-09-10,T+15,Economy,6800.0,1330.0,640.0,300.0,9070.0,INR,Available,False
2026-08-26T10:30:00,2026-08-26,Airline Direct,Air India,DEL,BLR,DEL-BLR,0.154,2026-09-25,T+30,Economy,5670.0,1070.0,550.0,300.0,7590.0,INR,Available,False
2026-08-26T10:30:00,2026-08-26,Airline Direct,Air India,DEL,BLR,DEL-BLR,0.154,2026-10-10,T+45,Economy,5340.0,960.0,530.0,300.0,7130.0,INR,Available,False
2026-08-26T10:30:00,2026-08-26,OTA Aggregator,Air India Express,DEL,BLR,DEL-BLR,0.154,2026-08-27,T+1,Economy,11020.0,1980.0,960.0,300.0,14260.0,INR,Available,True
2026-08-26T10:30:00,2026-08-26,OTA Aggregator,Air India Express,DEL,BLR,DEL-BLR,0.154,2026-09-02,T+7,Economy,6910.0,1210.0,620.0,300.0,9040.0,INR,Available,False
2026-08-26T10:30:00,2026-08-26,OTA Aggregator,Air India Express,DEL,BLR,DEL-BLR,0.154,2026-09-10,T+15,Economy,5580.0,1050.0,520.0,300.0,7450.0,INR,Available,False
2026-08-26T10:30:00,2026-08-26,OTA Aggregator,Air India Express,DEL,BLR,DEL-BLR,0.154,2026-09-25,T+30,Economy,4840.0,920.0,460.0,300.0,6520.0,INR,Available,False
2026-08-26T10:30:00,2026-08-26,OTA Aggregator,Air India Express,DEL,BLR,DEL-BLR,0.154,2026-10-10,T+45,Economy,4560.0,950.0,480.0,300.0,6290.0,INR,Available,False
2026-08-26T10:30:00,2026-08-26,OTA Aggregator,Akasa Air,DEL,BLR,DEL-BLR,0.154,2026-08-27,T+1,Economy,8530.0,1540.0,820.0,300.0,11190.0,INR,Available,False
2026-08-26T10:30:00,2026-08-26,OTA Aggregator,Akasa Air,DEL,BLR,DEL-BLR,0.154,2026-09-02,T+7,Economy,6410.0,1180.0,650.0,300.0,8540.0,INR,Available,False
2026-08-26T10:30:00,2026-08-26,OTA Aggregator,Akasa Air,DEL,BLR,DEL-BLR,0.154,2026-09-10,T+15,Economy,6050.0,1210.0,620.0,300.0,8180.0,INR,Available,False
2026-08-26T10:30:00,2026-08-26,OTA Aggregator,Akasa Air,DEL,BLR,DEL-BLR,0.154,2026-09-25,T+30,Economy,4910.0,890.0,460.0,300.0,6560.0,INR,Available,False
2026-08-26T10:30:00,2026-08-26,OTA Aggregator,Akasa Air,DEL,BLR,DEL-BLR,0.154,2026-10-10,T+45,Economy,4160.0,860.0,480.0,300.0,5800.0,INR,Available,False
2026-08-26T10:30:00,2026-08-26,OTA Aggregator,SpiceJet,DEL,BLR,DEL-BLR,0.154,2026-08-27,T+1,Economy,8620.0,1550.0,760.0,250.0,11180.0,INR,Available,False
2026-08-26T10:30:00,2026-08-26,OTA Aggregator,SpiceJet,DEL,BLR,DEL-BLR,0.154,2026-09-02,T+7,Economy,6640.0,1280.0,650.0,250.0,8820.0,INR,Available,False
2026-08-26T10:30:00,2026-08-26,OTA Aggregator,SpiceJet,DEL,BLR,DEL-BLR,0.154,2026-09-10,T+15,Economy,5840.0,1090.0,610.0,250.0,7790.0,INR,Available,False
2026-08-26T10:30:00,2026-08-26,OTA Aggregator,SpiceJet,DEL,BLR,DEL-BLR,0.154,2026-09-25,T+30,Economy,5100.0,1000.0,490.0,250.0,6840.0,INR,Available,False
2026-08-26T10:30:00,2026-08-26,OTA Aggregator,SpiceJet,DEL,BLR,DEL-BLR,0.154,2026-10-10,T+45,Economy,4750.0,950.0,470.0,250.0,6420.0,INR,Available,False
2026-08-26T10:30:00,2026-08-26,Airline Direct,IndiGo,BOM,BLR,BOM-BLR,0.127,2026-08-27,T+1,Economy,7750.0,1370.0,720.0,250.0,10090.0,INR,Available,False
2026-08-26T10:30:00,2026-08-26,Airline Direct,IndiGo,BOM,BLR,BOM-BLR,0.127,2026-09-02,T+7,Economy,6020.0,1150.0,590.0,250.0,8010.0,INR,Available,False
2026-08-26T10:30:00,2026-08-26,Airline Direct,IndiGo,BOM,BLR,BOM-BLR,0.127,2026-09-10,T+15,Economy,4930.0,1010.0,490.0,250.0,6680.0,INR,Available,False
2026-08-26T10:30:00,2026-08-26,Airline Direct,IndiGo,BOM,BLR,BOM-BLR,0.127,2026-09-25,T+30,Economy,4200.0,920.0,430.0,250.0,5800.0,INR,Available,False
2026-08-26T10:30:00,2026-08-26,Airline Direct,IndiGo,BOM,BLR,BOM-BLR,0.127,2026-10-10,T+45,Economy,4070.0,850.0,460.0,250.0,5630.0,INR,Available,False
2026-08-26T10:30:00,2026-08-26,Airline Direct,Air India,BOM,BLR,BOM-BLR,0.127,2026-08-27,T+1,Economy,8530.0,1610.0,760.0,300.0,11200.0,INR,Available,False
2026-08-26T10:30:00,2026-08-26,Airline Direct,Air India,BOM,BLR,BOM-BLR,0.127,2026-09-02,T+7,Economy,6220.0,1180.0,560.0,300.0,8260.0,INR,Available,False
2026-08-26T10:30:00,2026-08-26,Airline Direct,Air India,BOM,BLR,BOM-BLR,0.127,2026-09-10,T+15,Economy,6000.0,1190.0,620.0,300.0,8110.0,INR,Available,False
2026-08-26T10:30:00,2026-08-26,Airline Direct,Air India,BOM,BLR,BOM-BLR,0.127,2026-09-25,T+30,Economy,4550.0,850.0,480.0,300.0,6180.0,INR,Available,False
2026-08-26T10:30:00,2026-08-26,Airline Direct,Air India,BOM,BLR,BOM-BLR,0.127,2026-10-10,T+45,Economy,4400.0,850.0,490.0,300.0,6040.0,INR,Available,False
2026-08-26T10:30:00,2026-08-26,OTA Aggregator,Air India Express,BOM,BLR,BOM-BLR,0.127,2026-08-27,T+1,Economy,7520.0,1310.0,740.0,300.0,9870.0,INR,Available,False
2026-08-26T10:30:00,2026-08-26,OTA Aggregator,Air India Express,BOM,BLR,BOM-BLR,0.127,2026-09-02,T+7,Economy,5840.0,1130.0,620.0,300.0,7890.0,INR,Available,False
2026-08-26T10:30:00,2026-08-26,OTA Aggregator,Air India Express,BOM,BLR,BOM-BLR,0.127,2026-09-10,T+15,Economy,5050.0,920.0,520.0,300.0,6790.0,INR,Available,False
2026-08-26T10:30:00,2026-08-26,OTA Aggregator,Air India Express,BOM,BLR,BOM-BLR,0.127,2026-09-25,T+30,Economy,4180.0,880.0,460.0,300.0,5820.0,INR,Available,False
2026-08-26T10:30:00,2026-08-26,OTA Aggregator,Air India Express,BOM,BLR,BOM-BLR,0.127,2026-10-10,T+45,Economy,3700.0,840.0,450.0,300.0,5290.0,INR,Available,False
2026-08-26T10:30:00,2026-08-26,OTA Aggregator,Akasa Air,BOM,BLR,BOM-BLR,0.127,2026-08-27,T+1,Economy,7570.0,1450.0,680.0,300.0,10000.0,INR,Available,False
2026-08-26T10:30:00,2026-08-26,OTA Aggregator,Akasa Air,BOM,BLR,BOM-BLR,0.127,2026-09-02,T+7,Economy,5480.0,1120.0,500.0,300.0,7400.0,INR,Available,False
2026-08-26T10:30:00,2026-08-26,OTA Aggregator,Akasa Air,BOM,BLR,BOM-BLR,0.127,2026-09-10,T+15,Economy,5070.0,990.0,500.0,300.0,6860.0,INR,Available,False
2026-08-26T10:30:00,2026-08-26,OTA Aggregator,Akasa Air,BOM,BLR,BOM-BLR,0.127,2026-09-25,T+30,Economy,4390.0,820.0,470.0,300.0,5980.0,INR,Available,False
2026-08-26T10:30:00,2026-08-26,OTA Aggregator,Akasa Air,BOM,BLR,BOM-BLR,0.127,2026-10-10,T+45,Economy,3700.0,840.0,430.0,300.0,5270.0,INR,Available,False
2026-08-26T10:30:00,2026-08-26,OTA Aggregator,SpiceJet,BOM,BLR,BOM-BLR,0.127,2026-08-27,T+1,Economy,7450.0,1370.0,650.0,250.0,9720.0,INR,Available,False
2026-08-26T10:30:00,2026-08-26,OTA Aggregator,SpiceJet,BOM,BLR,BOM-BLR,0.127,2026-09-02,T+7,Economy,6010.0,1200.0,550.0,250.0,8010.0,INR,Available,False
2026-08-26T10:30:00,2026-08-26,OTA Aggregator,SpiceJet,BOM,BLR,BOM-BLR,0.127,2026-09-10,T+15,Economy,4900.0,890.0,510.0,250.0,6550.0,INR,Available,False
2026-08-26T10:30:00,2026-08-26,OTA Aggregator,SpiceJet,BOM,BLR,BOM-BLR,0.127,2026-09-25,T+30,Economy,4360.0,840.0,470.0,250.0,5920.0,INR,Available,False
2026-08-26T10:30:00,2026-08-26,OTA Aggregator,SpiceJet,BOM,BLR,BOM-BLR,0.127,2026-10-10,T+45,Economy,3830.0,850.0,400.0,250.0,5330.0,INR,Available,False
2026-08-26T10:30:00,2026-08-26,Airline Direct,IndiGo,DEL,CCU,DEL-CCU,0.113,2026-08-27,T+1,Economy,7500.0,1380.0,710.0,250.0,9840.0,INR,Available,False
2026-08-26T10:30:00,2026-08-26,Airline Direct,IndiGo,DEL,CCU,DEL-CCU,0.113,2026-09-02,T+7,Economy,5560.0,1070.0,540.0,250.0,7420.0,INR,Available,False
2026-08-26T10:30:00,2026-08-26,Airline Direct,IndiGo,DEL,CCU,DEL-CCU,0.113,2026-09-10,T+15,Economy,4800.0,930.0,500.0,250.0,6480.0,INR,Available,False
2026-08-26T10:30:00,2026-08-26,Airline Direct,IndiGo,DEL,CCU,DEL-CCU,0.113,2026-09-25,T+30,Economy,4230.0,830.0,430.0,250.0,5740.0,INR,Available,False
2026-08-26T10:30:00,2026-08-26,Airline Direct,IndiGo,DEL,CCU,DEL-CCU,0.113,2026-10-10,T+45,Economy,3940.0,740.0,390.0,250.0,5320.0,INR,Available,False
2026-08-26T10:30:00,2026-08-26,Airline Direct,Air India,DEL,CCU,DEL-CCU,0.113,2026-08-27,T+1,Economy,9940.0,1800.0,890.0,300.0,12930.0,INR,Available,True
2026-08-26T10:30:00,2026-08-26,Airline Direct,Air India,DEL,CCU,DEL-CCU,0.113,2026-09-02,T+7,Economy,6270.0,1220.0,640.0,300.0,8430.0,INR,Available,False
2026-08-26T10:30:00,2026-08-26,Airline Direct,Air India,DEL,CCU,DEL-CCU,0.113,2026-09-10,T+15,Economy,5070.0,1030.0,550.0,300.0,6950.0,INR,Available,False
2026-08-26T10:30:00,2026-08-26,Airline Direct,Air India,DEL,CCU,DEL-CCU,0.113,2026-09-25,T+30,Economy,4670.0,930.0,490.0,300.0,6390.0,INR,Available,False
2026-08-26T10:30:00,2026-08-26,Airline Direct,Air India,DEL,CCU,DEL-CCU,0.113,2026-10-10,T+45,Economy,4070.0,860.0,470.0,300.0,5700.0,INR,Available,False
2026-08-26T10:30:00,2026-08-26,OTA Aggregator,Air India Express,DEL,CCU,DEL-CCU,0.113,2026-08-27,T+1,Economy,6500.0,1260.0,590.0,300.0,8650.0,INR,Available,False
2026-08-26T10:30:00,2026-08-26,OTA Aggregator,Air India Express,DEL,CCU,DEL-CCU,0.113,2026-09-02,T+7,Economy,5330.0,980.0,540.0,300.0,7150.0,INR,Available,False
2026-08-26T10:30:00,2026-08-26,OTA Aggregator,Air India Express,DEL,CCU,DEL-CCU,0.113,2026-09-10,T+15,Economy,4280.0,830.0,470.0,300.0,5880.0,INR,Available,False
2026-08-26T10:30:00,2026-08-26,OTA Aggregator,Air India Express,DEL,CCU,DEL-CCU,0.113,2026-09-25,T+30,Economy,3900.0,750.0,430.0,300.0,5380.0,INR,Available,False
2026-08-26T10:30:00,2026-08-26,OTA Aggregator,Air India Express,DEL,CCU,DEL-CCU,0.113,2026-10-10,T+45,Economy,3780.0,850.0,410.0,300.0,5340.0,INR,Available,False
2026-08-26T10:30:00,2026-08-26,OTA Aggregator,Akasa Air,DEL,CCU,DEL-CCU,0.113,2026-08-27,T+1,Economy,6770.0,1310.0,620.0,300.0,9000.0,INR,Available,False
2026-08-26T10:30:00,2026-08-26,OTA Aggregator,Akasa Air,DEL,CCU,DEL-CCU,0.113,2026-09-02,T+7,Economy,5300.0,1000.0,500.0,300.0,7100.0,INR,Available,False
2026-08-26T10:30:00,2026-08-26,OTA Aggregator,Akasa Air,DEL,CCU,DEL-CCU,0.113,2026-09-10,T+15,Economy,4610.0,940.0,460.0,300.0,6310.0,INR,Available,False
2026-08-26T10:30:00,2026-08-26,OTA Aggregator,Akasa Air,DEL,CCU,DEL-CCU,0.113,2026-09-25,T+30,Economy,4140.0,860.0,420.0,300.0,5720.0,INR,Available,False
2026-08-26T10:30:00,2026-08-26,OTA Aggregator,Akasa Air,DEL,CCU,DEL-CCU,0.113,2026-10-10,T+45,Economy,3840.0,800.0,390.0,300.0,5330.0,INR,Available,False
2026-08-26T10:30:00,2026-08-26,OTA Aggregator,SpiceJet,DEL,CCU,DEL-CCU,0.113,2026-08-27,T+1,Economy,6810.0,1240.0,640.0,250.0,8940.0,INR,Available,False
2026-08-26T10:30:00,2026-08-26,OTA Aggregator,SpiceJet,DEL,CCU,DEL-CCU,0.113,2026-09-02,T+7,Economy,5670.0,1010.0,530.0,250.0,7460.0,INR,Available,False
2026-08-26T10:30:00,2026-08-26,OTA Aggregator,SpiceJet,DEL,CCU,DEL-CCU,0.113,2026-09-10,T+15,Economy,4750.0,890.0,480.0,250.0,6370.0,INR,Available,False
2026-08-26T10:30:00,2026-08-26,OTA Aggregator,SpiceJet,DEL,CCU,DEL-CCU,0.113,2026-09-25,T+30,Economy,4330.0,830.0,460.0,250.0,5870.0,INR,Available,False
2026-08-26T10:30:00,2026-08-26,OTA Aggregator,SpiceJet,DEL,CCU,DEL-CCU,0.113,2026-10-10,T+45,Economy,3700.0,820.0,440.0,250.0,5210.0,INR,Available,False
2026-08-26T10:30:00,2026-08-26,Airline Direct,IndiGo,BLR,HYD,BLR-HYD,0.098,2026-08-27,T+1,Economy,5620.0,1000.0,570.0,250.0,7440.0,INR,Available,False
2026-08-26T10:30:00,2026-08-26,Airline Direct,IndiGo,BLR,HYD,BLR-HYD,0.098,2026-09-02,T+7,Economy,4410.0,950.0,420.0,250.0,6030.0,INR,Available,False
2026-08-26T10:30:00,2026-08-26,Airline Direct,IndiGo,BLR,HYD,BLR-HYD,0.098,2026-09-10,T+15,Economy,3890.0,860.0,430.0,250.0,5430.0,INR,Available,False
2026-08-26T10:30:00,2026-08-26,Airline Direct,IndiGo,BLR,HYD,BLR-HYD,0.098,2026-09-25,T+30,Economy,3320.0,780.0,350.0,250.0,4700.0,INR,Available,False
2026-08-26T10:30:00,2026-08-26,Airline Direct,IndiGo,BLR,HYD,BLR-HYD,0.098,2026-10-10,T+45,Economy,3040.0,640.0,290.0,250.0,4220.0,INR,Available,False
2026-08-26T10:30:00,2026-08-26,Airline Direct,Air India,BLR,HYD,BLR-HYD,0.098,2026-08-27,T+1,Economy,5670.0,1120.0,580.0,300.0,7670.0,INR,Available,False
2026-08-26T10:30:00,2026-08-26,Airline Direct,Air India,BLR,HYD,BLR-HYD,0.098,2026-09-02,T+7,Economy,4760.0,920.0,430.0,300.0,6410.0,INR,Available,False
2026-08-26T10:30:00,2026-08-26,Airline Direct,Air India,BLR,HYD,BLR-HYD,0.098,2026-09-10,T+15,Economy,3720.0,780.0,360.0,300.0,5160.0,INR,Available,False
2026-08-26T10:30:00,2026-08-26,Airline Direct,Air India,BLR,HYD,BLR-HYD,0.098,2026-09-25,T+30,Economy,3510.0,660.0,430.0,300.0,4900.0,INR,Available,False
2026-08-26T10:30:00,2026-08-26,Airline Direct,Air India,BLR,HYD,BLR-HYD,0.098,2026-10-10,T+45,Economy,3190.0,690.0,400.0,300.0,4580.0,INR,Available,False
2026-08-26T10:30:00,2026-08-26,OTA Aggregator,Air India Express,BLR,HYD,BLR-HYD,0.098,2026-08-27,T+1,Economy,5230.0,1060.0,500.0,300.0,7090.0,INR,Available,False
2026-08-26T10:30:00,2026-08-26,OTA Aggregator,Air India Express,BLR,HYD,BLR-HYD,0.098,2026-09-02,T+7,Economy,3930.0,770.0,450.0,300.0,5450.0,INR,Available,False
2026-08-26T10:30:00,2026-08-26,OTA Aggregator,Air India Express,BLR,HYD,BLR-HYD,0.098,2026-09-10,T+15,Economy,3410.0,700.0,390.0,300.0,4800.0,INR,Available,False
2026-08-26T10:30:00,2026-08-26,OTA Aggregator,Air India Express,BLR,HYD,BLR-HYD,0.098,2026-09-25,T+30,Economy,2970.0,610.0,330.0,300.0,4210.0,INR,Available,False
2026-08-26T10:30:00,2026-08-26,OTA Aggregator,Air India Express,BLR,HYD,BLR-HYD,0.098,2026-10-10,T+45,Economy,2750.0,650.0,310.0,300.0,4010.0,INR,Available,False
2026-08-26T10:30:00,2026-08-26,OTA Aggregator,Akasa Air,BLR,HYD,BLR-HYD,0.098,2026-08-27,T+1,Economy,5200.0,950.0,490.0,300.0,6940.0,INR,Available,False
2026-08-26T10:30:00,2026-08-26,OTA Aggregator,Akasa Air,BLR,HYD,BLR-HYD,0.098,2026-09-02,T+7,Economy,4090.0,830.0,470.0,300.0,5690.0,INR,Available,False
2026-08-26T10:30:00,2026-08-26,OTA Aggregator,Akasa Air,BLR,HYD,BLR-HYD,0.098,2026-09-10,T+15,Economy,3350.0,650.0,380.0,300.0,4680.0,INR,Available,False
2026-08-26T10:30:00,2026-08-26,OTA Aggregator,Akasa Air,BLR,HYD,BLR-HYD,0.098,2026-09-25,T+30,Economy,3220.0,750.0,330.0,300.0,4600.0,INR,Available,False
2026-08-26T10:30:00,2026-08-26,OTA Aggregator,Akasa Air,BLR,HYD,BLR-HYD,0.098,2026-10-10,T+45,Economy,3070.0,600.0,360.0,300.0,4330.0,INR,Available,False
2026-08-26T10:30:00,2026-08-26,OTA Aggregator,SpiceJet,BLR,HYD,BLR-HYD,0.098,2026-08-27,T+1,Economy,5270.0,970.0,510.0,250.0,7000.0,INR,Available,False
2026-08-26T10:30:00,2026-08-26,OTA Aggregator,SpiceJet,BLR,HYD,BLR-HYD,0.098,2026-09-02,T+7,Economy,4030.0,820.0,420.0,250.0,5520.0,INR,Available,False
2026-08-26T10:30:00,2026-08-26,OTA Aggregator,SpiceJet,BLR,HYD,BLR-HYD,0.098,2026-09-10,T+15,Economy,3580.0,790.0,380.0,250.0,5000.0,INR,Available,False
2026-08-26T10:30:00,2026-08-26,OTA Aggregator,SpiceJet,BLR,HYD,BLR-HYD,0.098,2026-09-25,T+30,Economy,3170.0,680.0,390.0,250.0,4490.0,INR,Available,False
2026-08-26T10:30:00,2026-08-26,OTA Aggregator,SpiceJet,BLR,HYD,BLR-HYD,0.098,2026-10-10,T+45,Economy,2830.0,580.0,330.0,250.0,3990.0,INR,Available,False
2026-08-26T10:30:00,2026-08-26,Airline Direct,IndiGo,MAA,DEL,MAA-DEL,0.086,2026-08-27,T+1,Economy,8600.0,1520.0,800.0,250.0,11170.0,INR,Available,False
2026-08-26T10:30:00,2026-08-26,Airline Direct,IndiGo,MAA,DEL,MAA-DEL,0.086,2026-09-02,T+7,Economy,6770.0,1270.0,630.0,250.0,8920.0,INR,Available,False
2026-08-26T10:30:00,2026-08-26,Airline Direct,IndiGo,MAA,DEL,MAA-DEL,0.086,2026-09-10,T+15,Economy,5720.0,1160.0,570.0,250.0,7700.0,INR,Available,False
2026-08-26T10:30:00,2026-08-26,Airline Direct,IndiGo,MAA,DEL,MAA-DEL,0.086,2026-09-25,T+30,Economy,4700.0,950.0,450.0,250.0,6350.0,INR,Available,False
2026-08-26T10:30:00,2026-08-26,Airline Direct,IndiGo,MAA,DEL,MAA-DEL,0.086,2026-10-10,T+45,Economy,4660.0,880.0,490.0,250.0,6280.0,INR,Available,False
2026-08-26T10:30:00,2026-08-26,Airline Direct,Air India,MAA,DEL,MAA-DEL,0.086,2026-08-27,T+1,Economy,9800.0,1760.0,880.0,300.0,12740.0,INR,Available,False
2026-08-26T10:30:00,2026-08-26,Airline Direct,Air India,MAA,DEL,MAA-DEL,0.086,2026-09-02,T+7,Economy,7130.0,1330.0,650.0,300.0,9410.0,INR,Available,False
2026-08-26T10:30:00,2026-08-26,Airline Direct,Air India,MAA,DEL,MAA-DEL,0.086,2026-09-10,T+15,Economy,6210.0,1130.0,580.0,300.0,8220.0,INR,Available,False
2026-08-26T10:30:00,2026-08-26,Airline Direct,Air India,MAA,DEL,MAA-DEL,0.086,2026-09-25,T+30,Economy,5350.0,1060.0,550.0,300.0,7260.0,INR,Available,False
2026-08-26T10:30:00,2026-08-26,Airline Direct,Air India,MAA,DEL,MAA-DEL,0.086,2026-10-10,T+45,Economy,4990.0,960.0,490.0,300.0,6740.0,INR,Available,False
2026-08-26T10:30:00,2026-08-26,OTA Aggregator,Air India Express,MAA,DEL,MAA-DEL,0.086,2026-08-27,T+1,Economy,8120.0,1420.0,770.0,300.0,10610.0,INR,Available,False
2026-08-26T10:30:00,2026-08-26,OTA Aggregator,Air India Express,MAA,DEL,MAA-DEL,0.086,2026-09-02,T+7,Economy,6080.0,1210.0,580.0,300.0,8170.0,INR,Available,False
2026-08-26T10:30:00,2026-08-26,OTA Aggregator,Air India Express,MAA,DEL,MAA-DEL,0.086,2026-09-10,T+15,Economy,5170.0,1050.0,480.0,300.0,7000.0,INR,Available,False
2026-08-26T10:30:00,2026-08-26,OTA Aggregator,Air India Express,MAA,DEL,MAA-DEL,0.086,2026-09-25,T+30,Economy,4640.0,880.0,490.0,300.0,6310.0,INR,Available,False
2026-08-26T10:30:00,2026-08-26,OTA Aggregator,Air India Express,MAA,DEL,MAA-DEL,0.086,2026-10-10,T+45,Economy,4220.0,780.0,470.0,300.0,5770.0,INR,Available,False
2026-08-26T10:30:00,2026-08-26,OTA Aggregator,Akasa Air,MAA,DEL,MAA-DEL,0.086,2026-08-27,T+1,Economy,8120.0,1410.0,750.0,300.0,10580.0,INR,Available,False
2026-08-26T10:30:00,2026-08-26,OTA Aggregator,Akasa Air,MAA,DEL,MAA-DEL,0.086,2026-09-02,T+7,Economy,5970.0,1080.0,600.0,300.0,7950.0,INR,Available,False
2026-08-26T10:30:00,2026-08-26,OTA Aggregator,Akasa Air,MAA,DEL,MAA-DEL,0.086,2026-09-10,T+15,Economy,5110.0,1000.0,490.0,300.0,6900.0,INR,Available,False
2026-08-26T10:30:00,2026-08-26,OTA Aggregator,Akasa Air,MAA,DEL,MAA-DEL,0.086,2026-09-25,T+30,Economy,4370.0,860.0,480.0,300.0,6010.0,INR,Available,False
2026-08-26T10:30:00,2026-08-26,OTA Aggregator,Akasa Air,MAA,DEL,MAA-DEL,0.086,2026-10-10,T+45,Economy,4080.0,830.0,410.0,300.0,5620.0,INR,Available,False
2026-08-26T10:30:00,2026-08-26,OTA Aggregator,SpiceJet,MAA,DEL,MAA-DEL,0.086,2026-08-27,T+1,Economy,7630.0,1330.0,700.0,250.0,9910.0,INR,Available,False
2026-08-26T10:30:00,2026-08-26,OTA Aggregator,SpiceJet,MAA,DEL,MAA-DEL,0.086,2026-09-02,T+7,Economy,6620.0,1300.0,630.0,250.0,8800.0,INR,Available,False
2026-08-26T10:30:00,2026-08-26,OTA Aggregator,SpiceJet,MAA,DEL,MAA-DEL,0.086,2026-09-10,T+15,Economy,5120.0,1070.0,490.0,250.0,6930.0,INR,Available,False
2026-08-26T10:30:00,2026-08-26,OTA Aggregator,SpiceJet,MAA,DEL,MAA-DEL,0.086,2026-09-25,T+30,Economy,4390.0,820.0,440.0,250.0,5900.0,INR,Available,False
2026-08-26T10:30:00,2026-08-26,OTA Aggregator,SpiceJet,MAA,DEL,MAA-DEL,0.086,2026-10-10,T+45,Economy,4150.0,810.0,390.0,250.0,5600.0,INR,Available,False
2026-08-26T10:30:00,2026-08-26,Airline Direct,IndiGo,BOM,DEL,BOM-DEL,0.135,2026-08-27,T+1,Economy,9640.0,1750.0,880.0,250.0,12520.0,INR,Available,False
2026-08-26T10:30:00,2026-08-26,Airline Direct,IndiGo,BOM,DEL,BOM-DEL,0.135,2026-09-02,T+7,Economy,7190.0,1310.0,650.0,250.0,9400.0,INR,Available,False
2026-08-26T10:30:00,2026-08-26,Airline Direct,IndiGo,BOM,DEL,BOM-DEL,0.135,2026-09-10,T+15,Economy,6460.0,1190.0,590.0,250.0,8490.0,INR,Available,False
2026-08-26T10:30:00,2026-08-26,Airline Direct,IndiGo,BOM,DEL,BOM-DEL,0.135,2026-09-25,T+30,Economy,5060.0,930.0,540.0,250.0,6780.0,INR,Available,False
2026-08-26T10:30:00,2026-08-26,Airline Direct,IndiGo,BOM,DEL,BOM-DEL,0.135,2026-10-10,T+45,Economy,5310.0,1020.0,560.0,250.0,7140.0,INR,Available,False
2026-08-26T10:30:00,2026-08-26,Airline Direct,Air India,BOM,DEL,BOM-DEL,0.135,2026-08-27,T+1,Economy,9840.0,1750.0,930.0,300.0,12820.0,INR,Available,False
2026-08-26T10:30:00,2026-08-26,Airline Direct,Air India,BOM,DEL,BOM-DEL,0.135,2026-09-02,T+7,Economy,7700.0,1360.0,740.0,300.0,10100.0,INR,Available,False
2026-08-26T10:30:00,2026-08-26,Airline Direct,Air India,BOM,DEL,BOM-DEL,0.135,2026-09-10,T+15,Economy,6770.0,1310.0,650.0,300.0,9030.0,INR,Available,False
2026-08-26T10:30:00,2026-08-26,Airline Direct,Air India,BOM,DEL,BOM-DEL,0.135,2026-09-25,T+30,Economy,6240.0,1160.0,620.0,300.0,8320.0,INR,Available,False
2026-08-26T10:30:00,2026-08-26,Airline Direct,Air India,BOM,DEL,BOM-DEL,0.135,2026-10-10,T+45,Economy,5510.0,1000.0,590.0,300.0,7400.0,INR,Available,False
2026-08-26T10:30:00,2026-08-26,OTA Aggregator,Air India Express,BOM,DEL,BOM-DEL,0.135,2026-08-27,T+1,Economy,8890.0,1550.0,800.0,300.0,11540.0,INR,Available,False
2026-08-26T10:30:00,2026-08-26,OTA Aggregator,Air India Express,BOM,DEL,BOM-DEL,0.135,2026-09-02,T+7,Economy,7010.0,1320.0,670.0,300.0,9300.0,INR,Available,False
2026-08-26T10:30:00,2026-08-26,OTA Aggregator,Air India Express,BOM,DEL,BOM-DEL,0.135,2026-09-10,T+15,Economy,5990.0,1180.0,530.0,300.0,8000.0,INR,Available,False
2026-08-26T10:30:00,2026-08-26,OTA Aggregator,Air India Express,BOM,DEL,BOM-DEL,0.135,2026-09-25,T+30,Economy,4690.0,920.0,500.0,300.0,6410.0,INR,Available,False
2026-08-26T10:30:00,2026-08-26,OTA Aggregator,Air India Express,BOM,DEL,BOM-DEL,0.135,2026-10-10,T+45,Economy,4890.0,960.0,540.0,300.0,6690.0,INR,Available,False
2026-08-26T10:30:00,2026-08-26,OTA Aggregator,Akasa Air,BOM,DEL,BOM-DEL,0.135,2026-08-27,T+1,Economy,11320.0,1980.0,960.0,300.0,14560.0,INR,Available,True
2026-08-26T10:30:00,2026-08-26,OTA Aggregator,Akasa Air,BOM,DEL,BOM-DEL,0.135,2026-09-02,T+7,Economy,6750.0,1200.0,690.0,300.0,8940.0,INR,Available,False
2026-08-26T10:30:00,2026-08-26,OTA Aggregator,Akasa Air,BOM,DEL,BOM-DEL,0.135,2026-09-10,T+15,Economy,5600.0,1140.0,530.0,300.0,7570.0,INR,Available,False
2026-08-26T10:30:00,2026-08-26,OTA Aggregator,Akasa Air,BOM,DEL,BOM-DEL,0.135,2026-09-25,T+30,Economy,5160.0,1050.0,530.0,300.0,7040.0,INR,Available,False
2026-08-26T10:30:00,2026-08-26,OTA Aggregator,Akasa Air,BOM,DEL,BOM-DEL,0.135,2026-10-10,T+45,Economy,5010.0,900.0,530.0,300.0,6740.0,INR,Available,False
2026-08-26T10:30:00,2026-08-26,OTA Aggregator,SpiceJet,BOM,DEL,BOM-DEL,0.135,2026-08-27,T+1,Economy,9070.0,1690.0,830.0,250.0,11840.0,INR,Available,False
2026-08-26T10:30:00,2026-08-26,OTA Aggregator,SpiceJet,BOM,DEL,BOM-DEL,0.135,2026-09-02,T+7,Economy,7390.0,1370.0,740.0,250.0,9750.0,INR,Available,False
2026-08-26T10:30:00,2026-08-26,OTA Aggregator,SpiceJet,BOM,DEL,BOM-DEL,0.135,2026-09-10,T+15,Economy,5730.0,1040.0,600.0,250.0,7620.0,INR,Available,False
2026-08-26T10:30:00,2026-08-26,OTA Aggregator,SpiceJet,BOM,DEL,BOM-DEL,0.135,2026-09-25,T+30,Economy,4960.0,1010.0,460.0,250.0,6680.0,INR,Available,False
2026-08-26T10:30:00,2026-08-26,OTA Aggregator,SpiceJet,BOM,DEL,BOM-DEL,0.135,2026-10-10,T+45,Economy,5080.0,990.0,520.0,250.0,6840.0,INR,Available,False
2026-08-26T10:30:00,2026-08-26,Airline Direct,IndiGo,HYD,DEL,HYD-DEL,0.105,2026-08-27,T+1,Economy,7080.0,1290.0,700.0,250.0,9320.0,INR,Available,False
2026-08-26T10:30:00,2026-08-26,Airline Direct,IndiGo,HYD,DEL,HYD-DEL,0.105,2026-09-02,T+7,Economy,5360.0,960.0,520.0,250.0,7090.0,INR,Available,False
2026-08-26T10:30:00,2026-08-26,Airline Direct,IndiGo,HYD,DEL,HYD-DEL,0.105,2026-09-10,T+15,Economy,4530.0,880.0,490.0,250.0,6150.0,INR,Available,False
2026-08-26T10:30:00,2026-08-26,Airline Direct,IndiGo,HYD,DEL,HYD-DEL,0.105,2026-09-25,T+30,Economy,3930.0,830.0,370.0,250.0,5380.0,INR,Available,False
2026-08-26T10:30:00,2026-08-26,Airline Direct,IndiGo,HYD,DEL,HYD-DEL,0.105,2026-10-10,T+45,Economy,3970.0,760.0,430.0,250.0,5410.0,INR,Available,False
2026-08-26T10:30:00,2026-08-26,Airline Direct,Air India,HYD,DEL,HYD-DEL,0.105,2026-08-27,T+1,Economy,7970.0,1480.0,760.0,300.0,10510.0,INR,Available,False
2026-08-26T10:30:00,2026-08-26,Airline Direct,Air India,HYD,DEL,HYD-DEL,0.105,2026-09-02,T+7,Economy,6020.0,1210.0,550.0,300.0,8080.0,INR,Available,False
2026-08-26T10:30:00,2026-08-26,Airline Direct,Air India,HYD,DEL,HYD-DEL,0.105,2026-09-10,T+15,Economy,5400.0,1110.0,500.0,300.0,7310.0,INR,Available,False
2026-08-26T10:30:00,2026-08-26,Airline Direct,Air India,HYD,DEL,HYD-DEL,0.105,2026-09-25,T+30,Economy,4530.0,900.0,450.0,300.0,6180.0,INR,Available,False
2026-08-26T10:30:00,2026-08-26,Airline Direct,Air India,HYD,DEL,HYD-DEL,0.105,2026-10-10,T+45,Economy,3800.0,720.0,410.0,300.0,5230.0,INR,Available,False
2026-08-26T10:30:00,2026-08-26,OTA Aggregator,Air India Express,HYD,DEL,HYD-DEL,0.105,2026-08-27,T+1,Economy,6540.0,1170.0,610.0,300.0,8620.0,INR,Available,False
2026-08-26T10:30:00,2026-08-26,OTA Aggregator,Air India Express,HYD,DEL,HYD-DEL,0.105,2026-09-02,T+7,Economy,5240.0,1000.0,560.0,300.0,7100.0,INR,Available,False
2026-08-26T10:30:00,2026-08-26,OTA Aggregator,Air India Express,HYD,DEL,HYD-DEL,0.105,2026-09-10,T+15,Economy,4320.0,860.0,450.0,300.0,5930.0,INR,Available,False
2026-08-26T10:30:00,2026-08-26,OTA Aggregator,Air India Express,HYD,DEL,HYD-DEL,0.105,2026-09-25,T+30,Economy,3950.0,820.0,390.0,300.0,5460.0,INR,Available,False
2026-08-26T10:30:00,2026-08-26,OTA Aggregator,Air India Express,HYD,DEL,HYD-DEL,0.105,2026-10-10,T+45,Economy,3410.0,670.0,380.0,300.0,4760.0,INR,Available,False
2026-08-26T10:30:00,2026-08-26,OTA Aggregator,Akasa Air,HYD,DEL,HYD-DEL,0.105,2026-08-27,T+1,Economy,6430.0,1210.0,650.0,300.0,8590.0,INR,Available,False
2026-08-26T10:30:00,2026-08-26,OTA Aggregator,Akasa Air,HYD,DEL,HYD-DEL,0.105,2026-09-02,T+7,Economy,5120.0,930.0,490.0,300.0,6840.0,INR,Available,False
2026-08-26T10:30:00,2026-08-26,OTA Aggregator,Akasa Air,HYD,DEL,HYD-DEL,0.105,2026-09-10,T+15,Economy,4440.0,850.0,490.0,300.0,6080.0,INR,Available,False
2026-08-26T10:30:00,2026-08-26,OTA Aggregator,Akasa Air,HYD,DEL,HYD-DEL,0.105,2026-09-25,T+30,Economy,3940.0,800.0,420.0,300.0,5460.0,INR,Available,False
2026-08-26T10:30:00,2026-08-26,OTA Aggregator,Akasa Air,HYD,DEL,HYD-DEL,0.105,2026-10-10,T+45,Economy,3380.0,690.0,320.0,300.0,4690.0,INR,Available,False
2026-08-26T10:30:00,2026-08-26,OTA Aggregator,SpiceJet,HYD,DEL,HYD-DEL,0.105,2026-08-27,T+1,Economy,8380.0,1500.0,810.0,250.0,10940.0,INR,Available,True
2026-08-26T10:30:00,2026-08-26,OTA Aggregator,SpiceJet,HYD,DEL,HYD-DEL,0.105,2026-09-02,T+7,Economy,5240.0,1020.0,470.0,250.0,6980.0,INR,Available,False
2026-08-26T10:30:00,2026-08-26,OTA Aggregator,SpiceJet,HYD,DEL,HYD-DEL,0.105,2026-09-10,T+15,Economy,4630.0,870.0,420.0,250.0,6170.0,INR,Available,False
2026-08-26T10:30:00,2026-08-26,OTA Aggregator,SpiceJet,HYD,DEL,HYD-DEL,0.105,2026-09-25,T+30,Economy,3800.0,840.0,420.0,250.0,5310.0,INR,Available,False
2026-08-26T10:30:00,2026-08-26,OTA Aggregator,SpiceJet,HYD,DEL,HYD-DEL,0.105,2026-10-10,T+45,Economy,3620.0,710.0,360.0,250.0,4940.0,INR,Available,False
2026-08-27T10:30:00,2026-08-27,Airline Direct,IndiGo,DEL,BOM,DEL-BOM,0.182,2026-08-28,T+1,Economy,10120.0,1770.0,920.0,300.0,13110.0,INR,Available,False
2026-08-27T10:30:00,2026-08-27,Airline Direct,IndiGo,DEL,BOM,DEL-BOM,0.182,2026-09-03,T+7,Economy,7670.0,1370.0,760.0,300.0,10100.0,INR,Available,False
2026-08-27T10:30:00,2026-08-27,Airline Direct,IndiGo,DEL,BOM,DEL-BOM,0.182,2026-09-11,T+15,Economy,6620.0,1220.0,640.0,300.0,8780.0,INR,Available,False
2026-08-27T10:30:00,2026-08-27,Airline Direct,IndiGo,DEL,BOM,DEL-BOM,0.182,2026-09-26,T+30,Economy,5910.0,1100.0,530.0,300.0,7840.0,INR,Available,False
2026-08-27T10:30:00,2026-08-27,Airline Direct,IndiGo,DEL,BOM,DEL-BOM,0.182,2026-10-11,T+45,Economy,5300.0,1040.0,480.0,300.0,7120.0,INR,Available,False
2026-08-27T10:30:00,2026-08-27,Airline Direct,Air India,DEL,BOM,DEL-BOM,0.182,2026-08-28,T+1,Economy,10580.0,1830.0,920.0,250.0,13580.0,INR,Available,False
2026-08-27T10:30:00,2026-08-27,Airline Direct,Air India,DEL,BOM,DEL-BOM,0.182,2026-09-03,T+7,Economy,8390.0,1520.0,770.0,250.0,10930.0,INR,Available,False
2026-08-27T10:30:00,2026-08-27,Airline Direct,Air India,DEL,BOM,DEL-BOM,0.182,2026-09-11,T+15,Economy,6570.0,1260.0,610.0,250.0,8690.0,INR,Available,False
2026-08-27T10:30:00,2026-08-27,Airline Direct,Air India,DEL,BOM,DEL-BOM,0.182,2026-09-26,T+30,Economy,5950.0,1170.0,590.0,250.0,7960.0,INR,Available,False
2026-08-27T10:30:00,2026-08-27,Airline Direct,Air India,DEL,BOM,DEL-BOM,0.182,2026-10-11,T+45,Economy,5690.0,1110.0,550.0,250.0,7600.0,INR,Available,False
2026-08-27T10:30:00,2026-08-27,OTA Aggregator,Air India Express,DEL,BOM,DEL-BOM,0.182,2026-08-28,T+1,Economy,8880.0,1530.0,780.0,250.0,11440.0,INR,Available,False
2026-08-27T10:30:00,2026-08-27,OTA Aggregator,Air India Express,DEL,BOM,DEL-BOM,0.182,2026-09-03,T+7,Economy,7050.0,1310.0,690.0,250.0,9300.0,INR,Available,False
2026-08-27T10:30:00,2026-08-27,OTA Aggregator,Air India Express,DEL,BOM,DEL-BOM,0.182,2026-09-11,T+15,Economy,5970.0,1130.0,600.0,250.0,7950.0,INR,Available,False
2026-08-27T10:30:00,2026-08-27,OTA Aggregator,Air India Express,DEL,BOM,DEL-BOM,0.182,2026-09-26,T+30,Economy,5240.0,990.0,520.0,250.0,7000.0,INR,Available,False
2026-08-27T10:30:00,2026-08-27,OTA Aggregator,Air India Express,DEL,BOM,DEL-BOM,0.182,2026-10-11,T+45,Economy,4740.0,890.0,460.0,250.0,6340.0,INR,Available,False
2026-08-27T10:30:00,2026-08-27,OTA Aggregator,Akasa Air,DEL,BOM,DEL-BOM,0.182,2026-08-28,T+1,Economy,9350.0,1640.0,840.0,250.0,12080.0,INR,Available,False
2026-08-27T10:30:00,2026-08-27,OTA Aggregator,Akasa Air,DEL,BOM,DEL-BOM,0.182,2026-09-03,T+7,Economy,7480.0,1410.0,730.0,250.0,9870.0,INR,Available,False
2026-08-27T10:30:00,2026-08-27,OTA Aggregator,Akasa Air,DEL,BOM,DEL-BOM,0.182,2026-09-11,T+15,Economy,6220.0,1100.0,550.0,250.0,8120.0,INR,Available,False
2026-08-27T10:30:00,2026-08-27,OTA Aggregator,Akasa Air,DEL,BOM,DEL-BOM,0.182,2026-09-26,T+30,Economy,5320.0,1040.0,480.0,250.0,7090.0,INR,Available,False
2026-08-27T10:30:00,2026-08-27,OTA Aggregator,Akasa Air,DEL,BOM,DEL-BOM,0.182,2026-10-11,T+45,Economy,5120.0,960.0,520.0,250.0,6850.0,INR,Available,False
2026-08-27T10:30:00,2026-08-27,OTA Aggregator,SpiceJet,DEL,BOM,DEL-BOM,0.182,2026-08-28,T+1,Economy,10480.0,1860.0,940.0,300.0,13580.0,INR,Available,False
2026-08-27T10:30:00,2026-08-27,OTA Aggregator,SpiceJet,DEL,BOM,DEL-BOM,0.182,2026-09-03,T+7,Economy,7300.0,1400.0,710.0,300.0,9710.0,INR,Available,False
2026-08-27T10:30:00,2026-08-27,OTA Aggregator,SpiceJet,DEL,BOM,DEL-BOM,0.182,2026-09-11,T+15,Economy,6190.0,1170.0,630.0,300.0,8290.0,INR,Available,False
2026-08-27T10:30:00,2026-08-27,OTA Aggregator,SpiceJet,DEL,BOM,DEL-BOM,0.182,2026-09-26,T+30,Economy,5430.0,990.0,560.0,300.0,7280.0,INR,Available,False
2026-08-27T10:30:00,2026-08-27,OTA Aggregator,SpiceJet,DEL,BOM,DEL-BOM,0.182,2026-10-11,T+45,Economy,5060.0,1000.0,470.0,300.0,6830.0,INR,Available,False
2026-08-27T10:30:00,2026-08-27,Airline Direct,IndiGo,DEL,BLR,DEL-BLR,0.154,2026-08-28,T+1,Economy,9140.0,1660.0,840.0,300.0,11940.0,INR,Available,False
2026-08-27T10:30:00,2026-08-27,Airline Direct,IndiGo,DEL,BLR,DEL-BLR,0.154,2026-09-03,T+7,Economy,7400.0,1360.0,690.0,300.0,9750.0,INR,Available,False
2026-08-27T10:30:00,2026-08-27,Airline Direct,IndiGo,DEL,BLR,DEL-BLR,0.154,2026-09-11,T+15,Economy,6080.0,1080.0,630.0,300.0,8090.0,INR,Available,False
2026-08-27T10:30:00,2026-08-27,Airline Direct,IndiGo,DEL,BLR,DEL-BLR,0.154,2026-09-26,T+30,Economy,5340.0,1070.0,500.0,300.0,7210.0,INR,Available,False
2026-08-27T10:30:00,2026-08-27,Airline Direct,IndiGo,DEL,BLR,DEL-BLR,0.154,2026-10-11,T+45,Economy,4660.0,920.0,450.0,300.0,6330.0,INR,Available,False
2026-08-27T10:30:00,2026-08-27,Airline Direct,Air India,DEL,BLR,DEL-BLR,0.154,2026-08-28,T+1,Economy,10180.0,1860.0,930.0,250.0,13220.0,INR,Available,False
2026-08-27T10:30:00,2026-08-27,Airline Direct,Air India,DEL,BLR,DEL-BLR,0.154,2026-09-03,T+7,Economy,8160.0,1510.0,760.0,250.0,10680.0,INR,Available,False
2026-08-27T10:30:00,2026-08-27,Airline Direct,Air India,DEL,BLR,DEL-BLR,0.154,2026-09-11,T+15,Economy,6960.0,1350.0,650.0,250.0,9210.0,INR,Available,False
2026-08-27T10:30:00,2026-08-27,Airline Direct,Air India,DEL,BLR,DEL-BLR,0.154,2026-09-26,T+30,Economy,5490.0,1030.0,530.0,250.0,7300.0,INR,Available,False
2026-08-27T10:30:00,2026-08-27,Airline Direct,Air India,DEL,BLR,DEL-BLR,0.154,2026-10-11,T+45,Economy,5140.0,1000.0,510.0,250.0,6900.0,INR,Available,False
2026-08-27T10:30:00,2026-08-27,OTA Aggregator,Air India Express,DEL,BLR,DEL-BLR,0.154,2026-08-28,T+1,Economy,8520.0,1520.0,790.0,250.0,11080.0,INR,Available,False
2026-08-27T10:30:00,2026-08-27,OTA Aggregator,Air India Express,DEL,BLR,DEL-BLR,0.154,2026-09-03,T+7,Economy,6480.0,1280.0,640.0,250.0,8650.0,INR,Available,False
2026-08-27T10:30:00,2026-08-27,OTA Aggregator,Air India Express,DEL,BLR,DEL-BLR,0.154,2026-09-11,T+15,Economy,5640.0,1050.0,520.0,250.0,7460.0,INR,Available,False
2026-08-27T10:30:00,2026-08-27,OTA Aggregator,Air India Express,DEL,BLR,DEL-BLR,0.154,2026-09-26,T+30,Economy,4850.0,880.0,530.0,250.0,6510.0,INR,Available,False
2026-08-27T10:30:00,2026-08-27,OTA Aggregator,Air India Express,DEL,BLR,DEL-BLR,0.154,2026-10-11,T+45,Economy,4460.0,890.0,480.0,250.0,6080.0,INR,Available,False
2026-08-27T10:30:00,2026-08-27,OTA Aggregator,Akasa Air,DEL,BLR,DEL-BLR,0.154,2026-08-28,T+1,Economy,8890.0,1670.0,810.0,250.0,11620.0,INR,Available,False
2026-08-27T10:30:00,2026-08-27,OTA Aggregator,Akasa Air,DEL,BLR,DEL-BLR,0.154,2026-09-03,T+7,Economy,6870.0,1340.0,670.0,250.0,9130.0,INR,Available,False
2026-08-27T10:30:00,2026-08-27,OTA Aggregator,Akasa Air,DEL,BLR,DEL-BLR,0.154,2026-09-11,T+15,Economy,5790.0,1130.0,600.0,250.0,7770.0,INR,Available,False
2026-08-27T10:30:00,2026-08-27,OTA Aggregator,Akasa Air,DEL,BLR,DEL-BLR,0.154,2026-09-26,T+30,Economy,4910.0,940.0,500.0,250.0,6600.0,INR,Available,False
2026-08-27T10:30:00,2026-08-27,OTA Aggregator,Akasa Air,DEL,BLR,DEL-BLR,0.154,2026-10-11,T+45,Economy,4600.0,960.0,440.0,250.0,6250.0,INR,Available,False
2026-08-27T10:30:00,2026-08-27,OTA Aggregator,SpiceJet,DEL,BLR,DEL-BLR,0.154,2026-08-28,T+1,Economy,8700.0,1520.0,760.0,300.0,11280.0,INR,Available,False
2026-08-27T10:30:00,2026-08-27,OTA Aggregator,SpiceJet,DEL,BLR,DEL-BLR,0.154,2026-09-03,T+7,Economy,6690.0,1260.0,590.0,300.0,8840.0,INR,Available,False
2026-08-27T10:30:00,2026-08-27,OTA Aggregator,SpiceJet,DEL,BLR,DEL-BLR,0.154,2026-09-11,T+15,Economy,5870.0,1060.0,570.0,300.0,7800.0,INR,Available,False
2026-08-27T10:30:00,2026-08-27,OTA Aggregator,SpiceJet,DEL,BLR,DEL-BLR,0.154,2026-09-26,T+30,Economy,5030.0,990.0,540.0,300.0,6860.0,INR,Available,False
2026-08-27T10:30:00,2026-08-27,OTA Aggregator,SpiceJet,DEL,BLR,DEL-BLR,0.154,2026-10-11,T+45,Economy,4710.0,960.0,440.0,300.0,6410.0,INR,Available,False
2026-08-27T10:30:00,2026-08-27,Airline Direct,IndiGo,BOM,BLR,BOM-BLR,0.127,2026-08-28,T+1,Economy,10440.0,1900.0,980.0,300.0,13620.0,INR,Available,True
2026-08-27T10:30:00,2026-08-27,Airline Direct,IndiGo,BOM,BLR,BOM-BLR,0.127,2026-09-03,T+7,Economy,6270.0,1230.0,630.0,300.0,8430.0,INR,Available,False
2026-08-27T10:30:00,2026-08-27,Airline Direct,IndiGo,BOM,BLR,BOM-BLR,0.127,2026-09-11,T+15,Economy,5310.0,1050.0,560.0,300.0,7220.0,INR,Available,False
2026-08-27T10:30:00,2026-08-27,Airline Direct,IndiGo,BOM,BLR,BOM-BLR,0.127,2026-09-26,T+30,Economy,4710.0,950.0,460.0,300.0,6420.0,INR,Available,False
2026-08-27T10:30:00,2026-08-27,Airline Direct,IndiGo,BOM,BLR,BOM-BLR,0.127,2026-10-11,T+45,Economy,4260.0,780.0,460.0,300.0,5800.0,INR,Available,False
2026-08-27T10:30:00,2026-08-27,Airline Direct,Air India,BOM,BLR,BOM-BLR,0.127,2026-08-28,T+1,Economy,8430.0,1550.0,820.0,250.0,11050.0,INR,Available,False
2026-08-27T10:30:00,2026-08-27,Airline Direct,Air India,BOM,BLR,BOM-BLR,0.127,2026-09-03,T+7,Economy,6440.0,1200.0,600.0,250.0,8490.0,INR,Available,False
2026-08-27T10:30:00,2026-08-27,Airline Direct,Air India,BOM,BLR,BOM-BLR,0.127,2026-09-11,T+15,Economy,5750.0,1060.0,550.0,250.0,7610.0,INR,Available,False
2026-08-27T10:30:00,2026-08-27,Airline Direct,Air India,BOM,BLR,BOM-BLR,0.127,2026-09-26,T+30,Economy,5120.0,1040.0,490.0,250.0,6900.0,INR,Available,False
2026-08-27T10:30:00,2026-08-27,Airline Direct,Air India,BOM,BLR,BOM-BLR,0.127,2026-10-11,T+45,Economy,4260.0,810.0,460.0,250.0,5780.0,INR,Available,False
2026-08-27T10:30:00,2026-08-27,OTA Aggregator,Air India Express,BOM,BLR,BOM-BLR,0.127,2026-08-28,T+1,Economy,9280.0,1710.0,840.0,250.0,12080.0,INR,Available,True
2026-08-27T10:30:00,2026-08-27,OTA Aggregator,Air India Express,BOM,BLR,BOM-BLR,0.127,2026-09-03,T+7,Economy,5650.0,1100.0,510.0,250.0,7510.0,INR,Available,False
2026-08-27T10:30:00,2026-08-27,OTA Aggregator,Air India Express,BOM,BLR,BOM-BLR,0.127,2026-09-11,T+15,Economy,4520.0,860.0,460.0,250.0,6090.0,INR,Available,False
2026-08-27T10:30:00,2026-08-27,OTA Aggregator,Air India Express,BOM,BLR,BOM-BLR,0.127,2026-09-26,T+30,Economy,4090.0,880.0,450.0,250.0,5670.0,INR,Available,False
2026-08-27T10:30:00,2026-08-27,OTA Aggregator,Air India Express,BOM,BLR,BOM-BLR,0.127,2026-10-11,T+45,Economy,3950.0,800.0,460.0,250.0,5460.0,INR,Available,False
2026-08-27T10:30:00,2026-08-27,OTA Aggregator,Akasa Air,BOM,BLR,BOM-BLR,0.127,2026-08-28,T+1,Economy,8010.0,1420.0,710.0,250.0,10390.0,INR,Available,False
2026-08-27T10:30:00,2026-08-27,OTA Aggregator,Akasa Air,BOM,BLR,BOM-BLR,0.127,2026-09-03,T+7,Economy,5810.0,1030.0,600.0,250.0,7690.0,INR,Available,False
2026-08-27T10:30:00,2026-08-27,OTA Aggregator,Akasa Air,BOM,BLR,BOM-BLR,0.127,2026-09-11,T+15,Economy,5270.0,1050.0,540.0,250.0,7110.0,INR,Available,False
2026-08-27T10:30:00,2026-08-27,OTA Aggregator,Akasa Air,BOM,BLR,BOM-BLR,0.127,2026-09-26,T+30,Economy,4200.0,910.0,470.0,250.0,5830.0,INR,Available,False
2026-08-27T10:30:00,2026-08-27,OTA Aggregator,Akasa Air,BOM,BLR,BOM-BLR,0.127,2026-10-11,T+45,Economy,3810.0,750.0,370.0,250.0,5180.0,INR,Available,False
2026-08-27T10:30:00,2026-08-27,OTA Aggregator,SpiceJet,BOM,BLR,BOM-BLR,0.127,2026-08-28,T+1,Economy,7020.0,1370.0,650.0,300.0,9340.0,INR,Available,False
2026-08-27T10:30:00,2026-08-27,OTA Aggregator,SpiceJet,BOM,BLR,BOM-BLR,0.127,2026-09-03,T+7,Economy,5690.0,1020.0,590.0,300.0,7600.0,INR,Available,False
2026-08-27T10:30:00,2026-08-27,OTA Aggregator,SpiceJet,BOM,BLR,BOM-BLR,0.127,2026-09-11,T+15,Economy,5050.0,940.0,460.0,300.0,6750.0,INR,Available,False
2026-08-27T10:30:00,2026-08-27,OTA Aggregator,SpiceJet,BOM,BLR,BOM-BLR,0.127,2026-09-26,T+30,Economy,4350.0,870.0,440.0,300.0,5960.0,INR,Available,False
2026-08-27T10:30:00,2026-08-27,OTA Aggregator,SpiceJet,BOM,BLR,BOM-BLR,0.127,2026-10-11,T+45,Economy,4020.0,870.0,440.0,300.0,5630.0,INR,Available,False
2026-08-27T10:30:00,2026-08-27,Airline Direct,IndiGo,DEL,CCU,DEL-CCU,0.113,2026-08-28,T+1,Economy,7460.0,1400.0,720.0,300.0,9880.0,INR,Available,False
2026-08-27T10:30:00,2026-08-27,Airline Direct,IndiGo,DEL,CCU,DEL-CCU,0.113,2026-09-03,T+7,Economy,5930.0,1070.0,550.0,300.0,7850.0,INR,Available,False
2026-08-27T10:30:00,2026-08-27,Airline Direct,IndiGo,DEL,CCU,DEL-CCU,0.113,2026-09-11,T+15,Economy,4900.0,890.0,520.0,300.0,6610.0,INR,Available,False
2026-08-27T10:30:00,2026-08-27,Airline Direct,IndiGo,DEL,CCU,DEL-CCU,0.113,2026-09-26,T+30,Economy,4050.0,770.0,380.0,300.0,5500.0,INR,Available,False
2026-08-27T10:30:00,2026-08-27,Airline Direct,IndiGo,DEL,CCU,DEL-CCU,0.113,2026-10-11,T+45,Economy,4070.0,780.0,420.0,300.0,5570.0,INR,Available,False
2026-08-27T10:30:00,2026-08-27,Airline Direct,Air India,DEL,CCU,DEL-CCU,0.113,2026-08-28,T+1,Economy,7850.0,1430.0,750.0,250.0,10280.0,INR,Available,False
2026-08-27T10:30:00,2026-08-27,Airline Direct,Air India,DEL,CCU,DEL-CCU,0.113,2026-09-03,T+7,Economy,6050.0,1070.0,570.0,250.0,7940.0,INR,Available,False
2026-08-27T10:30:00,2026-08-27,Airline Direct,Air India,DEL,CCU,DEL-CCU,0.113,2026-09-11,T+15,Economy,5060.0,930.0,540.0,250.0,6780.0,INR,Available,False
2026-08-27T10:30:00,2026-08-27,Airline Direct,Air India,DEL,CCU,DEL-CCU,0.113,2026-09-26,T+30,Economy,4610.0,980.0,430.0,250.0,6270.0,INR,Available,False
2026-08-27T10:30:00,2026-08-27,Airline Direct,Air India,DEL,CCU,DEL-CCU,0.113,2026-10-11,T+45,Economy,4300.0,800.0,460.0,250.0,5810.0,INR,Available,False
2026-08-27T10:30:00,2026-08-27,OTA Aggregator,Air India Express,DEL,CCU,DEL-CCU,0.113,2026-08-28,T+1,Economy,6860.0,1340.0,650.0,250.0,9100.0,INR,Available,False
2026-08-27T10:30:00,2026-08-27,OTA Aggregator,Air India Express,DEL,CCU,DEL-CCU,0.113,2026-09-03,T+7,Economy,5230.0,1070.0,560.0,250.0,7110.0,INR,Available,False
2026-08-27T10:30:00,2026-08-27,OTA Aggregator,Air India Express,DEL,CCU,DEL-CCU,0.113,2026-09-11,T+15,Economy,4450.0,900.0,480.0,250.0,6080.0,INR,Available,False
2026-08-27T10:30:00,2026-08-27,OTA Aggregator,Air India Express,DEL,CCU,DEL-CCU,0.113,2026-09-26,T+30,Economy,4050.0,870.0,440.0,250.0,5610.0,INR,Available,False
2026-08-27T10:30:00,2026-08-27,OTA Aggregator,Air India Express,DEL,CCU,DEL-CCU,0.113,2026-10-11,T+45,Economy,3780.0,780.0,380.0,250.0,5190.0,INR,Available,False
2026-08-27T10:30:00,2026-08-27,OTA Aggregator,Akasa Air,DEL,CCU,DEL-CCU,0.113,2026-08-28,T+1,Economy,6990.0,1340.0,680.0,250.0,9260.0,INR,Available,False
2026-08-27T10:30:00,2026-08-27,OTA Aggregator,Akasa Air,DEL,CCU,DEL-CCU,0.113,2026-09-03,T+7,Economy,5750.0,1160.0,530.0,250.0,7690.0,INR,Available,False
2026-08-27T10:30:00,2026-08-27,OTA Aggregator,Akasa Air,DEL,CCU,DEL-CCU,0.113,2026-09-11,T+15,Economy,4420.0,940.0,410.0,250.0,6020.0,INR,Available,False
2026-08-27T10:30:00,2026-08-27,OTA Aggregator,Akasa Air,DEL,CCU,DEL-CCU,0.113,2026-09-26,T+30,Economy,4120.0,860.0,460.0,250.0,5690.0,INR,Available,False
2026-08-27T10:30:00,2026-08-27,OTA Aggregator,Akasa Air,DEL,CCU,DEL-CCU,0.113,2026-10-11,T+45,Economy,3750.0,830.0,380.0,250.0,5210.0,INR,Available,False
2026-08-27T10:30:00,2026-08-27,OTA Aggregator,SpiceJet,DEL,CCU,DEL-CCU,0.113,2026-08-28,T+1,Economy,8940.0,1570.0,790.0,300.0,11600.0,INR,Available,True
2026-08-27T10:30:00,2026-08-27,OTA Aggregator,SpiceJet,DEL,CCU,DEL-CCU,0.113,2026-09-03,T+7,Economy,5530.0,1070.0,500.0,300.0,7400.0,INR,Available,False
2026-08-27T10:30:00,2026-08-27,OTA Aggregator,SpiceJet,DEL,CCU,DEL-CCU,0.113,2026-09-11,T+15,Economy,4600.0,890.0,450.0,300.0,6240.0,INR,Available,False
2026-08-27T10:30:00,2026-08-27,OTA Aggregator,SpiceJet,DEL,CCU,DEL-CCU,0.113,2026-09-26,T+30,Economy,4400.0,910.0,420.0,300.0,6030.0,INR,Available,False
2026-08-27T10:30:00,2026-08-27,OTA Aggregator,SpiceJet,DEL,CCU,DEL-CCU,0.113,2026-10-11,T+45,Economy,3840.0,840.0,430.0,300.0,5410.0,INR,Available,False
2026-08-27T10:30:00,2026-08-27,Airline Direct,IndiGo,BLR,HYD,BLR-HYD,0.098,2026-08-28,T+1,Economy,5650.0,1130.0,550.0,300.0,7630.0,INR,Available,False
2026-08-27T10:30:00,2026-08-27,Airline Direct,IndiGo,BLR,HYD,BLR-HYD,0.098,2026-09-03,T+7,Economy,4530.0,880.0,510.0,300.0,6220.0,INR,Available,False
2026-08-27T10:30:00,2026-08-27,Airline Direct,IndiGo,BLR,HYD,BLR-HYD,0.098,2026-09-11,T+15,Economy,3780.0,820.0,410.0,300.0,5310.0,INR,Available,False
2026-08-27T10:30:00,2026-08-27,Airline Direct,IndiGo,BLR,HYD,BLR-HYD,0.098,2026-09-26,T+30,Economy,3260.0,640.0,340.0,300.0,4540.0,INR,Available,False
2026-08-27T10:30:00,2026-08-27,Airline Direct,IndiGo,BLR,HYD,BLR-HYD,0.098,2026-10-11,T+45,Economy,3010.0,690.0,320.0,300.0,4320.0,INR,Available,False
2026-08-27T10:30:00,2026-08-27,Airline Direct,Air India,BLR,HYD,BLR-HYD,0.098,2026-08-28,T+1,Economy,6010.0,1130.0,530.0,250.0,7920.0,INR,Available,False
2026-08-27T10:30:00,2026-08-27,Airline Direct,Air India,BLR,HYD,BLR-HYD,0.098,2026-09-03,T+7,Economy,4620.0,970.0,500.0,250.0,6340.0,INR,Available,False
2026-08-27T10:30:00,2026-08-27,Airline Direct,Air India,BLR,HYD,BLR-HYD,0.098,2026-09-11,T+15,Economy,4170.0,870.0,420.0,250.0,5710.0,INR,Available,False
2026-08-27T10:30:00,2026-08-27,Airline Direct,Air India,BLR,HYD,BLR-HYD,0.098,2026-09-26,T+30,Economy,3160.0,660.0,390.0,250.0,4460.0,INR,Available,False
2026-08-27T10:30:00,2026-08-27,Airline Direct,Air India,BLR,HYD,BLR-HYD,0.098,2026-10-11,T+45,Economy,3320.0,700.0,400.0,250.0,4670.0,INR,Available,False
2026-08-27T10:30:00,2026-08-27,OTA Aggregator,Air India Express,BLR,HYD,BLR-HYD,0.098,2026-08-28,T+1,Economy,5230.0,1020.0,490.0,250.0,6990.0,INR,Available,False
2026-08-27T10:30:00,2026-08-27,OTA Aggregator,Air India Express,BLR,HYD,BLR-HYD,0.098,2026-09-03,T+7,Economy,4070.0,860.0,380.0,250.0,5560.0,INR,Available,False
2026-08-27T10:30:00,2026-08-27,OTA Aggregator,Air India Express,BLR,HYD,BLR-HYD,0.098,2026-09-11,T+15,Economy,3640.0,820.0,390.0,250.0,5100.0,INR,Available,False
2026-08-27T10:30:00,2026-08-27,OTA Aggregator,Air India Express,BLR,HYD,BLR-HYD,0.098,2026-09-26,T+30,Economy,3170.0,630.0,360.0,250.0,4410.0,INR,Available,False
2026-08-27T10:30:00,2026-08-27,OTA Aggregator,Air India Express,BLR,HYD,BLR-HYD,0.098,2026-10-11,T+45,Economy,2750.0,550.0,320.0,250.0,3870.0,INR,Available,False
2026-08-27T10:30:00,2026-08-27,OTA Aggregator,Akasa Air,BLR,HYD,BLR-HYD,0.098,2026-08-28,T+1,Economy,5240.0,1050.0,480.0,250.0,7020.0,INR,Available,False
2026-08-27T10:30:00,2026-08-27,OTA Aggregator,Akasa Air,BLR,HYD,BLR-HYD,0.098,2026-09-03,T+7,Economy,4210.0,910.0,390.0,250.0,5760.0,INR,Available,False
2026-08-27T10:30:00,2026-08-27,OTA Aggregator,Akasa Air,BLR,HYD,BLR-HYD,0.098,2026-09-11,T+15,Economy,3370.0,760.0,380.0,250.0,4760.0,INR,Available,False
2026-08-27T10:30:00,2026-08-27,OTA Aggregator,Akasa Air,BLR,HYD,BLR-HYD,0.098,2026-09-26,T+30,Economy,3110.0,710.0,380.0,250.0,4450.0,INR,Available,False
2026-08-27T10:30:00,2026-08-27,OTA Aggregator,Akasa Air,BLR,HYD,BLR-HYD,0.098,2026-10-11,T+45,Economy,2810.0,600.0,330.0,250.0,3990.0,INR,Available,False
2026-08-27T10:30:00,2026-08-27,OTA Aggregator,SpiceJet,BLR,HYD,BLR-HYD,0.098,2026-08-28,T+1,Economy,5150.0,960.0,480.0,300.0,6890.0,INR,Available,False
2026-08-27T10:30:00,2026-08-27,OTA Aggregator,SpiceJet,BLR,HYD,BLR-HYD,0.098,2026-09-03,T+7,Economy,4350.0,850.0,470.0,300.0,5970.0,INR,Available,False
2026-08-27T10:30:00,2026-08-27,OTA Aggregator,SpiceJet,BLR,HYD,BLR-HYD,0.098,2026-09-11,T+15,Economy,3570.0,770.0,350.0,300.0,4990.0,INR,Available,False
2026-08-27T10:30:00,2026-08-27,OTA Aggregator,SpiceJet,BLR,HYD,BLR-HYD,0.098,2026-09-26,T+30,Economy,3200.0,750.0,360.0,300.0,4610.0,INR,Available,False
2026-08-27T10:30:00,2026-08-27,OTA Aggregator,SpiceJet,BLR,HYD,BLR-HYD,0.098,2026-10-11,T+45,Economy,2930.0,610.0,340.0,300.0,4180.0,INR,Available,False
2026-08-27T10:30:00,2026-08-27,Airline Direct,IndiGo,MAA,DEL,MAA-DEL,0.086,2026-08-28,T+1,Economy,8700.0,1510.0,810.0,300.0,11320.0,INR,Available,False
2026-08-27T10:30:00,2026-08-27,Airline Direct,IndiGo,MAA,DEL,MAA-DEL,0.086,2026-09-03,T+7,Economy,6380.0,1170.0,560.0,300.0,8410.0,INR,Available,False
2026-08-27T10:30:00,2026-08-27,Airline Direct,IndiGo,MAA,DEL,MAA-DEL,0.086,2026-09-11,T+15,Economy,5740.0,1140.0,590.0,300.0,7770.0,INR,Available,False
2026-08-27T10:30:00,2026-08-27,Airline Direct,IndiGo,MAA,DEL,MAA-DEL,0.086,2026-09-26,T+30,Economy,4620.0,850.0,490.0,300.0,6260.0,INR,Available,False
2026-08-27T10:30:00,2026-08-27,Airline Direct,IndiGo,MAA,DEL,MAA-DEL,0.086,2026-10-11,T+45,Economy,4680.0,960.0,520.0,300.0,6460.0,INR,Available,False
2026-08-27T10:30:00,2026-08-27,Airline Direct,Air India,MAA,DEL,MAA-DEL,0.086,2026-08-28,T+1,Economy,9440.0,1710.0,850.0,250.0,12250.0,INR,Available,False
2026-08-27T10:30:00,2026-08-27,Airline Direct,Air India,MAA,DEL,MAA-DEL,0.086,2026-09-03,T+7,Economy,7220.0,1390.0,690.0,250.0,9550.0,INR,Available,False
2026-08-27T10:30:00,2026-08-27,Airline Direct,Air India,MAA,DEL,MAA-DEL,0.086,2026-09-11,T+15,Economy,5880.0,1080.0,570.0,250.0,7780.0,INR,Available,False
2026-08-27T10:30:00,2026-08-27,Airline Direct,Air India,MAA,DEL,MAA-DEL,0.086,2026-09-26,T+30,Economy,5220.0,980.0,490.0,250.0,6940.0,INR,Available,False
2026-08-27T10:30:00,2026-08-27,Airline Direct,Air India,MAA,DEL,MAA-DEL,0.086,2026-10-11,T+45,Economy,4620.0,960.0,470.0,250.0,6300.0,INR,Available,False
2026-08-27T10:30:00,2026-08-27,OTA Aggregator,Air India Express,MAA,DEL,MAA-DEL,0.086,2026-08-28,T+1,Economy,7860.0,1380.0,710.0,250.0,10200.0,INR,Available,False
2026-08-27T10:30:00,2026-08-27,OTA Aggregator,Air India Express,MAA,DEL,MAA-DEL,0.086,2026-09-03,T+7,Economy,6310.0,1230.0,580.0,250.0,8370.0,INR,Available,False
2026-08-27T10:30:00,2026-08-27,OTA Aggregator,Air India Express,MAA,DEL,MAA-DEL,0.086,2026-09-11,T+15,Economy,5080.0,1010.0,480.0,250.0,6820.0,INR,Available,False
2026-08-27T10:30:00,2026-08-27,OTA Aggregator,Air India Express,MAA,DEL,MAA-DEL,0.086,2026-09-26,T+30,Economy,4750.0,980.0,500.0,250.0,6480.0,INR,Available,False
2026-08-27T10:30:00,2026-08-27,OTA Aggregator,Air India Express,MAA,DEL,MAA-DEL,0.086,2026-10-11,T+45,Economy,4200.0,880.0,480.0,250.0,5810.0,INR,Available,False
2026-08-27T10:30:00,2026-08-27,OTA Aggregator,Akasa Air,MAA,DEL,MAA-DEL,0.086,2026-08-28,T+1,Economy,8480.0,1560.0,800.0,250.0,11090.0,INR,Available,False
2026-08-27T10:30:00,2026-08-27,OTA Aggregator,Akasa Air,MAA,DEL,MAA-DEL,0.086,2026-09-03,T+7,Economy,6430.0,1160.0,600.0,250.0,8440.0,INR,Available,False
2026-08-27T10:30:00,2026-08-27,OTA Aggregator,Akasa Air,MAA,DEL,MAA-DEL,0.086,2026-09-11,T+15,Economy,5260.0,1010.0,570.0,250.0,7090.0,INR,Available,False
2026-08-27T10:30:00,2026-08-27,OTA Aggregator,Akasa Air,MAA,DEL,MAA-DEL,0.086,2026-09-26,T+30,Economy,4380.0,890.0,480.0,250.0,6000.0,INR,Available,False
2026-08-27T10:30:00,2026-08-27,OTA Aggregator,Akasa Air,MAA,DEL,MAA-DEL,0.086,2026-10-11,T+45,Economy,4350.0,890.0,470.0,250.0,5960.0,INR,Available,False
2026-08-27T10:30:00,2026-08-27,OTA Aggregator,SpiceJet,MAA,DEL,MAA-DEL,0.086,2026-08-28,T+1,Economy,8030.0,1470.0,760.0,300.0,10560.0,INR,Available,False
2026-08-27T10:30:00,2026-08-27,OTA Aggregator,SpiceJet,MAA,DEL,MAA-DEL,0.086,2026-09-03,T+7,Economy,6480.0,1270.0,670.0,300.0,8720.0,INR,Available,False
2026-08-27T10:30:00,2026-08-27,OTA Aggregator,SpiceJet,MAA,DEL,MAA-DEL,0.086,2026-09-11,T+15,Economy,5400.0,1060.0,580.0,300.0,7340.0,INR,Available,False
2026-08-27T10:30:00,2026-08-27,OTA Aggregator,SpiceJet,MAA,DEL,MAA-DEL,0.086,2026-09-26,T+30,Economy,4580.0,900.0,440.0,300.0,6220.0,INR,Available,False
2026-08-27T10:30:00,2026-08-27,OTA Aggregator,SpiceJet,MAA,DEL,MAA-DEL,0.086,2026-10-11,T+45,Economy,4410.0,810.0,420.0,300.0,5940.0,INR,Available,False
2026-08-27T10:30:00,2026-08-27,Airline Direct,IndiGo,BOM,DEL,BOM-DEL,0.135,2026-08-28,T+1,Economy,8870.0,1640.0,860.0,300.0,11670.0,INR,Available,False
2026-08-27T10:30:00,2026-08-27,Airline Direct,IndiGo,BOM,DEL,BOM-DEL,0.135,2026-09-03,T+7,Economy,7120.0,1340.0,670.0,300.0,9430.0,INR,Available,False
2026-08-27T10:30:00,2026-08-27,Airline Direct,IndiGo,BOM,DEL,BOM-DEL,0.135,2026-09-11,T+15,Economy,5990.0,1090.0,570.0,300.0,7950.0,INR,Available,False
2026-08-27T10:30:00,2026-08-27,Airline Direct,IndiGo,BOM,DEL,BOM-DEL,0.135,2026-09-26,T+30,Economy,5270.0,1090.0,470.0,300.0,7130.0,INR,Available,False
2026-08-27T10:30:00,2026-08-27,Airline Direct,IndiGo,BOM,DEL,BOM-DEL,0.135,2026-10-11,T+45,Economy,4880.0,990.0,480.0,300.0,6650.0,INR,Available,False
2026-08-27T10:30:00,2026-08-27,Airline Direct,Air India,BOM,DEL,BOM-DEL,0.135,2026-08-28,T+1,Economy,10030.0,1730.0,890.0,250.0,12900.0,INR,Available,False
2026-08-27T10:30:00,2026-08-27,Airline Direct,Air India,BOM,DEL,BOM-DEL,0.135,2026-09-03,T+7,Economy,7900.0,1380.0,760.0,250.0,10290.0,INR,Available,False
2026-08-27T10:30:00,2026-08-27,Airline Direct,Air India,BOM,DEL,BOM-DEL,0.135,2026-09-11,T+15,Economy,6490.0,1220.0,640.0,250.0,8600.0,INR,Available,False
2026-08-27T10:30:00,2026-08-27,Airline Direct,Air India,BOM,DEL,BOM-DEL,0.135,2026-09-26,T+30,Economy,5460.0,990.0,540.0,250.0,7240.0,INR,Available,False
2026-08-27T10:30:00,2026-08-27,Airline Direct,Air India,BOM,DEL,BOM-DEL,0.135,2026-10-11,T+45,Economy,5130.0,1000.0,510.0,250.0,6890.0,INR,Available,False
2026-08-27T10:30:00,2026-08-27,OTA Aggregator,Air India Express,BOM,DEL,BOM-DEL,0.135,2026-08-28,T+1,Economy,8920.0,1550.0,830.0,250.0,11550.0,INR,Available,False
2026-08-27T10:30:00,2026-08-27,OTA Aggregator,Air India Express,BOM,DEL,BOM-DEL,0.135,2026-09-03,T+7,Economy,6830.0,1200.0,670.0,250.0,8950.0,INR,Available,False
2026-08-27T10:30:00,2026-08-27,OTA Aggregator,Air India Express,BOM,DEL,BOM-DEL,0.135,2026-09-11,T+15,Economy,5520.0,1110.0,550.0,250.0,7430.0,INR,Available,False
2026-08-27T10:30:00,2026-08-27,OTA Aggregator,Air India Express,BOM,DEL,BOM-DEL,0.135,2026-09-26,T+30,Economy,4920.0,940.0,450.0,250.0,6560.0,INR,Available,False
2026-08-27T10:30:00,2026-08-27,OTA Aggregator,Air India Express,BOM,DEL,BOM-DEL,0.135,2026-10-11,T+45,Economy,4700.0,940.0,520.0,250.0,6410.0,INR,Available,False
2026-08-27T10:30:00,2026-08-27,OTA Aggregator,Akasa Air,BOM,DEL,BOM-DEL,0.135,2026-08-28,T+1,Economy,8910.0,1610.0,840.0,250.0,11610.0,INR,Available,False
2026-08-27T10:30:00,2026-08-27,OTA Aggregator,Akasa Air,BOM,DEL,BOM-DEL,0.135,2026-09-03,T+7,Economy,6640.0,1250.0,640.0,250.0,8780.0,INR,Available,False
2026-08-27T10:30:00,2026-08-27,OTA Aggregator,Akasa Air,BOM,DEL,BOM-DEL,0.135,2026-09-11,T+15,Economy,5850.0,1150.0,590.0,250.0,7840.0,INR,Available,False
2026-08-27T10:30:00,2026-08-27,OTA Aggregator,Akasa Air,BOM,DEL,BOM-DEL,0.135,2026-09-26,T+30,Economy,5200.0,960.0,510.0,250.0,6920.0,INR,Available,False
2026-08-27T10:30:00,2026-08-27,OTA Aggregator,Akasa Air,BOM,DEL,BOM-DEL,0.135,2026-10-11,T+45,Economy,4860.0,990.0,530.0,250.0,6630.0,INR,Available,False
2026-08-27T10:30:00,2026-08-27,OTA Aggregator,SpiceJet,BOM,DEL,BOM-DEL,0.135,2026-08-28,T+1,Economy,9100.0,1590.0,830.0,300.0,11820.0,INR,Available,False
2026-08-27T10:30:00,2026-08-27,OTA Aggregator,SpiceJet,BOM,DEL,BOM-DEL,0.135,2026-09-03,T+7,Economy,6800.0,1280.0,590.0,300.0,8970.0,INR,Available,False
2026-08-27T10:30:00,2026-08-27,OTA Aggregator,SpiceJet,BOM,DEL,BOM-DEL,0.135,2026-09-11,T+15,Economy,6090.0,1220.0,560.0,300.0,8170.0,INR,Available,False
2026-08-27T10:30:00,2026-08-27,OTA Aggregator,SpiceJet,BOM,DEL,BOM-DEL,0.135,2026-09-26,T+30,Economy,5280.0,1030.0,520.0,300.0,7130.0,INR,Available,False
2026-08-27T10:30:00,2026-08-27,OTA Aggregator,SpiceJet,BOM,DEL,BOM-DEL,0.135,2026-10-11,T+45,Economy,4900.0,1000.0,440.0,300.0,6640.0,INR,Available,False
2026-08-27T10:30:00,2026-08-27,Airline Direct,IndiGo,HYD,DEL,HYD-DEL,0.105,2026-08-28,T+1,Economy,6620.0,1280.0,650.0,300.0,8850.0,INR,Available,False
2026-08-27T10:30:00,2026-08-27,Airline Direct,IndiGo,HYD,DEL,HYD-DEL,0.105,2026-09-03,T+7,Economy,5360.0,1070.0,520.0,300.0,7250.0,INR,Available,False
2026-08-27T10:30:00,2026-08-27,Airline Direct,IndiGo,HYD,DEL,HYD-DEL,0.105,2026-09-11,T+15,Economy,4890.0,1020.0,460.0,300.0,6670.0,INR,Available,False
2026-08-27T10:30:00,2026-08-27,Airline Direct,IndiGo,HYD,DEL,HYD-DEL,0.105,2026-09-26,T+30,Economy,4120.0,810.0,420.0,300.0,5650.0,INR,Available,False
2026-08-27T10:30:00,2026-08-27,Airline Direct,IndiGo,HYD,DEL,HYD-DEL,0.105,2026-10-11,T+45,Economy,3500.0,730.0,420.0,300.0,4950.0,INR,Available,False
2026-08-27T10:30:00,2026-08-27,Airline Direct,Air India,HYD,DEL,HYD-DEL,0.105,2026-08-28,T+1,Economy,7060.0,1290.0,670.0,250.0,9270.0,INR,Available,False
2026-08-27T10:30:00,2026-08-27,Airline Direct,Air India,HYD,DEL,HYD-DEL,0.105,2026-09-03,T+7,Economy,5990.0,1170.0,540.0,250.0,7950.0,INR,Available,False
2026-08-27T10:30:00,2026-08-27,Airline Direct,Air India,HYD,DEL,HYD-DEL,0.105,2026-09-11,T+15,Economy,4930.0,940.0,480.0,250.0,6600.0,INR,Available,False
2026-08-27T10:30:00,2026-08-27,Airline Direct,Air India,HYD,DEL,HYD-DEL,0.105,2026-09-26,T+30,Economy,4180.0,890.0,420.0,250.0,5740.0,INR,Available,False
2026-08-27T10:30:00,2026-08-27,Airline Direct,Air India,HYD,DEL,HYD-DEL,0.105,2026-10-11,T+45,Economy,4360.0,830.0,470.0,250.0,5910.0,INR,Available,False
2026-08-27T10:30:00,2026-08-27,OTA Aggregator,Air India Express,HYD,DEL,HYD-DEL,0.105,2026-08-28,T+1,Economy,6530.0,1210.0,650.0,250.0,8640.0,INR,Available,False
2026-08-27T10:30:00,2026-08-27,OTA Aggregator,Air India Express,HYD,DEL,HYD-DEL,0.105,2026-09-03,T+7,Economy,5120.0,1000.0,520.0,250.0,6890.0,INR,Available,False
2026-08-27T10:30:00,2026-08-27,OTA Aggregator,Air India Express,HYD,DEL,HYD-DEL,0.105,2026-09-11,T+15,Economy,4240.0,910.0,470.0,250.0,5870.0,INR,Available,False
2026-08-27T10:30:00,2026-08-27,OTA Aggregator,Air India Express,HYD,DEL,HYD-DEL,0.105,2026-09-26,T+30,Economy,3920.0,790.0,420.0,250.0,5380.0,INR,Available,False
2026-08-27T10:30:00,2026-08-27,OTA Aggregator,Air India Express,HYD,DEL,HYD-DEL,0.105,2026-10-11,T+45,Economy,3500.0,670.0,340.0,250.0,4760.0,INR,Available,False
2026-08-27T10:30:00,2026-08-27,OTA Aggregator,Akasa Air,HYD,DEL,HYD-DEL,0.105,2026-08-28,T+1,Economy,8470.0,1500.0,790.0,250.0,11010.0,INR,Available,True
2026-08-27T10:30:00,2026-08-27,OTA Aggregator,Akasa Air,HYD,DEL,HYD-DEL,0.105,2026-09-03,T+7,Economy,5050.0,1000.0,530.0,250.0,6830.0,INR,Available,False
2026-08-27T10:30:00,2026-08-27,OTA Aggregator,Akasa Air,HYD,DEL,HYD-DEL,0.105,2026-09-11,T+15,Economy,4890.0,990.0,490.0,250.0,6620.0,INR,Available,False
2026-08-27T10:30:00,2026-08-27,OTA Aggregator,Akasa Air,HYD,DEL,HYD-DEL,0.105,2026-09-26,T+30,Economy,4090.0,850.0,470.0,250.0,5660.0,INR,Available,False
2026-08-27T10:30:00,2026-08-27,OTA Aggregator,Akasa Air,HYD,DEL,HYD-DEL,0.105,2026-10-11,T+45,Economy,3300.0,630.0,380.0,250.0,4560.0,INR,Available,False
2026-08-27T10:30:00,2026-08-27,OTA Aggregator,SpiceJet,HYD,DEL,HYD-DEL,0.105,2026-08-28,T+1,Economy,8090.0,1470.0,780.0,300.0,10640.0,INR,Available,True
2026-08-27T10:30:00,2026-08-27,OTA Aggregator,SpiceJet,HYD,DEL,HYD-DEL,0.105,2026-09-03,T+7,Economy,4940.0,1010.0,470.0,300.0,6720.0,INR,Available,False
2026-08-27T10:30:00,2026-08-27,OTA Aggregator,SpiceJet,HYD,DEL,HYD-DEL,0.105,2026-09-11,T+15,Economy,4530.0,930.0,470.0,300.0,6230.0,INR,Available,False
2026-08-27T10:30:00,2026-08-27,OTA Aggregator,SpiceJet,HYD,DEL,HYD-DEL,0.105,2026-09-26,T+30,Economy,4010.0,860.0,400.0,300.0,5570.0,INR,Available,False
2026-08-27T10:30:00,2026-08-27,OTA Aggregator,SpiceJet,HYD,DEL,HYD-DEL,0.105,2026-10-11,T+45,Economy,3720.0,760.0,410.0,300.0,5190.0,INR,Available,False
2026-08-28T10:30:00,2026-08-28,Airline Direct,IndiGo,DEL,BOM,DEL-BOM,0.182,2026-08-29,T+1,Economy,10500.0,1800.0,970.0,250.0,13520.0,INR,Available,False
2026-08-28T10:30:00,2026-08-28,Airline Direct,IndiGo,DEL,BOM,DEL-BOM,0.182,2026-09-04,T+7,Economy,7470.0,1400.0,710.0,250.0,9830.0,INR,Available,False
2026-08-28T10:30:00,2026-08-28,Airline Direct,IndiGo,DEL,BOM,DEL-BOM,0.182,2026-09-12,T+15,Economy,6380.0,1180.0,590.0,250.0,8400.0,INR,Available,False
2026-08-28T10:30:00,2026-08-28,Airline Direct,IndiGo,DEL,BOM,DEL-BOM,0.182,2026-09-27,T+30,Economy,5500.0,1010.0,570.0,250.0,7330.0,INR,Available,False
2026-08-28T10:30:00,2026-08-28,Airline Direct,IndiGo,DEL,BOM,DEL-BOM,0.182,2026-10-12,T+45,Economy,5360.0,990.0,570.0,250.0,7170.0,INR,Available,False
2026-08-28T10:30:00,2026-08-28,Airline Direct,Air India,DEL,BOM,DEL-BOM,0.182,2026-08-29,T+1,Economy,11400.0,2040.0,1060.0,300.0,14800.0,INR,Available,False
2026-08-28T10:30:00,2026-08-28,Airline Direct,Air India,DEL,BOM,DEL-BOM,0.182,2026-09-04,T+7,Economy,7890.0,1390.0,710.0,300.0,10290.0,INR,Available,False
2026-08-28T10:30:00,2026-08-28,Airline Direct,Air India,DEL,BOM,DEL-BOM,0.182,2026-09-12,T+15,Economy,7170.0,1250.0,690.0,300.0,9410.0,INR,Available,False
2026-08-28T10:30:00,2026-08-28,Airline Direct,Air India,DEL,BOM,DEL-BOM,0.182,2026-09-27,T+30,Economy,6270.0,1160.0,600.0,300.0,8330.0,INR,Available,False
2026-08-28T10:30:00,2026-08-28,Airline Direct,Air India,DEL,BOM,DEL-BOM,0.182,2026-10-12,T+45,Economy,5490.0,1120.0,510.0,300.0,7420.0,INR,Available,False
2026-08-28T10:30:00,2026-08-28,OTA Aggregator,Air India Express,DEL,BOM,DEL-BOM,0.182,2026-08-29,T+1,Economy,9390.0,1680.0,840.0,300.0,12210.0,INR,Available,False
2026-08-28T10:30:00,2026-08-28,OTA Aggregator,Air India Express,DEL,BOM,DEL-BOM,0.182,2026-09-04,T+7,Economy,7210.0,1370.0,690.0,300.0,9570.0,INR,Available,False
2026-08-28T10:30:00,2026-08-28,OTA Aggregator,Air India Express,DEL,BOM,DEL-BOM,0.182,2026-09-12,T+15,Economy,6290.0,1140.0,630.0,300.0,8360.0,INR,Available,False
2026-08-28T10:30:00,2026-08-28,OTA Aggregator,Air India Express,DEL,BOM,DEL-BOM,0.182,2026-09-27,T+30,Economy,5170.0,1060.0,550.0,300.0,7080.0,INR,Available,False
2026-08-28T10:30:00,2026-08-28,OTA Aggregator,Air India Express,DEL,BOM,DEL-BOM,0.182,2026-10-12,T+45,Economy,4700.0,1000.0,460.0,300.0,6460.0,INR,Available,False
2026-08-28T10:30:00,2026-08-28,OTA Aggregator,Akasa Air,DEL,BOM,DEL-BOM,0.182,2026-08-29,T+1,Economy,9730.0,1680.0,930.0,300.0,12640.0,INR,Available,False
2026-08-28T10:30:00,2026-08-28,OTA Aggregator,Akasa Air,DEL,BOM,DEL-BOM,0.182,2026-09-04,T+7,Economy,7420.0,1300.0,720.0,300.0,9740.0,INR,Available,False
2026-08-28T10:30:00,2026-08-28,OTA Aggregator,Akasa Air,DEL,BOM,DEL-BOM,0.182,2026-09-12,T+15,Economy,6280.0,1220.0,620.0,300.0,8420.0,INR,Available,False
2026-08-28T10:30:00,2026-08-28,OTA Aggregator,Akasa Air,DEL,BOM,DEL-BOM,0.182,2026-09-27,T+30,Economy,5290.0,960.0,520.0,300.0,7070.0,INR,Available,False
2026-08-28T10:30:00,2026-08-28,OTA Aggregator,Akasa Air,DEL,BOM,DEL-BOM,0.182,2026-10-12,T+45,Economy,4560.0,870.0,450.0,300.0,6180.0,INR,Available,False
2026-08-28T10:30:00,2026-08-28,OTA Aggregator,SpiceJet,DEL,BOM,DEL-BOM,0.182,2026-08-29,T+1,Economy,9320.0,1730.0,850.0,250.0,12150.0,INR,Available,False
2026-08-28T10:30:00,2026-08-28,OTA Aggregator,SpiceJet,DEL,BOM,DEL-BOM,0.182,2026-09-04,T+7,Economy,7160.0,1310.0,680.0,250.0,9400.0,INR,Available,False
2026-08-28T10:30:00,2026-08-28,OTA Aggregator,SpiceJet,DEL,BOM,DEL-BOM,0.182,2026-09-12,T+15,Economy,6380.0,1150.0,590.0,250.0,8370.0,INR,Available,False
2026-08-28T10:30:00,2026-08-28,OTA Aggregator,SpiceJet,DEL,BOM,DEL-BOM,0.182,2026-09-27,T+30,Economy,5460.0,1120.0,520.0,250.0,7350.0,INR,Available,False
2026-08-28T10:30:00,2026-08-28,OTA Aggregator,SpiceJet,DEL,BOM,DEL-BOM,0.182,2026-10-12,T+45,Economy,5050.0,1060.0,510.0,250.0,6870.0,INR,Available,False
2026-08-28T10:30:00,2026-08-28,Airline Direct,IndiGo,DEL,BLR,DEL-BLR,0.154,2026-08-29,T+1,Economy,11580.0,1970.0,1020.0,250.0,14820.0,INR,Available,True
2026-08-28T10:30:00,2026-08-28,Airline Direct,IndiGo,DEL,BLR,DEL-BLR,0.154,2026-09-04,T+7,Economy,7620.0,1390.0,750.0,250.0,10010.0,INR,Available,False
2026-08-28T10:30:00,2026-08-28,Airline Direct,IndiGo,DEL,BLR,DEL-BLR,0.154,2026-09-12,T+15,Economy,5810.0,1110.0,580.0,250.0,7750.0,INR,Available,False
2026-08-28T10:30:00,2026-08-28,Airline Direct,IndiGo,DEL,BLR,DEL-BLR,0.154,2026-09-27,T+30,Economy,5260.0,960.0,520.0,250.0,6990.0,INR,Available,False
2026-08-28T10:30:00,2026-08-28,Airline Direct,IndiGo,DEL,BLR,DEL-BLR,0.154,2026-10-12,T+45,Economy,4860.0,930.0,480.0,250.0,6520.0,INR,Available,False
2026-08-28T10:30:00,2026-08-28,Airline Direct,Air India,DEL,BLR,DEL-BLR,0.154,2026-08-29,T+1,Economy,9750.0,1740.0,920.0,300.0,12710.0,INR,Available,False
2026-08-28T10:30:00,2026-08-28,Airline Direct,Air India,DEL,BLR,DEL-BLR,0.154,2026-09-04,T+7,Economy,7790.0,1410.0,680.0,300.0,10180.0,INR,Available,False
2026-08-28T10:30:00,2026-08-28,Airline Direct,Air India,DEL,BLR,DEL-BLR,0.154,2026-09-12,T+15,Economy,6380.0,1160.0,620.0,300.0,8460.0,INR,Available,False
2026-08-28T10:30:00,2026-08-28,Airline Direct,Air India,DEL,BLR,DEL-BLR,0.154,2026-09-27,T+30,Economy,5690.0,1020.0,550.0,300.0,7560.0,INR,Available,False
2026-08-28T10:30:00,2026-08-28,Airline Direct,Air India,DEL,BLR,DEL-BLR,0.154,2026-10-12,T+45,Economy,5050.0,910.0,550.0,300.0,6810.0,INR,Available,False
2026-08-28T10:30:00,2026-08-28,OTA Aggregator,Air India Express,DEL,BLR,DEL-BLR,0.154,2026-08-29,T+1,Economy,9140.0,1680.0,810.0,300.0,11930.0,INR,Available,False
2026-08-28T10:30:00,2026-08-28,OTA Aggregator,Air India Express,DEL,BLR,DEL-BLR,0.154,2026-09-04,T+7,Economy,6070.0,1120.0,540.0,300.0,8030.0,INR,Available,False
2026-08-28T10:30:00,2026-08-28,OTA Aggregator,Air India Express,DEL,BLR,DEL-BLR,0.154,2026-09-12,T+15,Economy,5530.0,1040.0,580.0,300.0,7450.0,INR,Available,False
2026-08-28T10:30:00,2026-08-28,OTA Aggregator,Air India Express,DEL,BLR,DEL-BLR,0.154,2026-09-27,T+30,Economy,4760.0,950.0,520.0,300.0,6530.0,INR,Available,False
2026-08-28T10:30:00,2026-08-28,OTA Aggregator,Air India Express,DEL,BLR,DEL-BLR,0.154,2026-10-12,T+45,Economy,4580.0,940.0,430.0,300.0,6250.0,INR,Available,False
2026-08-28T10:30:00,2026-08-28,OTA Aggregator,Akasa Air,DEL,BLR,DEL-BLR,0.154,2026-08-29,T+1,Economy,8640.0,1560.0,830.0,300.0,11330.0,INR,Available,False
2026-08-28T10:30:00,2026-08-28,OTA Aggregator,Akasa Air,DEL,BLR,DEL-BLR,0.154,2026-09-04,T+7,Economy,6940.0,1350.0,700.0,300.0,9290.0,INR,Available,False
2026-08-28T10:30:00,2026-08-28,OTA Aggregator,Akasa Air,DEL,BLR,DEL-BLR,0.154,2026-09-12,T+15,Economy,5200.0,1020.0,510.0,300.0,7030.0,INR,Available,False
2026-08-28T10:30:00,2026-08-28,OTA Aggregator,Akasa Air,DEL,BLR,DEL-BLR,0.154,2026-09-27,T+30,Economy,5370.0,1100.0,500.0,300.0,7270.0,INR,Available,False
2026-08-28T10:30:00,2026-08-28,OTA Aggregator,Akasa Air,DEL,BLR,DEL-BLR,0.154,2026-10-12,T+45,Economy,4670.0,860.0,480.0,300.0,6310.0,INR,Available,False
2026-08-28T10:30:00,2026-08-28,OTA Aggregator,SpiceJet,DEL,BLR,DEL-BLR,0.154,2026-08-29,T+1,Economy,8890.0,1600.0,830.0,250.0,11570.0,INR,Available,False
2026-08-28T10:30:00,2026-08-28,OTA Aggregator,SpiceJet,DEL,BLR,DEL-BLR,0.154,2026-09-04,T+7,Economy,6980.0,1240.0,650.0,250.0,9120.0,INR,Available,False
2026-08-28T10:30:00,2026-08-28,OTA Aggregator,SpiceJet,DEL,BLR,DEL-BLR,0.154,2026-09-12,T+15,Economy,5830.0,1040.0,570.0,250.0,7690.0,INR,Available,False
2026-08-28T10:30:00,2026-08-28,OTA Aggregator,SpiceJet,DEL,BLR,DEL-BLR,0.154,2026-09-27,T+30,Economy,5190.0,1040.0,520.0,250.0,7000.0,INR,Available,False
2026-08-28T10:30:00,2026-08-28,OTA Aggregator,SpiceJet,DEL,BLR,DEL-BLR,0.154,2026-10-12,T+45,Economy,4730.0,1000.0,480.0,250.0,6460.0,INR,Available,False
2026-08-28T10:30:00,2026-08-28,Airline Direct,IndiGo,BOM,BLR,BOM-BLR,0.127,2026-08-29,T+1,Economy,8470.0,1580.0,750.0,250.0,11050.0,INR,Available,False
2026-08-28T10:30:00,2026-08-28,Airline Direct,IndiGo,BOM,BLR,BOM-BLR,0.127,2026-09-04,T+7,Economy,6380.0,1200.0,630.0,250.0,8460.0,INR,Available,False
2026-08-28T10:30:00,2026-08-28,Airline Direct,IndiGo,BOM,BLR,BOM-BLR,0.127,2026-09-12,T+15,Economy,5600.0,1060.0,540.0,250.0,7450.0,INR,Available,False
2026-08-28T10:30:00,2026-08-28,Airline Direct,IndiGo,BOM,BLR,BOM-BLR,0.127,2026-09-27,T+30,Economy,4540.0,960.0,510.0,250.0,6260.0,INR,Available,False
2026-08-28T10:30:00,2026-08-28,Airline Direct,IndiGo,BOM,BLR,BOM-BLR,0.127,2026-10-12,T+45,Economy,4200.0,890.0,440.0,250.0,5780.0,INR,Available,False
2026-08-28T10:30:00,2026-08-28,Airline Direct,Air India,BOM,BLR,BOM-BLR,0.127,2026-08-29,T+1,Economy,7870.0,1430.0,750.0,300.0,10350.0,INR,Available,False
2026-08-28T10:30:00,2026-08-28,Airline Direct,Air India,BOM,BLR,BOM-BLR,0.127,2026-09-04,T+7,Economy,6580.0,1280.0,630.0,300.0,8790.0,INR,Available,False
2026-08-28T10:30:00,2026-08-28,Airline Direct,Air India,BOM,BLR,BOM-BLR,0.127,2026-09-12,T+15,Economy,5900.0,1110.0,530.0,300.0,7840.0,INR,Available,False
2026-08-28T10:30:00,2026-08-28,Airline Direct,Air India,BOM,BLR,BOM-BLR,0.127,2026-09-27,T+30,Economy,5130.0,1060.0,490.0,300.0,6980.0,INR,Available,False
2026-08-28T10:30:00,2026-08-28,Airline Direct,Air India,BOM,BLR,BOM-BLR,0.127,2026-10-12,T+45,Economy,4380.0,850.0,420.0,300.0,5950.0,INR,Available,False
2026-08-28T10:30:00,2026-08-28,OTA Aggregator,Air India Express,BOM,BLR,BOM-BLR,0.127,2026-08-29,T+1,Economy,7300.0,1360.0,690.0,300.0,9650.0,INR,Available,False
2026-08-28T10:30:00,2026-08-28,OTA Aggregator,Air India Express,BOM,BLR,BOM-BLR,0.127,2026-09-04,T+7,Economy,5620.0,1010.0,570.0,300.0,7500.0,INR,Available,False
2026-08-28T10:30:00,2026-08-28,OTA Aggregator,Air India Express,BOM,BLR,BOM-BLR,0.127,2026-09-12,T+15,Economy,5050.0,1040.0,530.0,300.0,6920.0,INR,Available,False
2026-08-28T10:30:00,2026-08-28,OTA Aggregator,Air India Express,BOM,BLR,BOM-BLR,0.127,2026-09-27,T+30,Economy,4310.0,910.0,490.0,300.0,6010.0,INR,Available,False
2026-08-28T10:30:00,2026-08-28,OTA Aggregator,Air India Express,BOM,BLR,BOM-BLR,0.127,2026-10-12,T+45,Economy,3830.0,730.0,400.0,300.0,5260.0,INR,Available,False
2026-08-28T10:30:00,2026-08-28,OTA Aggregator,Akasa Air,BOM,BLR,BOM-BLR,0.127,2026-08-29,T+1,Economy,7470.0,1300.0,650.0,300.0,9720.0,INR,Available,False
2026-08-28T10:30:00,2026-08-28,OTA Aggregator,Akasa Air,BOM,BLR,BOM-BLR,0.127,2026-09-04,T+7,Economy,5760.0,1100.0,550.0,300.0,7710.0,INR,Available,False
2026-08-28T10:30:00,2026-08-28,OTA Aggregator,Akasa Air,BOM,BLR,BOM-BLR,0.127,2026-09-12,T+15,Economy,4840.0,890.0,510.0,300.0,6540.0,INR,Available,False
2026-08-28T10:30:00,2026-08-28,OTA Aggregator,Akasa Air,BOM,BLR,BOM-BLR,0.127,2026-09-27,T+30,Economy,4070.0,850.0,430.0,300.0,5650.0,INR,Available,False
2026-08-28T10:30:00,2026-08-28,OTA Aggregator,Akasa Air,BOM,BLR,BOM-BLR,0.127,2026-10-12,T+45,Economy,3780.0,760.0,420.0,300.0,5260.0,INR,Available,False
2026-08-28T10:30:00,2026-08-28,OTA Aggregator,SpiceJet,BOM,BLR,BOM-BLR,0.127,2026-08-29,T+1,Economy,7810.0,1370.0,750.0,250.0,10180.0,INR,Available,False
2026-08-28T10:30:00,2026-08-28,OTA Aggregator,SpiceJet,BOM,BLR,BOM-BLR,0.127,2026-09-04,T+7,Economy,5720.0,1120.0,530.0,250.0,7620.0,INR,Available,False
2026-08-28T10:30:00,2026-08-28,OTA Aggregator,SpiceJet,BOM,BLR,BOM-BLR,0.127,2026-09-12,T+15,Economy,4860.0,980.0,450.0,250.0,6540.0,INR,Available,False
2026-08-28T10:30:00,2026-08-28,OTA Aggregator,SpiceJet,BOM,BLR,BOM-BLR,0.127,2026-09-27,T+30,Economy,4500.0,900.0,410.0,250.0,6060.0,INR,Available,False
2026-08-28T10:30:00,2026-08-28,OTA Aggregator,SpiceJet,BOM,BLR,BOM-BLR,0.127,2026-10-12,T+45,Economy,3890.0,790.0,400.0,250.0,5330.0,INR,Available,False
2026-08-28T10:30:00,2026-08-28,Airline Direct,IndiGo,DEL,CCU,DEL-CCU,0.113,2026-08-29,T+1,Economy,7460.0,1300.0,680.0,250.0,9690.0,INR,Available,False
2026-08-28T10:30:00,2026-08-28,Airline Direct,IndiGo,DEL,CCU,DEL-CCU,0.113,2026-09-04,T+7,Economy,5650.0,1110.0,540.0,250.0,7550.0,INR,Available,False
2026-08-28T10:30:00,2026-08-28,Airline Direct,IndiGo,DEL,CCU,DEL-CCU,0.113,2026-09-12,T+15,Economy,5160.0,990.0,520.0,250.0,6920.0,INR,Available,False
2026-08-28T10:30:00,2026-08-28,Airline Direct,IndiGo,DEL,CCU,DEL-CCU,0.113,2026-09-27,T+30,Economy,4300.0,930.0,490.0,250.0,5970.0,INR,Available,False
2026-08-28T10:30:00,2026-08-28,Airline Direct,IndiGo,DEL,CCU,DEL-CCU,0.113,2026-10-12,T+45,Economy,3890.0,800.0,410.0,250.0,5350.0,INR,Available,False
2026-08-28T10:30:00,2026-08-28,Airline Direct,Air India,DEL,CCU,DEL-CCU,0.113,2026-08-29,T+1,Economy,8330.0,1560.0,790.0,300.0,10980.0,INR,Available,False
2026-08-28T10:30:00,2026-08-28,Airline Direct,Air India,DEL,CCU,DEL-CCU,0.113,2026-09-04,T+7,Economy,6700.0,1250.0,630.0,300.0,8880.0,INR,Available,False
2026-08-28T10:30:00,2026-08-28,Airline Direct,Air India,DEL,CCU,DEL-CCU,0.113,2026-09-12,T+15,Economy,5200.0,1000.0,470.0,300.0,6970.0,INR,Available,False
2026-08-28T10:30:00,2026-08-28,Airline Direct,Air India,DEL,CCU,DEL-CCU,0.113,2026-09-27,T+30,Economy,4980.0,920.0,500.0,300.0,6700.0,INR,Available,False
2026-08-28T10:30:00,2026-08-28,Airline Direct,Air India,DEL,CCU,DEL-CCU,0.113,2026-10-12,T+45,Economy,4180.0,850.0,420.0,300.0,5750.0,INR,Available,False
2026-08-28T10:30:00,2026-08-28,OTA Aggregator,Air India Express,DEL,CCU,DEL-CCU,0.113,2026-08-29,T+1,Economy,7100.0,1380.0,700.0,300.0,9480.0,INR,Available,False
2026-08-28T10:30:00,2026-08-28,OTA Aggregator,Air India Express,DEL,CCU,DEL-CCU,0.113,2026-09-04,T+7,Economy,5370.0,1010.0,580.0,300.0,7260.0,INR,Available,False
2026-08-28T10:30:00,2026-08-28,OTA Aggregator,Air India Express,DEL,CCU,DEL-CCU,0.113,2026-09-12,T+15,Economy,4480.0,860.0,430.0,300.0,6070.0,INR,Available,False
2026-08-28T10:30:00,2026-08-28,OTA Aggregator,Air India Express,DEL,CCU,DEL-CCU,0.113,2026-09-27,T+30,Economy,4110.0,790.0,450.0,300.0,5650.0,INR,Available,False
2026-08-28T10:30:00,2026-08-28,OTA Aggregator,Air India Express,DEL,CCU,DEL-CCU,0.113,2026-10-12,T+45,Economy,3660.0,690.0,430.0,300.0,5080.0,INR,Available,False
2026-08-28T10:30:00,2026-08-28,OTA Aggregator,Akasa Air,DEL,CCU,DEL-CCU,0.113,2026-08-29,T+1,Economy,6330.0,1260.0,620.0,300.0,8510.0,INR,Available,False
2026-08-28T10:30:00,2026-08-28,OTA Aggregator,Akasa Air,DEL,CCU,DEL-CCU,0.113,2026-09-04,T+7,Economy,5340.0,970.0,530.0,300.0,7140.0,INR,Available,False
2026-08-28T10:30:00,2026-08-28,OTA Aggregator,Akasa Air,DEL,CCU,DEL-CCU,0.113,2026-09-12,T+15,Economy,4880.0,970.0,440.0,300.0,6590.0,INR,Available,False
2026-08-28T10:30:00,2026-08-28,OTA Aggregator,Akasa Air,DEL,CCU,DEL-CCU,0.113,2026-09-27,T+30,Economy,4450.0,920.0,480.0,300.0,6150.0,INR,Available,False
2026-08-28T10:30:00,2026-08-28,OTA Aggregator,Akasa Air,DEL,CCU,DEL-CCU,0.113,2026-10-12,T+45,Economy,3730.0,780.0,420.0,300.0,5230.0,INR,Available,False
2026-08-28T10:30:00,2026-08-28,OTA Aggregator,SpiceJet,DEL,CCU,DEL-CCU,0.113,2026-08-29,T+1,Economy,6960.0,1310.0,630.0,250.0,9150.0,INR,Available,False
2026-08-28T10:30:00,2026-08-28,OTA Aggregator,SpiceJet,DEL,CCU,DEL-CCU,0.113,2026-09-04,T+7,Economy,5860.0,1140.0,530.0,250.0,7780.0,INR,Available,False
2026-08-28T10:30:00,2026-08-28,OTA Aggregator,SpiceJet,DEL,CCU,DEL-CCU,0.113,2026-09-12,T+15,Economy,4740.0,950.0,530.0,250.0,6470.0,INR,Available,False
2026-08-28T10:30:00,2026-08-28,OTA Aggregator,SpiceJet,DEL,CCU,DEL-CCU,0.113,2026-09-27,T+30,Economy,4140.0,870.0,460.0,250.0,5720.0,INR,Available,False
2026-08-28T10:30:00,2026-08-28,OTA Aggregator,SpiceJet,DEL,CCU,DEL-CCU,0.113,2026-10-12,T+45,Economy,3770.0,750.0,380.0,250.0,5150.0,INR,Available,False
2026-08-28T10:30:00,2026-08-28,Airline Direct,IndiGo,BLR,HYD,BLR-HYD,0.098,2026-08-29,T+1,Economy,5640.0,1090.0,510.0,250.0,7490.0,INR,Available,False
2026-08-28T10:30:00,2026-08-28,Airline Direct,IndiGo,BLR,HYD,BLR-HYD,0.098,2026-09-04,T+7,Economy,4500.0,940.0,470.0,250.0,6160.0,INR,Available,False
2026-08-28T10:30:00,2026-08-28,Airline Direct,IndiGo,BLR,HYD,BLR-HYD,0.098,2026-09-12,T+15,Economy,3780.0,720.0,390.0,250.0,5140.0,INR,Available,False
2026-08-28T10:30:00,2026-08-28,Airline Direct,IndiGo,BLR,HYD,BLR-HYD,0.098,2026-09-27,T+30,Economy,3300.0,740.0,360.0,250.0,4650.0,INR,Available,False
2026-08-28T10:30:00,2026-08-28,Airline Direct,IndiGo,BLR,HYD,BLR-HYD,0.098,2026-10-12,T+45,Economy,3060.0,670.0,320.0,250.0,4300.0,INR,Available,False
2026-08-28T10:30:00,2026-08-28,Airline Direct,Air India,BLR,HYD,BLR-HYD,0.098,2026-08-29,T+1,Economy,6230.0,1150.0,580.0,300.0,8260.0,INR,Available,False
2026-08-28T10:30:00,2026-08-28,Airline Direct,Air India,BLR,HYD,BLR-HYD,0.098,2026-09-04,T+7,Economy,4840.0,1010.0,470.0,300.0,6620.0,INR,Available,False
2026-08-28T10:30:00,2026-08-28,Airline Direct,Air India,BLR,HYD,BLR-HYD,0.098,2026-09-12,T+15,Economy,3840.0,740.0,440.0,300.0,5320.0,INR,Available,False
2026-08-28T10:30:00,2026-08-28,Airline Direct,Air India,BLR,HYD,BLR-HYD,0.098,2026-09-27,T+30,Economy,3530.0,690.0,350.0,300.0,4870.0,INR,Available,False
2026-08-28T10:30:00,2026-08-28,Airline Direct,Air India,BLR,HYD,BLR-HYD,0.098,2026-10-12,T+45,Economy,3240.0,700.0,370.0,300.0,4610.0,INR,Available,False
2026-08-28T10:30:00,2026-08-28,OTA Aggregator,Air India Express,BLR,HYD,BLR-HYD,0.098,2026-08-29,T+1,Economy,5690.0,1080.0,570.0,300.0,7640.0,INR,Available,False
2026-08-28T10:30:00,2026-08-28,OTA Aggregator,Air India Express,BLR,HYD,BLR-HYD,0.098,2026-09-04,T+7,Economy,3970.0,800.0,440.0,300.0,5510.0,INR,Available,False
2026-08-28T10:30:00,2026-08-28,OTA Aggregator,Air India Express,BLR,HYD,BLR-HYD,0.098,2026-09-12,T+15,Economy,3200.0,660.0,350.0,300.0,4510.0,INR,Available,False
2026-08-28T10:30:00,2026-08-28,OTA Aggregator,Air India Express,BLR,HYD,BLR-HYD,0.098,2026-09-27,T+30,Economy,2930.0,570.0,350.0,300.0,4150.0,INR,Available,False
2026-08-28T10:30:00,2026-08-28,OTA Aggregator,Air India Express,BLR,HYD,BLR-HYD,0.098,2026-10-12,T+45,Economy,2710.0,540.0,370.0,300.0,3920.0,INR,Available,False
2026-08-28T10:30:00,2026-08-28,OTA Aggregator,Akasa Air,BLR,HYD,BLR-HYD,0.098,2026-08-29,T+1,Economy,5530.0,1000.0,530.0,300.0,7360.0,INR,Available,False
2026-08-28T10:30:00,2026-08-28,OTA Aggregator,Akasa Air,BLR,HYD,BLR-HYD,0.098,2026-09-04,T+7,Economy,4000.0,830.0,410.0,300.0,5540.0,INR,Available,False
2026-08-28T10:30:00,2026-08-28,OTA Aggregator,Akasa Air,BLR,HYD,BLR-HYD,0.098,2026-09-12,T+15,Economy,3640.0,700.0,370.0,300.0,5010.0,INR,Available,False
2026-08-28T10:30:00,2026-08-28,OTA Aggregator,Akasa Air,BLR,HYD,BLR-HYD,0.098,2026-09-27,T+30,Economy,3140.0,620.0,320.0,300.0,4380.0,INR,Available,False
2026-08-28T10:30:00,2026-08-28,OTA Aggregator,Akasa Air,BLR,HYD,BLR-HYD,0.098,2026-10-12,T+45,Economy,2960.0,670.0,370.0,300.0,4300.0,INR,Available,False
2026-08-28T10:30:00,2026-08-28,OTA Aggregator,SpiceJet,BLR,HYD,BLR-HYD,0.098,2026-08-29,T+1,Economy,5670.0,1050.0,510.0,250.0,7480.0,INR,Available,False
2026-08-28T10:30:00,2026-08-28,OTA Aggregator,SpiceJet,BLR,HYD,BLR-HYD,0.098,2026-09-04,T+7,Economy,3960.0,850.0,410.0,250.0,5470.0,INR,Available,False
2026-08-28T10:30:00,2026-08-28,OTA Aggregator,SpiceJet,BLR,HYD,BLR-HYD,0.098,2026-09-12,T+15,Economy,3660.0,810.0,370.0,250.0,5090.0,INR,Available,False
2026-08-28T10:30:00,2026-08-28,OTA Aggregator,SpiceJet,BLR,HYD,BLR-HYD,0.098,2026-09-27,T+30,Economy,3220.0,640.0,400.0,250.0,4510.0,INR,Available,False
2026-08-28T10:30:00,2026-08-28,OTA Aggregator,SpiceJet,BLR,HYD,BLR-HYD,0.098,2026-10-12,T+45,Economy,2950.0,570.0,320.0,250.0,4090.0,INR,Available,False
2026-08-28T10:30:00,2026-08-28,Airline Direct,IndiGo,MAA,DEL,MAA-DEL,0.086,2026-08-29,T+1,Economy,8690.0,1500.0,800.0,250.0,11240.0,INR,Available,False
2026-08-28T10:30:00,2026-08-28,Airline Direct,IndiGo,MAA,DEL,MAA-DEL,0.086,2026-09-04,T+7,Economy,6510.0,1180.0,600.0,250.0,8540.0,INR,Available,False
2026-08-28T10:30:00,2026-08-28,Airline Direct,IndiGo,MAA,DEL,MAA-DEL,0.086,2026-09-12,T+15,Economy,5600.0,1010.0,560.0,250.0,7420.0,INR,Available,False
2026-08-28T10:30:00,2026-08-28,Airline Direct,IndiGo,MAA,DEL,MAA-DEL,0.086,2026-09-27,T+30,Economy,4740.0,990.0,480.0,250.0,6460.0,INR,Available,False
2026-08-28T10:30:00,2026-08-28,Airline Direct,IndiGo,MAA,DEL,MAA-DEL,0.086,2026-10-12,T+45,Economy,4340.0,850.0,470.0,250.0,5910.0,INR,Available,False
2026-08-28T10:30:00,2026-08-28,Airline Direct,Air India,MAA,DEL,MAA-DEL,0.086,2026-08-29,T+1,Economy,9910.0,1800.0,940.0,300.0,12950.0,INR,Available,False
2026-08-28T10:30:00,2026-08-28,Airline Direct,Air India,MAA,DEL,MAA-DEL,0.086,2026-09-04,T+7,Economy,6860.0,1340.0,630.0,300.0,9130.0,INR,Available,False
2026-08-28T10:30:00,2026-08-28,Airline Direct,Air India,MAA,DEL,MAA-DEL,0.086,2026-09-12,T+15,Economy,5750.0,1130.0,540.0,300.0,7720.0,INR,Available,False
2026-08-28T10:30:00,2026-08-28,Airline Direct,Air India,MAA,DEL,MAA-DEL,0.086,2026-09-27,T+30,Economy,5230.0,980.0,560.0,300.0,7070.0,INR,Available,False
2026-08-28T10:30:00,2026-08-28,Airline Direct,Air India,MAA,DEL,MAA-DEL,0.086,2026-10-12,T+45,Economy,4960.0,910.0,490.0,300.0,6660.0,INR,Available,False
2026-08-28T10:30:00,2026-08-28,OTA Aggregator,Air India Express,MAA,DEL,MAA-DEL,0.086,2026-08-29,T+1,Economy,7440.0,1420.0,670.0,300.0,9830.0,INR,Available,False
2026-08-28T10:30:00,2026-08-28,OTA Aggregator,Air India Express,MAA,DEL,MAA-DEL,0.086,2026-09-04,T+7,Economy,5940.0,1150.0,570.0,300.0,7960.0,INR,Available,False
2026-08-28T10:30:00,2026-08-28,OTA Aggregator,Air India Express,MAA,DEL,MAA-DEL,0.086,2026-09-12,T+15,Economy,5280.0,960.0,540.0,300.0,7080.0,INR,Available,False
2026-08-28T10:30:00,2026-08-28,OTA Aggregator,Air India Express,MAA,DEL,MAA-DEL,0.086,2026-09-27,T+30,Economy,4390.0,860.0,470.0,300.0,6020.0,INR,Available,False
2026-08-28T10:30:00,2026-08-28,OTA Aggregator,Air India Express,MAA,DEL,MAA-DEL,0.086,2026-10-12,T+45,Economy,4050.0,780.0,390.0,300.0,5520.0,INR,Available,False
2026-08-28T10:30:00,2026-08-28,OTA Aggregator,Akasa Air,MAA,DEL,MAA-DEL,0.086,2026-08-29,T+1,Economy,8020.0,1420.0,700.0,300.0,10440.0,INR,Available,False
2026-08-28T10:30:00,2026-08-28,OTA Aggregator,Akasa Air,MAA,DEL,MAA-DEL,0.086,2026-09-04,T+7,Economy,6130.0,1150.0,620.0,300.0,8200.0,INR,Available,False
2026-08-28T10:30:00,2026-08-28,OTA Aggregator,Akasa Air,MAA,DEL,MAA-DEL,0.086,2026-09-12,T+15,Economy,5400.0,970.0,580.0,300.0,7250.0,INR,Available,False
2026-08-28T10:30:00,2026-08-28,OTA Aggregator,Akasa Air,MAA,DEL,MAA-DEL,0.086,2026-09-27,T+30,Economy,4650.0,900.0,520.0,300.0,6370.0,INR,Available,False
2026-08-28T10:30:00,2026-08-28,OTA Aggregator,Akasa Air,MAA,DEL,MAA-DEL,0.086,2026-10-12,T+45,Economy,4190.0,820.0,420.0,300.0,5730.0,INR,Available,False
2026-08-28T10:30:00,2026-08-28,OTA Aggregator,SpiceJet,MAA,DEL,MAA-DEL,0.086,2026-08-29,T+1,Economy,7720.0,1450.0,770.0,250.0,10190.0,INR,Available,False
2026-08-28T10:30:00,2026-08-28,OTA Aggregator,SpiceJet,MAA,DEL,MAA-DEL,0.086,2026-09-04,T+7,Economy,6160.0,1100.0,640.0,250.0,8150.0,INR,Available,False
2026-08-28T10:30:00,2026-08-28,OTA Aggregator,SpiceJet,MAA,DEL,MAA-DEL,0.086,2026-09-12,T+15,Economy,5810.0,1110.0,580.0,250.0,7750.0,INR,Available,False
2026-08-28T10:30:00,2026-08-28,OTA Aggregator,SpiceJet,MAA,DEL,MAA-DEL,0.086,2026-09-27,T+30,Economy,4870.0,1020.0,460.0,250.0,6600.0,INR,Available,False
2026-08-28T10:30:00,2026-08-28,OTA Aggregator,SpiceJet,MAA,DEL,MAA-DEL,0.086,2026-10-12,T+45,Economy,3970.0,780.0,380.0,250.0,5380.0,INR,Available,False
2026-08-28T10:30:00,2026-08-28,Airline Direct,IndiGo,BOM,DEL,BOM-DEL,0.135,2026-08-29,T+1,Economy,9400.0,1660.0,810.0,250.0,12120.0,INR,Available,False
2026-08-28T10:30:00,2026-08-28,Airline Direct,IndiGo,BOM,DEL,BOM-DEL,0.135,2026-09-04,T+7,Economy,7190.0,1390.0,720.0,250.0,9550.0,INR,Available,False
2026-08-28T10:30:00,2026-08-28,Airline Direct,IndiGo,BOM,DEL,BOM-DEL,0.135,2026-09-12,T+15,Economy,6440.0,1220.0,590.0,250.0,8500.0,INR,Available,False
2026-08-28T10:30:00,2026-08-28,Airline Direct,IndiGo,BOM,DEL,BOM-DEL,0.135,2026-09-27,T+30,Economy,5240.0,980.0,520.0,250.0,6990.0,INR,Available,False
2026-08-28T10:30:00,2026-08-28,Airline Direct,IndiGo,BOM,DEL,BOM-DEL,0.135,2026-10-12,T+45,Economy,4690.0,970.0,470.0,250.0,6380.0,INR,Available,False
2026-08-28T10:30:00,2026-08-28,Airline Direct,Air India,BOM,DEL,BOM-DEL,0.135,2026-08-29,T+1,Economy,10010.0,1730.0,900.0,300.0,12940.0,INR,Available,False
2026-08-28T10:30:00,2026-08-28,Airline Direct,Air India,BOM,DEL,BOM-DEL,0.135,2026-09-04,T+7,Economy,7980.0,1490.0,770.0,300.0,10540.0,INR,Available,False
2026-08-28T10:30:00,2026-08-28,Airline Direct,Air India,BOM,DEL,BOM-DEL,0.135,2026-09-12,T+15,Economy,6260.0,1150.0,620.0,300.0,8330.0,INR,Available,False
2026-08-28T10:30:00,2026-08-28,Airline Direct,Air India,BOM,DEL,BOM-DEL,0.135,2026-09-27,T+30,Economy,5890.0,1060.0,590.0,300.0,7840.0,INR,Available,False
2026-08-28T10:30:00,2026-08-28,Airline Direct,Air India,BOM,DEL,BOM-DEL,0.135,2026-10-12,T+45,Economy,5490.0,990.0,580.0,300.0,7360.0,INR,Available,False
2026-08-28T10:30:00,2026-08-28,OTA Aggregator,Air India Express,BOM,DEL,BOM-DEL,0.135,2026-08-29,T+1,Economy,9990.0,1760.0,940.0,300.0,12990.0,INR,Available,True
2026-08-28T10:30:00,2026-08-28,OTA Aggregator,Air India Express,BOM,DEL,BOM-DEL,0.135,2026-09-04,T+7,Economy,6810.0,1190.0,640.0,300.0,8940.0,INR,Available,False
2026-08-28T10:30:00,2026-08-28,OTA Aggregator,Air India Express,BOM,DEL,BOM-DEL,0.135,2026-09-12,T+15,Economy,5700.0,1080.0,560.0,300.0,7640.0,INR,Available,False
2026-08-28T10:30:00,2026-08-28,OTA Aggregator,Air India Express,BOM,DEL,BOM-DEL,0.135,2026-09-27,T+30,Economy,5100.0,990.0,470.0,300.0,6860.0,INR,Available,False
2026-08-28T10:30:00,2026-08-28,OTA Aggregator,Air India Express,BOM,DEL,BOM-DEL,0.135,2026-10-12,T+45,Economy,4590.0,970.0,430.0,300.0,6290.0,INR,Available,False
2026-08-28T10:30:00,2026-08-28,OTA Aggregator,Akasa Air,BOM,DEL,BOM-DEL,0.135,2026-08-29,T+1,Economy,8850.0,1570.0,840.0,300.0,11560.0,INR,Available,False
2026-08-28T10:30:00,2026-08-28,OTA Aggregator,Akasa Air,BOM,DEL,BOM-DEL,0.135,2026-09-04,T+7,Economy,7020.0,1230.0,710.0,300.0,9260.0,INR,Available,False
2026-08-28T10:30:00,2026-08-28,OTA Aggregator,Akasa Air,BOM,DEL,BOM-DEL,0.135,2026-09-12,T+15,Economy,5790.0,1110.0,580.0,300.0,7780.0,INR,Available,False
2026-08-28T10:30:00,2026-08-28,OTA Aggregator,Akasa Air,BOM,DEL,BOM-DEL,0.135,2026-09-27,T+30,Economy,5320.0,980.0,480.0,300.0,7080.0,INR,Available,False
2026-08-28T10:30:00,2026-08-28,OTA Aggregator,Akasa Air,BOM,DEL,BOM-DEL,0.135,2026-10-12,T+45,Economy,4590.0,890.0,500.0,300.0,6280.0,INR,Available,False
2026-08-28T10:30:00,2026-08-28,OTA Aggregator,SpiceJet,BOM,DEL,BOM-DEL,0.135,2026-08-29,T+1,Economy,9140.0,1580.0,870.0,250.0,11840.0,INR,Available,False
2026-08-28T10:30:00,2026-08-28,OTA Aggregator,SpiceJet,BOM,DEL,BOM-DEL,0.135,2026-09-04,T+7,Economy,7420.0,1410.0,710.0,250.0,9790.0,INR,Available,False
2026-08-28T10:30:00,2026-08-28,OTA Aggregator,SpiceJet,BOM,DEL,BOM-DEL,0.135,2026-09-12,T+15,Economy,6090.0,1210.0,600.0,250.0,8150.0,INR,Available,False
2026-08-28T10:30:00,2026-08-28,OTA Aggregator,SpiceJet,BOM,DEL,BOM-DEL,0.135,2026-09-27,T+30,Economy,5200.0,990.0,530.0,250.0,6970.0,INR,Available,False
2026-08-28T10:30:00,2026-08-28,OTA Aggregator,SpiceJet,BOM,DEL,BOM-DEL,0.135,2026-10-12,T+45,Economy,4470.0,860.0,450.0,250.0,6030.0,INR,Available,False
2026-08-28T10:30:00,2026-08-28,Airline Direct,IndiGo,HYD,DEL,HYD-DEL,0.105,2026-08-29,T+1,Economy,7450.0,1360.0,670.0,250.0,9730.0,INR,Available,False
2026-08-28T10:30:00,2026-08-28,Airline Direct,IndiGo,HYD,DEL,HYD-DEL,0.105,2026-09-04,T+7,Economy,5520.0,990.0,530.0,250.0,7290.0,INR,Available,False
2026-08-28T10:30:00,2026-08-28,Airline Direct,IndiGo,HYD,DEL,HYD-DEL,0.105,2026-09-12,T+15,Economy,4930.0,1020.0,520.0,250.0,6720.0,INR,Available,False
2026-08-28T10:30:00,2026-08-28,Airline Direct,IndiGo,HYD,DEL,HYD-DEL,0.105,2026-09-27,T+30,Economy,4130.0,770.0,480.0,250.0,5630.0,INR,Available,False
2026-08-28T10:30:00,2026-08-28,Airline Direct,IndiGo,HYD,DEL,HYD-DEL,0.105,2026-10-12,T+45,Economy,3720.0,730.0,350.0,250.0,5050.0,INR,Available,False
2026-08-28T10:30:00,2026-08-28,Airline Direct,Air India,HYD,DEL,HYD-DEL,0.105,2026-08-29,T+1,Economy,7160.0,1370.0,710.0,300.0,9540.0,INR,Available,False
2026-08-28T10:30:00,2026-08-28,Airline Direct,Air India,HYD,DEL,HYD-DEL,0.105,2026-09-04,T+7,Economy,5740.0,1080.0,550.0,300.0,7670.0,INR,Available,False
2026-08-28T10:30:00,2026-08-28,Airline Direct,Air India,HYD,DEL,HYD-DEL,0.105,2026-09-12,T+15,Economy,4950.0,1000.0,500.0,300.0,6750.0,INR,Available,False
2026-08-28T10:30:00,2026-08-28,Airline Direct,Air India,HYD,DEL,HYD-DEL,0.105,2026-09-27,T+30,Economy,4420.0,840.0,460.0,300.0,6020.0,INR,Available,False
2026-08-28T10:30:00,2026-08-28,Airline Direct,Air India,HYD,DEL,HYD-DEL,0.105,2026-10-12,T+45,Economy,4000.0,860.0,420.0,300.0,5580.0,INR,Available,False
2026-08-28T10:30:00,2026-08-28,OTA Aggregator,Air India Express,HYD,DEL,HYD-DEL,0.105,2026-08-29,T+1,Economy,6250.0,1210.0,570.0,300.0,8330.0,INR,Available,False
2026-08-28T10:30:00,2026-08-28,OTA Aggregator,Air India Express,HYD,DEL,HYD-DEL,0.105,2026-09-04,T+7,Economy,5020.0,970.0,540.0,300.0,6830.0,INR,Available,False
2026-08-28T10:30:00,2026-08-28,OTA Aggregator,Air India Express,HYD,DEL,HYD-DEL,0.105,2026-09-12,T+15,Economy,4560.0,940.0,420.0,300.0,6220.0,INR,Available,False
2026-08-28T10:30:00,2026-08-28,OTA Aggregator,Air India Express,HYD,DEL,HYD-DEL,0.105,2026-09-27,T+30,Economy,3830.0,720.0,410.0,300.0,5260.0,INR,Available,False
2026-08-28T10:30:00,2026-08-28,OTA Aggregator,Air India Express,HYD,DEL,HYD-DEL,0.105,2026-10-12,T+45,Economy,3390.0,750.0,380.0,300.0,4820.0,INR,Available,False
2026-08-28T10:30:00,2026-08-28,OTA Aggregator,Akasa Air,HYD,DEL,HYD-DEL,0.105,2026-08-29,T+1,Economy,6870.0,1320.0,660.0,300.0,9150.0,INR,Available,False
2026-08-28T10:30:00,2026-08-28,OTA Aggregator,Akasa Air,HYD,DEL,HYD-DEL,0.105,2026-09-04,T+7,Economy,5320.0,1010.0,520.0,300.0,7150.0,INR,Available,False
2026-08-28T10:30:00,2026-08-28,OTA Aggregator,Akasa Air,HYD,DEL,HYD-DEL,0.105,2026-09-12,T+15,Economy,4490.0,860.0,440.0,300.0,6090.0,INR,Available,False
2026-08-28T10:30:00,2026-08-28,OTA Aggregator,Akasa Air,HYD,DEL,HYD-DEL,0.105,2026-09-27,T+30,Economy,3870.0,860.0,420.0,300.0,5450.0,INR,Available,False
2026-08-28T10:30:00,2026-08-28,OTA Aggregator,Akasa Air,HYD,DEL,HYD-DEL,0.105,2026-10-12,T+45,Economy,3580.0,820.0,420.0,300.0,5120.0,INR,Available,False
2026-08-28T10:30:00,2026-08-28,OTA Aggregator,SpiceJet,HYD,DEL,HYD-DEL,0.105,2026-08-29,T+1,Economy,6580.0,1180.0,660.0,250.0,8670.0,INR,Available,False
2026-08-28T10:30:00,2026-08-28,OTA Aggregator,SpiceJet,HYD,DEL,HYD-DEL,0.105,2026-09-04,T+7,Economy,5450.0,1020.0,490.0,250.0,7210.0,INR,Available,False
2026-08-28T10:30:00,2026-08-28,OTA Aggregator,SpiceJet,HYD,DEL,HYD-DEL,0.105,2026-09-12,T+15,Economy,4500.0,890.0,440.0,250.0,6080.0,INR,Available,False
2026-08-28T10:30:00,2026-08-28,OTA Aggregator,SpiceJet,HYD,DEL,HYD-DEL,0.105,2026-09-27,T+30,Economy,4000.0,810.0,450.0,250.0,5510.0,INR,Available,False
2026-08-28T10:30:00,2026-08-28,OTA Aggregator,SpiceJet,HYD,DEL,HYD-DEL,0.105,2026-10-12,T+45,Economy,3630.0,810.0,410.0,250.0,5100.0,INR,Available,False
2026-08-29T10:30:00,2026-08-29,Airline Direct,IndiGo,DEL,BOM,DEL-BOM,0.182,2026-08-30,T+1,Economy,11360.0,1960.0,1040.0,300.0,14660.0,INR,Available,False
2026-08-29T10:30:00,2026-08-29,Airline Direct,IndiGo,DEL,BOM,DEL-BOM,0.182,2026-09-05,T+7,Economy,8140.0,1540.0,750.0,300.0,10730.0,INR,Available,False
2026-08-29T10:30:00,2026-08-29,Airline Direct,IndiGo,DEL,BOM,DEL-BOM,0.182,2026-09-13,T+15,Economy,7150.0,1340.0,680.0,300.0,9470.0,INR,Available,False
2026-08-29T10:30:00,2026-08-29,Airline Direct,IndiGo,DEL,BOM,DEL-BOM,0.182,2026-09-28,T+30,Economy,6190.0,1220.0,590.0,300.0,8300.0,INR,Available,False
2026-08-29T10:30:00,2026-08-29,Airline Direct,IndiGo,DEL,BOM,DEL-BOM,0.182,2026-10-13,T+45,Economy,5690.0,1030.0,510.0,300.0,7530.0,INR,Available,False
2026-08-29T10:30:00,2026-08-29,Airline Direct,Air India,DEL,BOM,DEL-BOM,0.182,2026-08-30,T+1,Economy,11520.0,1970.0,1050.0,250.0,14790.0,INR,Available,False
2026-08-29T10:30:00,2026-08-29,Airline Direct,Air India,DEL,BOM,DEL-BOM,0.182,2026-09-05,T+7,Economy,8920.0,1550.0,830.0,250.0,11550.0,INR,Available,False
2026-08-29T10:30:00,2026-08-29,Airline Direct,Air India,DEL,BOM,DEL-BOM,0.182,2026-09-13,T+15,Economy,7680.0,1460.0,710.0,250.0,10100.0,INR,Available,False
2026-08-29T10:30:00,2026-08-29,Airline Direct,Air India,DEL,BOM,DEL-BOM,0.182,2026-09-28,T+30,Economy,6170.0,1100.0,630.0,250.0,8150.0,INR,Available,False
2026-08-29T10:30:00,2026-08-29,Airline Direct,Air India,DEL,BOM,DEL-BOM,0.182,2026-10-13,T+45,Economy,5520.0,1110.0,590.0,250.0,7470.0,INR,Available,False
2026-08-29T10:30:00,2026-08-29,OTA Aggregator,Air India Express,DEL,BOM,DEL-BOM,0.182,2026-08-30,T+1,Economy,10170.0,1830.0,930.0,250.0,13180.0,INR,Available,False
2026-08-29T10:30:00,2026-08-29,OTA Aggregator,Air India Express,DEL,BOM,DEL-BOM,0.182,2026-09-05,T+7,Economy,7590.0,1450.0,740.0,250.0,10030.0,INR,Available,False
2026-08-29T10:30:00,2026-08-29,OTA Aggregator,Air India Express,DEL,BOM,DEL-BOM,0.182,2026-09-13,T+15,Economy,6420.0,1180.0,570.0,250.0,8420.0,INR,Available,False
2026-08-29T10:30:00,2026-08-29,OTA Aggregator,Air India Express,DEL,BOM,DEL-BOM,0.182,2026-09-28,T+30,Economy,5730.0,1120.0,540.0,250.0,7640.0,INR,Available,False
2026-08-29T10:30:00,2026-08-29,OTA Aggregator,Air India Express,DEL,BOM,DEL-BOM,0.182,2026-10-13,T+45,Economy,5430.0,1110.0,570.0,250.0,7360.0,INR,Available,False
2026-08-29T10:30:00,2026-08-29,OTA Aggregator,Akasa Air,DEL,BOM,DEL-BOM,0.182,2026-08-30,T+1,Economy,9750.0,1720.0,850.0,250.0,12570.0,INR,Available,False
2026-08-29T10:30:00,2026-08-29,OTA Aggregator,Akasa Air,DEL,BOM,DEL-BOM,0.182,2026-09-05,T+7,Economy,7390.0,1430.0,700.0,250.0,9770.0,INR,Available,False
2026-08-29T10:30:00,2026-08-29,OTA Aggregator,Akasa Air,DEL,BOM,DEL-BOM,0.182,2026-09-13,T+15,Economy,6420.0,1150.0,600.0,250.0,8420.0,INR,Available,False
2026-08-29T10:30:00,2026-08-29,OTA Aggregator,Akasa Air,DEL,BOM,DEL-BOM,0.182,2026-09-28,T+30,Economy,5970.0,1060.0,620.0,250.0,7900.0,INR,Available,False
2026-08-29T10:30:00,2026-08-29,OTA Aggregator,Akasa Air,DEL,BOM,DEL-BOM,0.182,2026-10-13,T+45,Economy,5630.0,1040.0,500.0,250.0,7420.0,INR,Available,False
2026-08-29T10:30:00,2026-08-29,OTA Aggregator,SpiceJet,DEL,BOM,DEL-BOM,0.182,2026-08-30,T+1,Economy,10130.0,1730.0,900.0,300.0,13060.0,INR,Available,False
2026-08-29T10:30:00,2026-08-29,OTA Aggregator,SpiceJet,DEL,BOM,DEL-BOM,0.182,2026-09-05,T+7,Economy,7570.0,1400.0,670.0,300.0,9940.0,INR,Available,False
2026-08-29T10:30:00,2026-08-29,OTA Aggregator,SpiceJet,DEL,BOM,DEL-BOM,0.182,2026-09-13,T+15,Economy,6450.0,1160.0,620.0,300.0,8530.0,INR,Available,False
2026-08-29T10:30:00,2026-08-29,OTA Aggregator,SpiceJet,DEL,BOM,DEL-BOM,0.182,2026-09-28,T+30,Economy,5410.0,980.0,490.0,300.0,7180.0,INR,Available,False
2026-08-29T10:30:00,2026-08-29,OTA Aggregator,SpiceJet,DEL,BOM,DEL-BOM,0.182,2026-10-13,T+45,Economy,4990.0,910.0,490.0,300.0,6690.0,INR,Available,False
2026-08-29T10:30:00,2026-08-29,Airline Direct,IndiGo,DEL,BLR,DEL-BLR,0.154,2026-08-30,T+1,Economy,9960.0,1800.0,930.0,300.0,12990.0,INR,Available,False
2026-08-29T10:30:00,2026-08-29,Airline Direct,IndiGo,DEL,BLR,DEL-BLR,0.154,2026-09-05,T+7,Economy,7800.0,1400.0,690.0,300.0,10190.0,INR,Available,False
2026-08-29T10:30:00,2026-08-29,Airline Direct,IndiGo,DEL,BLR,DEL-BLR,0.154,2026-09-13,T+15,Economy,6830.0,1300.0,700.0,300.0,9130.0,INR,Available,False
2026-08-29T10:30:00,2026-08-29,Airline Direct,IndiGo,DEL,BLR,DEL-BLR,0.154,2026-09-28,T+30,Economy,6010.0,1140.0,570.0,300.0,8020.0,INR,Available,False
2026-08-29T10:30:00,2026-08-29,Airline Direct,IndiGo,DEL,BLR,DEL-BLR,0.154,2026-10-13,T+45,Economy,5160.0,990.0,510.0,300.0,6960.0,INR,Available,False
2026-08-29T10:30:00,2026-08-29,Airline Direct,Air India,DEL,BLR,DEL-BLR,0.154,2026-08-30,T+1,Economy,11200.0,2020.0,970.0,250.0,14440.0,INR,Available,False
2026-08-29T10:30:00,2026-08-29,Airline Direct,Air India,DEL,BLR,DEL-BLR,0.154,2026-09-05,T+7,Economy,8050.0,1520.0,730.0,250.0,10550.0,INR,Available,False
2026-08-29T10:30:00,2026-08-29,Airline Direct,Air India,DEL,BLR,DEL-BLR,0.154,2026-09-13,T+15,Economy,7310.0,1320.0,640.0,250.0,9520.0,INR,Available,False
2026-08-29T10:30:00,2026-08-29,Airline Direct,Air India,DEL,BLR,DEL-BLR,0.154,2026-09-28,T+30,Economy,5920.0,1100.0,600.0,250.0,7870.0,INR,Available,False
2026-08-29T10:30:00,2026-08-29,Airline Direct,Air India,DEL,BLR,DEL-BLR,0.154,2026-10-13,T+45,Economy,5840.0,1130.0,590.0,250.0,7810.0,INR,Available,False
2026-08-29T10:30:00,2026-08-29,OTA Aggregator,Air India Express,DEL,BLR,DEL-BLR,0.154,2026-08-30,T+1,Economy,8650.0,1550.0,760.0,250.0,11210.0,INR,Available,False
2026-08-29T10:30:00,2026-08-29,OTA Aggregator,Air India Express,DEL,BLR,DEL-BLR,0.154,2026-09-05,T+7,Economy,6870.0,1310.0,600.0,250.0,9030.0,INR,Available,False
2026-08-29T10:30:00,2026-08-29,OTA Aggregator,Air India Express,DEL,BLR,DEL-BLR,0.154,2026-09-13,T+15,Economy,5610.0,1040.0,580.0,250.0,7480.0,INR,Available,False
2026-08-29T10:30:00,2026-08-29,OTA Aggregator,Air India Express,DEL,BLR,DEL-BLR,0.154,2026-09-28,T+30,Economy,5430.0,1090.0,560.0,250.0,7330.0,INR,Available,False
2026-08-29T10:30:00,2026-08-29,OTA Aggregator,Air India Express,DEL,BLR,DEL-BLR,0.154,2026-10-13,T+45,Economy,4940.0,990.0,490.0,250.0,6670.0,INR,Available,False
2026-08-29T10:30:00,2026-08-29,OTA Aggregator,Akasa Air,DEL,BLR,DEL-BLR,0.154,2026-08-30,T+1,Economy,9330.0,1640.0,870.0,250.0,12090.0,INR,Available,False
2026-08-29T10:30:00,2026-08-29,OTA Aggregator,Akasa Air,DEL,BLR,DEL-BLR,0.154,2026-09-05,T+7,Economy,7260.0,1400.0,650.0,250.0,9560.0,INR,Available,False
2026-08-29T10:30:00,2026-08-29,OTA Aggregator,Akasa Air,DEL,BLR,DEL-BLR,0.154,2026-09-13,T+15,Economy,6070.0,1130.0,600.0,250.0,8050.0,INR,Available,False
2026-08-29T10:30:00,2026-08-29,OTA Aggregator,Akasa Air,DEL,BLR,DEL-BLR,0.154,2026-09-28,T+30,Economy,5400.0,1010.0,570.0,250.0,7230.0,INR,Available,False
2026-08-29T10:30:00,2026-08-29,OTA Aggregator,Akasa Air,DEL,BLR,DEL-BLR,0.154,2026-10-13,T+45,Economy,4780.0,880.0,440.0,250.0,6350.0,INR,Available,False
2026-08-29T10:30:00,2026-08-29,OTA Aggregator,SpiceJet,DEL,BLR,DEL-BLR,0.154,2026-08-30,T+1,Economy,9210.0,1600.0,880.0,300.0,11990.0,INR,Available,False
2026-08-29T10:30:00,2026-08-29,OTA Aggregator,SpiceJet,DEL,BLR,DEL-BLR,0.154,2026-09-05,T+7,Economy,7710.0,1370.0,690.0,300.0,10070.0,INR,Available,False
2026-08-29T10:30:00,2026-08-29,OTA Aggregator,SpiceJet,DEL,BLR,DEL-BLR,0.154,2026-09-13,T+15,Economy,6010.0,1150.0,590.0,300.0,8050.0,INR,Available,False
2026-08-29T10:30:00,2026-08-29,OTA Aggregator,SpiceJet,DEL,BLR,DEL-BLR,0.154,2026-09-28,T+30,Economy,5580.0,1090.0,540.0,300.0,7510.0,INR,Available,False
2026-08-29T10:30:00,2026-08-29,OTA Aggregator,SpiceJet,DEL,BLR,DEL-BLR,0.154,2026-10-13,T+45,Economy,5140.0,1060.0,520.0,300.0,7020.0,INR,Available,False
2026-08-29T10:30:00,2026-08-29,Airline Direct,IndiGo,BOM,BLR,BOM-BLR,0.127,2026-08-30,T+1,Economy,8370.0,1550.0,770.0,300.0,10990.0,INR,Available,False
2026-08-29T10:30:00,2026-08-29,Airline Direct,IndiGo,BOM,BLR,BOM-BLR,0.127,2026-09-05,T+7,Economy,6420.0,1250.0,590.0,300.0,8560.0,INR,Available,False
2026-08-29T10:30:00,2026-08-29,Airline Direct,IndiGo,BOM,BLR,BOM-BLR,0.127,2026-09-13,T+15,Economy,5860.0,1090.0,580.0,300.0,7830.0,INR,Available,False
2026-08-29T10:30:00,2026-08-29,Airline Direct,IndiGo,BOM,BLR,BOM-BLR,0.127,2026-09-28,T+30,Economy,4920.0,900.0,450.0,300.0,6570.0,INR,Available,False
2026-08-29T10:30:00,2026-08-29,Airline Direct,IndiGo,BOM,BLR,BOM-BLR,0.127,2026-10-13,T+45,Economy,4270.0,880.0,470.0,300.0,5920.0,INR,Available,False
2026-08-29T10:30:00,2026-08-29,Airline Direct,Air India,BOM,BLR,BOM-BLR,0.127,2026-08-30,T+1,Economy,9530.0,1650.0,860.0,250.0,12290.0,INR,Available,False
2026-08-29T10:30:00,2026-08-29,Airline Direct,Air India,BOM,BLR,BOM-BLR,0.127,2026-09-05,T+7,Economy,7210.0,1370.0,650.0,250.0,9480.0,INR,Available,False
2026-08-29T10:30:00,2026-08-29,Airline Direct,Air India,BOM,BLR,BOM-BLR,0.127,2026-09-13,T+15,Economy,6120.0,1110.0,600.0,250.0,8080.0,INR,Available,False
2026-08-29T10:30:00,2026-08-29,Airline Direct,Air India,BOM,BLR,BOM-BLR,0.127,2026-09-28,T+30,Economy,5030.0,920.0,520.0,250.0,6720.0,INR,Available,False
2026-08-29T10:30:00,2026-08-29,Airline Direct,Air India,BOM,BLR,BOM-BLR,0.127,2026-10-13,T+45,Economy,4960.0,940.0,460.0,250.0,6610.0,INR,Available,False
2026-08-29T10:30:00,2026-08-29,OTA Aggregator,Air India Express,BOM,BLR,BOM-BLR,0.127,2026-08-30,T+1,Economy,7610.0,1370.0,660.0,250.0,9890.0,INR,Available,False
2026-08-29T10:30:00,2026-08-29,OTA Aggregator,Air India Express,BOM,BLR,BOM-BLR,0.127,2026-09-05,T+7,Economy,5790.0,1040.0,540.0,250.0,7620.0,INR,Available,False
2026-08-29T10:30:00,2026-08-29,OTA Aggregator,Air India Express,BOM,BLR,BOM-BLR,0.127,2026-09-13,T+15,Economy,4950.0,980.0,460.0,250.0,6640.0,INR,Available,False
2026-08-29T10:30:00,2026-08-29,OTA Aggregator,Air India Express,BOM,BLR,BOM-BLR,0.127,2026-09-28,T+30,Economy,4460.0,850.0,420.0,250.0,5980.0,INR,Available,False
2026-08-29T10:30:00,2026-08-29,OTA Aggregator,Air India Express,BOM,BLR,BOM-BLR,0.127,2026-10-13,T+45,Economy,4090.0,820.0,460.0,250.0,5620.0,INR,Available,False
2026-08-29T10:30:00,2026-08-29,OTA Aggregator,Akasa Air,BOM,BLR,BOM-BLR,0.127,2026-08-30,T+1,Economy,7760.0,1360.0,700.0,250.0,10070.0,INR,Available,False
2026-08-29T10:30:00,2026-08-29,OTA Aggregator,Akasa Air,BOM,BLR,BOM-BLR,0.127,2026-09-05,T+7,Economy,5930.0,1110.0,550.0,250.0,7840.0,INR,Available,False
2026-08-29T10:30:00,2026-08-29,OTA Aggregator,Akasa Air,BOM,BLR,BOM-BLR,0.127,2026-09-13,T+15,Economy,5380.0,970.0,570.0,250.0,7170.0,INR,Available,False
2026-08-29T10:30:00,2026-08-29,OTA Aggregator,Akasa Air,BOM,BLR,BOM-BLR,0.127,2026-09-28,T+30,Economy,4740.0,960.0,480.0,250.0,6430.0,INR,Available,False
2026-08-29T10:30:00,2026-08-29,OTA Aggregator,Akasa Air,BOM,BLR,BOM-BLR,0.127,2026-10-13,T+45,Economy,4190.0,780.0,450.0,250.0,5670.0,INR,Available,False
2026-08-29T10:30:00,2026-08-29,OTA Aggregator,SpiceJet,BOM,BLR,BOM-BLR,0.127,2026-08-30,T+1,Economy,7980.0,1490.0,760.0,300.0,10530.0,INR,Available,False
2026-08-29T10:30:00,2026-08-29,OTA Aggregator,SpiceJet,BOM,BLR,BOM-BLR,0.127,2026-09-05,T+7,Economy,5970.0,1160.0,540.0,300.0,7970.0,INR,Available,False
2026-08-29T10:30:00,2026-08-29,OTA Aggregator,SpiceJet,BOM,BLR,BOM-BLR,0.127,2026-09-13,T+15,Economy,5230.0,1040.0,560.0,300.0,7130.0,INR,Available,False
2026-08-29T10:30:00,2026-08-29,OTA Aggregator,SpiceJet,BOM,BLR,BOM-BLR,0.127,2026-09-28,T+30,Economy,4590.0,870.0,430.0,300.0,6190.0,INR,Available,False
2026-08-29T10:30:00,2026-08-29,OTA Aggregator,SpiceJet,BOM,BLR,BOM-BLR,0.127,2026-10-13,T+45,Economy,4410.0,890.0,410.0,300.0,6010.0,INR,Available,False
2026-08-29T10:30:00,2026-08-29,Airline Direct,IndiGo,DEL,CCU,DEL-CCU,0.113,2026-08-30,T+1,Economy,7960.0,1500.0,700.0,300.0,10460.0,INR,Available,False
2026-08-29T10:30:00,2026-08-29,Airline Direct,IndiGo,DEL,CCU,DEL-CCU,0.113,2026-09-05,T+7,Economy,6140.0,1140.0,590.0,300.0,8170.0,INR,Available,False
2026-08-29T10:30:00,2026-08-29,Airline Direct,IndiGo,DEL,CCU,DEL-CCU,0.113,2026-09-13,T+15,Economy,5390.0,1090.0,550.0,300.0,7330.0,INR,Available,False
2026-08-29T10:30:00,2026-08-29,Airline Direct,IndiGo,DEL,CCU,DEL-CCU,0.113,2026-09-28,T+30,Economy,4630.0,940.0,440.0,300.0,6310.0,INR,Available,False
2026-08-29T10:30:00,2026-08-29,Airline Direct,IndiGo,DEL,CCU,DEL-CCU,0.113,2026-10-13,T+45,Economy,4100.0,780.0,470.0,300.0,5650.0,INR,Available,False
2026-08-29T10:30:00,2026-08-29,Airline Direct,Air India,DEL,CCU,DEL-CCU,0.113,2026-08-30,T+1,Economy,9170.0,1680.0,830.0,250.0,11930.0,INR,Available,False
2026-08-29T10:30:00,2026-08-29,Airline Direct,Air India,DEL,CCU,DEL-CCU,0.113,2026-09-05,T+7,Economy,6430.0,1170.0,600.0,250.0,8450.0,INR,Available,False
2026-08-29T10:30:00,2026-08-29,Airline Direct,Air India,DEL,CCU,DEL-CCU,0.113,2026-09-13,T+15,Economy,5640.0,1030.0,590.0,250.0,7510.0,INR,Available,False
2026-08-29T10:30:00,2026-08-29,Airline Direct,Air India,DEL,CCU,DEL-CCU,0.113,2026-09-28,T+30,Economy,5120.0,1040.0,470.0,250.0,6880.0,INR,Available,False
2026-08-29T10:30:00,2026-08-29,Airline Direct,Air India,DEL,CCU,DEL-CCU,0.113,2026-10-13,T+45,Economy,4460.0,920.0,480.0,250.0,6110.0,INR,Available,False
2026-08-29T10:30:00,2026-08-29,OTA Aggregator,Air India Express,DEL,CCU,DEL-CCU,0.113,2026-08-30,T+1,Economy,7180.0,1290.0,660.0,250.0,9380.0,INR,Available,False
2026-08-29T10:30:00,2026-08-29,OTA Aggregator,Air India Express,DEL,CCU,DEL-CCU,0.113,2026-09-05,T+7,Economy,5430.0,980.0,550.0,250.0,7210.0,INR,Available,False
2026-08-29T10:30:00,2026-08-29,OTA Aggregator,Air India Express,DEL,CCU,DEL-CCU,0.113,2026-09-13,T+15,Economy,4880.0,1000.0,490.0,250.0,6620.0,INR,Available,False
2026-08-29T10:30:00,2026-08-29,OTA Aggregator,Air India Express,DEL,CCU,DEL-CCU,0.113,2026-09-28,T+30,Economy,4050.0,810.0,470.0,250.0,5580.0,INR,Available,False
2026-08-29T10:30:00,2026-08-29,OTA Aggregator,Air India Express,DEL,CCU,DEL-CCU,0.113,2026-10-13,T+45,Economy,3600.0,790.0,360.0,250.0,5000.0,INR,Available,False
2026-08-29T10:30:00,2026-08-29,OTA Aggregator,Akasa Air,DEL,CCU,DEL-CCU,0.113,2026-08-30,T+1,Economy,7720.0,1410.0,750.0,250.0,10130.0,INR,Available,False
2026-08-29T10:30:00,2026-08-29,OTA Aggregator,Akasa Air,DEL,CCU,DEL-CCU,0.113,2026-09-05,T+7,Economy,5340.0,1070.0,530.0,250.0,7190.0,INR,Available,False
2026-08-29T10:30:00,2026-08-29,OTA Aggregator,Akasa Air,DEL,CCU,DEL-CCU,0.113,2026-09-13,T+15,Economy,5000.0,1020.0,550.0,250.0,6820.0,INR,Available,False
2026-08-29T10:30:00,2026-08-29,OTA Aggregator,Akasa Air,DEL,CCU,DEL-CCU,0.113,2026-09-28,T+30,Economy,4380.0,840.0,430.0,250.0,5900.0,INR,Available,False
2026-08-29T10:30:00,2026-08-29,OTA Aggregator,Akasa Air,DEL,CCU,DEL-CCU,0.113,2026-10-13,T+45,Economy,3980.0,880.0,370.0,250.0,5480.0,INR,Available,False
2026-08-29T10:30:00,2026-08-29,OTA Aggregator,SpiceJet,DEL,CCU,DEL-CCU,0.113,2026-08-30,T+1,Economy,7760.0,1360.0,720.0,300.0,10140.0,INR,Available,False
2026-08-29T10:30:00,2026-08-29,OTA Aggregator,SpiceJet,DEL,CCU,DEL-CCU,0.113,2026-09-05,T+7,Economy,5750.0,1070.0,530.0,300.0,7650.0,INR,Available,False
2026-08-29T10:30:00,2026-08-29,OTA Aggregator,SpiceJet,DEL,CCU,DEL-CCU,0.113,2026-09-13,T+15,Economy,4980.0,1040.0,480.0,300.0,6800.0,INR,Available,False
2026-08-29T10:30:00,2026-08-29,OTA Aggregator,SpiceJet,DEL,CCU,DEL-CCU,0.113,2026-09-28,T+30,Economy,4520.0,920.0,480.0,300.0,6220.0,INR,Available,False
2026-08-29T10:30:00,2026-08-29,OTA Aggregator,SpiceJet,DEL,CCU,DEL-CCU,0.113,2026-10-13,T+45,Economy,3960.0,830.0,460.0,300.0,5550.0,INR,Available,False
2026-08-29T10:30:00,2026-08-29,Airline Direct,IndiGo,BLR,HYD,BLR-HYD,0.098,2026-08-30,T+1,Economy,6120.0,1180.0,550.0,300.0,8150.0,INR,Available,False
2026-08-29T10:30:00,2026-08-29,Airline Direct,IndiGo,BLR,HYD,BLR-HYD,0.098,2026-09-05,T+7,Economy,4860.0,910.0,530.0,300.0,6600.0,INR,Available,False
2026-08-29T10:30:00,2026-08-29,Airline Direct,IndiGo,BLR,HYD,BLR-HYD,0.098,2026-09-13,T+15,Economy,3660.0,800.0,400.0,300.0,5160.0,INR,Available,False
2026-08-29T10:30:00,2026-08-29,Airline Direct,IndiGo,BLR,HYD,BLR-HYD,0.098,2026-09-28,T+30,Economy,3530.0,670.0,410.0,300.0,4910.0,INR,Available,False
2026-08-29T10:30:00,2026-08-29,Airline Direct,IndiGo,BLR,HYD,BLR-HYD,0.098,2026-10-13,T+45,Economy,3100.0,740.0,320.0,300.0,4460.0,INR,Available,False
2026-08-29T10:30:00,2026-08-29,Airline Direct,Air India,BLR,HYD,BLR-HYD,0.098,2026-08-30,T+1,Economy,6650.0,1180.0,640.0,250.0,8720.0,INR,Available,False
2026-08-29T10:30:00,2026-08-29,Airline Direct,Air India,BLR,HYD,BLR-HYD,0.098,2026-09-05,T+7,Economy,4780.0,990.0,430.0,250.0,6450.0,INR,Available,False
2026-08-29T10:30:00,2026-08-29,Airline Direct,Air India,BLR,HYD,BLR-HYD,0.098,2026-09-13,T+15,Economy,4100.0,880.0,440.0,250.0,5670.0,INR,Available,False
2026-08-29T10:30:00,2026-08-29,Airline Direct,Air India,BLR,HYD,BLR-HYD,0.098,2026-09-28,T+30,Economy,3740.0,710.0,350.0,250.0,5050.0,INR,Available,False
2026-08-29T10:30:00,2026-08-29,Airline Direct,Air India,BLR,HYD,BLR-HYD,0.098,2026-10-13,T+45,Economy,3460.0,790.0,410.0,250.0,4910.0,INR,Available,False
2026-08-29T10:30:00,2026-08-29,OTA Aggregator,Air India Express,BLR,HYD,BLR-HYD,0.098,2026-08-30,T+1,Economy,5790.0,1170.0,610.0,250.0,7820.0,INR,Available,False
2026-08-29T10:30:00,2026-08-29,OTA Aggregator,Air India Express,BLR,HYD,BLR-HYD,0.098,2026-09-05,T+7,Economy,4060.0,900.0,460.0,250.0,5670.0,INR,Available,False
2026-08-29T10:30:00,2026-08-29,OTA Aggregator,Air India Express,BLR,HYD,BLR-HYD,0.098,2026-09-13,T+15,Economy,3650.0,810.0,410.0,250.0,5120.0,INR,Available,False
2026-08-29T10:30:00,2026-08-29,OTA Aggregator,Air India Express,BLR,HYD,BLR-HYD,0.098,2026-09-28,T+30,Economy,3190.0,750.0,360.0,250.0,4550.0,INR,Available,False
2026-08-29T10:30:00,2026-08-29,OTA Aggregator,Air India Express,BLR,HYD,BLR-HYD,0.098,2026-10-13,T+45,Economy,2940.0,670.0,310.0,250.0,4170.0,INR,Available,False
2026-08-29T10:30:00,2026-08-29,OTA Aggregator,Akasa Air,BLR,HYD,BLR-HYD,0.098,2026-08-30,T+1,Economy,5530.0,1070.0,530.0,250.0,7380.0,INR,Available,False
2026-08-29T10:30:00,2026-08-29,OTA Aggregator,Akasa Air,BLR,HYD,BLR-HYD,0.098,2026-09-05,T+7,Economy,4240.0,920.0,460.0,250.0,5870.0,INR,Available,False
2026-08-29T10:30:00,2026-08-29,OTA Aggregator,Akasa Air,BLR,HYD,BLR-HYD,0.098,2026-09-13,T+15,Economy,3690.0,690.0,420.0,250.0,5050.0,INR,Available,False
2026-08-29T10:30:00,2026-08-29,OTA Aggregator,Akasa Air,BLR,HYD,BLR-HYD,0.098,2026-09-28,T+30,Economy,3400.0,710.0,400.0,250.0,4760.0,INR,Available,False
2026-08-29T10:30:00,2026-08-29,OTA Aggregator,Akasa Air,BLR,HYD,BLR-HYD,0.098,2026-10-13,T+45,Economy,2820.0,620.0,290.0,250.0,3980.0,INR,Available,False
2026-08-29T10:30:00,2026-08-29,OTA Aggregator,SpiceJet,BLR,HYD,BLR-HYD,0.098,2026-08-30,T+1,Economy,5660.0,1070.0,520.0,300.0,7550.0,INR,Available,False
2026-08-29T10:30:00,2026-08-29,OTA Aggregator,SpiceJet,BLR,HYD,BLR-HYD,0.098,2026-09-05,T+7,Economy,4550.0,900.0,430.0,300.0,6180.0,INR,Available,False
2026-08-29T10:30:00,2026-08-29,OTA Aggregator,SpiceJet,BLR,HYD,BLR-HYD,0.098,2026-09-13,T+15,Economy,4070.0,760.0,460.0,300.0,5590.0,INR,Available,False
2026-08-29T10:30:00,2026-08-29,OTA Aggregator,SpiceJet,BLR,HYD,BLR-HYD,0.098,2026-09-28,T+30,Economy,3400.0,670.0,340.0,300.0,4710.0,INR,Available,False
2026-08-29T10:30:00,2026-08-29,OTA Aggregator,SpiceJet,BLR,HYD,BLR-HYD,0.098,2026-10-13,T+45,Economy,3010.0,660.0,300.0,300.0,4270.0,INR,Available,False
2026-08-29T10:30:00,2026-08-29,Airline Direct,IndiGo,MAA,DEL,MAA-DEL,0.086,2026-08-30,T+1,Economy,9730.0,1750.0,840.0,300.0,12620.0,INR,Available,False
2026-08-29T10:30:00,2026-08-29,Airline Direct,IndiGo,MAA,DEL,MAA-DEL,0.086,2026-09-05,T+7,Economy,7290.0,1350.0,640.0,300.0,9580.0,INR,Available,False
2026-08-29T10:30:00,2026-08-29,Airline Direct,IndiGo,MAA,DEL,MAA-DEL,0.086,2026-09-13,T+15,Economy,5860.0,1090.0,540.0,300.0,7790.0,INR,Available,False
2026-08-29T10:30:00,2026-08-29,Airline Direct,IndiGo,MAA,DEL,MAA-DEL,0.086,2026-09-28,T+30,Economy,5410.0,1030.0,530.0,300.0,7270.0,INR,Available,False
2026-08-29T10:30:00,2026-08-29,Airline Direct,IndiGo,MAA,DEL,MAA-DEL,0.086,2026-10-13,T+45,Economy,4780.0,1000.0,490.0,300.0,6570.0,INR,Available,False
2026-08-29T10:30:00,2026-08-29,Airline Direct,Air India,MAA,DEL,MAA-DEL,0.086,2026-08-30,T+1,Economy,9240.0,1660.0,830.0,250.0,11980.0,INR,Available,False
2026-08-29T10:30:00,2026-08-29,Airline Direct,Air India,MAA,DEL,MAA-DEL,0.086,2026-09-05,T+7,Economy,7680.0,1480.0,750.0,250.0,10160.0,INR,Available,False
2026-08-29T10:30:00,2026-08-29,Airline Direct,Air India,MAA,DEL,MAA-DEL,0.086,2026-09-13,T+15,Economy,6490.0,1210.0,590.0,250.0,8540.0,INR,Available,False
2026-08-29T10:30:00,2026-08-29,Airline Direct,Air India,MAA,DEL,MAA-DEL,0.086,2026-09-28,T+30,Economy,5920.0,1090.0,600.0,250.0,7860.0,INR,Available,False
2026-08-29T10:30:00,2026-08-29,Airline Direct,Air India,MAA,DEL,MAA-DEL,0.086,2026-10-13,T+45,Economy,5330.0,970.0,530.0,250.0,7080.0,INR,Available,False
2026-08-29T10:30:00,2026-08-29,OTA Aggregator,Air India Express,MAA,DEL,MAA-DEL,0.086,2026-08-30,T+1,Economy,8310.0,1510.0,800.0,250.0,10870.0,INR,Available,False
2026-08-29T10:30:00,2026-08-29,OTA Aggregator,Air India Express,MAA,DEL,MAA-DEL,0.086,2026-09-05,T+7,Economy,6200.0,1200.0,590.0,250.0,8240.0,INR,Available,False
2026-08-29T10:30:00,2026-08-29,OTA Aggregator,Air India Express,MAA,DEL,MAA-DEL,0.086,2026-09-13,T+15,Economy,5770.0,1120.0,590.0,250.0,7730.0,INR,Available,False
2026-08-29T10:30:00,2026-08-29,OTA Aggregator,Air India Express,MAA,DEL,MAA-DEL,0.086,2026-09-28,T+30,Economy,5070.0,920.0,500.0,250.0,6740.0,INR,Available,False
2026-08-29T10:30:00,2026-08-29,OTA Aggregator,Air India Express,MAA,DEL,MAA-DEL,0.086,2026-10-13,T+45,Economy,4730.0,940.0,470.0,250.0,6390.0,INR,Available,False
2026-08-29T10:30:00,2026-08-29,OTA Aggregator,Akasa Air,MAA,DEL,MAA-DEL,0.086,2026-08-30,T+1,Economy,8400.0,1500.0,750.0,250.0,10900.0,INR,Available,False
2026-08-29T10:30:00,2026-08-29,OTA Aggregator,Akasa Air,MAA,DEL,MAA-DEL,0.086,2026-09-05,T+7,Economy,6840.0,1250.0,600.0,250.0,8940.0,INR,Available,False
2026-08-29T10:30:00,2026-08-29,OTA Aggregator,Akasa Air,MAA,DEL,MAA-DEL,0.086,2026-09-13,T+15,Economy,5510.0,1120.0,520.0,250.0,7400.0,INR,Available,False
2026-08-29T10:30:00,2026-08-29,OTA Aggregator,Akasa Air,MAA,DEL,MAA-DEL,0.086,2026-09-28,T+30,Economy,4530.0,960.0,440.0,250.0,6180.0,INR,Available,False
2026-08-29T10:30:00,2026-08-29,OTA Aggregator,Akasa Air,MAA,DEL,MAA-DEL,0.086,2026-10-13,T+45,Economy,4500.0,920.0,410.0,250.0,6080.0,INR,Available,False
2026-08-29T10:30:00,2026-08-29,OTA Aggregator,SpiceJet,MAA,DEL,MAA-DEL,0.086,2026-08-30,T+1,Economy,8290.0,1490.0,750.0,300.0,10830.0,INR,Available,False
2026-08-29T10:30:00,2026-08-29,OTA Aggregator,SpiceJet,MAA,DEL,MAA-DEL,0.086,2026-09-05,T+7,Economy,6740.0,1200.0,680.0,300.0,8920.0,INR,Available,False
2026-08-29T10:30:00,2026-08-29,OTA Aggregator,SpiceJet,MAA,DEL,MAA-DEL,0.086,2026-09-13,T+15,Economy,6090.0,1120.0,610.0,300.0,8120.0,INR,Available,False
2026-08-29T10:30:00,2026-08-29,OTA Aggregator,SpiceJet,MAA,DEL,MAA-DEL,0.086,2026-09-28,T+30,Economy,5400.0,1010.0,550.0,300.0,7260.0,INR,Available,False
2026-08-29T10:30:00,2026-08-29,OTA Aggregator,SpiceJet,MAA,DEL,MAA-DEL,0.086,2026-10-13,T+45,Economy,4570.0,900.0,460.0,300.0,6230.0,INR,Available,False
2026-08-29T10:30:00,2026-08-29,Airline Direct,IndiGo,BOM,DEL,BOM-DEL,0.135,2026-08-30,T+1,Economy,8930.0,1680.0,780.0,300.0,11690.0,INR,Available,False
2026-08-29T10:30:00,2026-08-29,Airline Direct,IndiGo,BOM,DEL,BOM-DEL,0.135,2026-09-05,T+7,Economy,8350.0,1520.0,790.0,300.0,10960.0,INR,Available,False
2026-08-29T10:30:00,2026-08-29,Airline Direct,IndiGo,BOM,DEL,BOM-DEL,0.135,2026-09-13,T+15,Economy,6430.0,1180.0,580.0,300.0,8490.0,INR,Available,False
2026-08-29T10:30:00,2026-08-29,Airline Direct,IndiGo,BOM,DEL,BOM-DEL,0.135,2026-09-28,T+30,Economy,5820.0,1160.0,590.0,300.0,7870.0,INR,Available,False
2026-08-29T10:30:00,2026-08-29,Airline Direct,IndiGo,BOM,DEL,BOM-DEL,0.135,2026-10-13,T+45,Economy,5430.0,1040.0,500.0,300.0,7270.0,INR,Available,False
2026-08-29T10:30:00,2026-08-29,Airline Direct,Air India,BOM,DEL,BOM-DEL,0.135,2026-08-30,T+1,Economy,11360.0,1940.0,1030.0,250.0,14580.0,INR,Available,False
2026-08-29T10:30:00,2026-08-29,Airline Direct,Air India,BOM,DEL,BOM-DEL,0.135,2026-09-05,T+7,Economy,8540.0,1570.0,780.0,250.0,11140.0,INR,Available,False
2026-08-29T10:30:00,2026-08-29,Airline Direct,Air India,BOM,DEL,BOM-DEL,0.135,2026-09-13,T+15,Economy,6950.0,1230.0,640.0,250.0,9070.0,INR,Available,False
2026-08-29T10:30:00,2026-08-29,Airline Direct,Air India,BOM,DEL,BOM-DEL,0.135,2026-09-28,T+30,Economy,6480.0,1150.0,650.0,250.0,8530.0,INR,Available,False
2026-08-29T10:30:00,2026-08-29,Airline Direct,Air India,BOM,DEL,BOM-DEL,0.135,2026-10-13,T+45,Economy,5510.0,1100.0,510.0,250.0,7370.0,INR,Available,False
2026-08-29T10:30:00,2026-08-29,OTA Aggregator,Air India Express,BOM,DEL,BOM-DEL,0.135,2026-08-30,T+1,Economy,9580.0,1660.0,830.0,250.0,12320.0,INR,Available,False
2026-08-29T10:30:00,2026-08-29,OTA Aggregator,Air India Express,BOM,DEL,BOM-DEL,0.135,2026-09-05,T+7,Economy,7460.0,1330.0,680.0,250.0,9720.0,INR,Available,False
2026-08-29T10:30:00,2026-08-29,OTA Aggregator,Air India Express,BOM,DEL,BOM-DEL,0.135,2026-09-13,T+15,Economy,6240.0,1240.0,560.0,250.0,8290.0,INR,Available,False
2026-08-29T10:30:00,2026-08-29,OTA Aggregator,Air India Express,BOM,DEL,BOM-DEL,0.135,2026-09-28,T+30,Economy,5450.0,970.0,560.0,250.0,7230.0,INR,Available,False
2026-08-29T10:30:00,2026-08-29,OTA Aggregator,Air India Express,BOM,DEL,BOM-DEL,0.135,2026-10-13,T+45,Economy,4720.0,940.0,440.0,250.0,6350.0,INR,Available,False
2026-08-29T10:30:00,2026-08-29,OTA Aggregator,Akasa Air,BOM,DEL,BOM-DEL,0.135,2026-08-30,T+1,Economy,9070.0,1600.0,840.0,250.0,11760.0,INR,Available,False
2026-08-29T10:30:00,2026-08-29,OTA Aggregator,Akasa Air,BOM,DEL,BOM-DEL,0.135,2026-09-05,T+7,Economy,7220.0,1390.0,680.0,250.0,9540.0,INR,Available,False
2026-08-29T10:30:00,2026-08-29,OTA Aggregator,Akasa Air,BOM,DEL,BOM-DEL,0.135,2026-09-13,T+15,Economy,6310.0,1250.0,580.0,250.0,8390.0,INR,Available,False
2026-08-29T10:30:00,2026-08-29,OTA Aggregator,Akasa Air,BOM,DEL,BOM-DEL,0.135,2026-09-28,T+30,Economy,5130.0,1040.0,520.0,250.0,6940.0,INR,Available,False
2026-08-29T10:30:00,2026-08-29,OTA Aggregator,Akasa Air,BOM,DEL,BOM-DEL,0.135,2026-10-13,T+45,Economy,5270.0,1020.0,560.0,250.0,7100.0,INR,Available,False
2026-08-29T10:30:00,2026-08-29,OTA Aggregator,SpiceJet,BOM,DEL,BOM-DEL,0.135,2026-08-30,T+1,Economy,9240.0,1670.0,830.0,300.0,12040.0,INR,Available,False
2026-08-29T10:30:00,2026-08-29,OTA Aggregator,SpiceJet,BOM,DEL,BOM-DEL,0.135,2026-09-05,T+7,Economy,7320.0,1340.0,730.0,300.0,9690.0,INR,Available,False
2026-08-29T10:30:00,2026-08-29,OTA Aggregator,SpiceJet,BOM,DEL,BOM-DEL,0.135,2026-09-13,T+15,Economy,6240.0,1130.0,650.0,300.0,8320.0,INR,Available,False
2026-08-29T10:30:00,2026-08-29,OTA Aggregator,SpiceJet,BOM,DEL,BOM-DEL,0.135,2026-09-28,T+30,Economy,5590.0,1100.0,590.0,300.0,7580.0,INR,Available,False
2026-08-29T10:30:00,2026-08-29,OTA Aggregator,SpiceJet,BOM,DEL,BOM-DEL,0.135,2026-10-13,T+45,Economy,5280.0,1050.0,500.0,300.0,7130.0,INR,Available,False
2026-08-29T10:30:00,2026-08-29,Airline Direct,IndiGo,HYD,DEL,HYD-DEL,0.105,2026-08-30,T+1,Economy,7330.0,1370.0,680.0,300.0,9680.0,INR,Available,False
2026-08-29T10:30:00,2026-08-29,Airline Direct,IndiGo,HYD,DEL,HYD-DEL,0.105,2026-09-05,T+7,Economy,5910.0,1170.0,600.0,300.0,7980.0,INR,Available,False
2026-08-29T10:30:00,2026-08-29,Airline Direct,IndiGo,HYD,DEL,HYD-DEL,0.105,2026-09-13,T+15,Economy,5030.0,980.0,490.0,300.0,6800.0,INR,Available,False
2026-08-29T10:30:00,2026-08-29,Airline Direct,IndiGo,HYD,DEL,HYD-DEL,0.105,2026-09-28,T+30,Economy,4310.0,830.0,450.0,300.0,5890.0,INR,Available,False
2026-08-29T10:30:00,2026-08-29,Airline Direct,IndiGo,HYD,DEL,HYD-DEL,0.105,2026-10-13,T+45,Economy,4150.0,790.0,450.0,300.0,5690.0,INR,Available,False
2026-08-29T10:30:00,2026-08-29,Airline Direct,Air India,HYD,DEL,HYD-DEL,0.105,2026-08-30,T+1,Economy,7820.0,1470.0,750.0,250.0,10290.0,INR,Available,False
2026-08-29T10:30:00,2026-08-29,Airline Direct,Air India,HYD,DEL,HYD-DEL,0.105,2026-09-05,T+7,Economy,6110.0,1170.0,620.0,250.0,8150.0,INR,Available,False
2026-08-29T10:30:00,2026-08-29,Airline Direct,Air India,HYD,DEL,HYD-DEL,0.105,2026-09-13,T+15,Economy,5470.0,1120.0,510.0,250.0,7350.0,INR,Available,False
2026-08-29T10:30:00,2026-08-29,Airline Direct,Air India,HYD,DEL,HYD-DEL,0.105,2026-09-28,T+30,Economy,4900.0,1030.0,480.0,250.0,6660.0,INR,Available,False
2026-08-29T10:30:00,2026-08-29,Airline Direct,Air India,HYD,DEL,HYD-DEL,0.105,2026-10-13,T+45,Economy,4130.0,840.0,440.0,250.0,5660.0,INR,Available,False
2026-08-29T10:30:00,2026-08-29,OTA Aggregator,Air India Express,HYD,DEL,HYD-DEL,0.105,2026-08-30,T+1,Economy,6970.0,1360.0,700.0,250.0,9280.0,INR,Available,False
2026-08-29T10:30:00,2026-08-29,OTA Aggregator,Air India Express,HYD,DEL,HYD-DEL,0.105,2026-09-05,T+7,Economy,5580.0,1030.0,550.0,250.0,7410.0,INR,Available,False
2026-08-29T10:30:00,2026-08-29,OTA Aggregator,Air India Express,HYD,DEL,HYD-DEL,0.105,2026-09-13,T+15,Economy,4550.0,970.0,510.0,250.0,6280.0,INR,Available,False
2026-08-29T10:30:00,2026-08-29,OTA Aggregator,Air India Express,HYD,DEL,HYD-DEL,0.105,2026-09-28,T+30,Economy,4120.0,790.0,450.0,250.0,5610.0,INR,Available,False
2026-08-29T10:30:00,2026-08-29,OTA Aggregator,Air India Express,HYD,DEL,HYD-DEL,0.105,2026-10-13,T+45,Economy,3740.0,790.0,360.0,250.0,5140.0,INR,Available,False
2026-08-29T10:30:00,2026-08-29,OTA Aggregator,Akasa Air,HYD,DEL,HYD-DEL,0.105,2026-08-30,T+1,Economy,6930.0,1260.0,660.0,250.0,9100.0,INR,Available,False
2026-08-29T10:30:00,2026-08-29,OTA Aggregator,Akasa Air,HYD,DEL,HYD-DEL,0.105,2026-09-05,T+7,Economy,5570.0,1100.0,560.0,250.0,7480.0,INR,Available,False
2026-08-29T10:30:00,2026-08-29,OTA Aggregator,Akasa Air,HYD,DEL,HYD-DEL,0.105,2026-09-13,T+15,Economy,4190.0,830.0,470.0,250.0,5740.0,INR,Available,False
2026-08-29T10:30:00,2026-08-29,OTA Aggregator,Akasa Air,HYD,DEL,HYD-DEL,0.105,2026-09-28,T+30,Economy,4240.0,830.0,420.0,250.0,5740.0,INR,Available,False
2026-08-29T10:30:00,2026-08-29,OTA Aggregator,Akasa Air,HYD,DEL,HYD-DEL,0.105,2026-10-13,T+45,Economy,3640.0,810.0,370.0,250.0,5070.0,INR,Available,False
2026-08-29T10:30:00,2026-08-29,OTA Aggregator,SpiceJet,HYD,DEL,HYD-DEL,0.105,2026-08-30,T+1,Economy,7590.0,1320.0,700.0,300.0,9910.0,INR,Available,False
2026-08-29T10:30:00,2026-08-29,OTA Aggregator,SpiceJet,HYD,DEL,HYD-DEL,0.105,2026-09-05,T+7,Economy,5810.0,1170.0,560.0,300.0,7840.0,INR,Available,False
2026-08-29T10:30:00,2026-08-29,OTA Aggregator,SpiceJet,HYD,DEL,HYD-DEL,0.105,2026-09-13,T+15,Economy,4680.0,970.0,490.0,300.0,6440.0,INR,Available,False
2026-08-29T10:30:00,2026-08-29,OTA Aggregator,SpiceJet,HYD,DEL,HYD-DEL,0.105,2026-09-28,T+30,Economy,4180.0,850.0,390.0,300.0,5720.0,INR,Available,False
2026-08-29T10:30:00,2026-08-29,OTA Aggregator,SpiceJet,HYD,DEL,HYD-DEL,0.105,2026-10-13,T+45,Economy,3760.0,740.0,440.0,300.0,5240.0,INR,Available,False
2026-08-30T10:30:00,2026-08-30,Airline Direct,IndiGo,DEL,BOM,DEL-BOM,0.182,2026-08-31,T+1,Economy,10540.0,1920.0,950.0,250.0,13660.0,INR,Available,False
2026-08-30T10:30:00,2026-08-30,Airline Direct,IndiGo,DEL,BOM,DEL-BOM,0.182,2026-09-06,T+7,Economy,7690.0,1470.0,720.0,250.0,10130.0,INR,Available,False
2026-08-30T10:30:00,2026-08-30,Airline Direct,IndiGo,DEL,BOM,DEL-BOM,0.182,2026-09-14,T+15,Economy,6890.0,1240.0,690.0,250.0,9070.0,INR,Available,False
2026-08-30T10:30:00,2026-08-30,Airline Direct,IndiGo,DEL,BOM,DEL-BOM,0.182,2026-09-29,T+30,Economy,6220.0,1150.0,600.0,250.0,8220.0,INR,Available,False
2026-08-30T10:30:00,2026-08-30,Airline Direct,IndiGo,DEL,BOM,DEL-BOM,0.182,2026-10-14,T+45,Economy,5770.0,1170.0,510.0,250.0,7700.0,INR,Available,False
2026-08-30T10:30:00,2026-08-30,Airline Direct,Air India,DEL,BOM,DEL-BOM,0.182,2026-08-31,T+1,Economy,10870.0,1840.0,960.0,300.0,13970.0,INR,Available,False
2026-08-30T10:30:00,2026-08-30,Airline Direct,Air India,DEL,BOM,DEL-BOM,0.182,2026-09-06,T+7,Economy,8930.0,1540.0,820.0,300.0,11590.0,INR,Available,False
2026-08-30T10:30:00,2026-08-30,Airline Direct,Air India,DEL,BOM,DEL-BOM,0.182,2026-09-14,T+15,Economy,7300.0,1310.0,650.0,300.0,9560.0,INR,Available,False
2026-08-30T10:30:00,2026-08-30,Airline Direct,Air India,DEL,BOM,DEL-BOM,0.182,2026-09-29,T+30,Economy,6340.0,1150.0,580.0,300.0,8370.0,INR,Available,False
2026-08-30T10:30:00,2026-08-30,Airline Direct,Air India,DEL,BOM,DEL-BOM,0.182,2026-10-14,T+45,Economy,6120.0,1170.0,610.0,300.0,8200.0,INR,Available,False
2026-08-30T10:30:00,2026-08-30,OTA Aggregator,Air India Express,DEL,BOM,DEL-BOM,0.182,2026-08-31,T+1,Economy,9060.0,1670.0,840.0,300.0,11870.0,INR,Available,False
2026-08-30T10:30:00,2026-08-30,OTA Aggregator,Air India Express,DEL,BOM,DEL-BOM,0.182,2026-09-06,T+7,Economy,7270.0,1310.0,700.0,300.0,9580.0,INR,Available,False
2026-08-30T10:30:00,2026-08-30,OTA Aggregator,Air India Express,DEL,BOM,DEL-BOM,0.182,2026-09-14,T+15,Economy,6430.0,1250.0,640.0,300.0,8620.0,INR,Available,False
2026-08-30T10:30:00,2026-08-30,OTA Aggregator,Air India Express,DEL,BOM,DEL-BOM,0.182,2026-09-29,T+30,Economy,5750.0,1110.0,540.0,300.0,7700.0,INR,Available,False
2026-08-30T10:30:00,2026-08-30,OTA Aggregator,Air India Express,DEL,BOM,DEL-BOM,0.182,2026-10-14,T+45,Economy,4950.0,1010.0,530.0,300.0,6790.0,INR,Available,False
2026-08-30T10:30:00,2026-08-30,OTA Aggregator,Akasa Air,DEL,BOM,DEL-BOM,0.182,2026-08-31,T+1,Economy,10130.0,1790.0,880.0,300.0,13100.0,INR,Available,False
2026-08-30T10:30:00,2026-08-30,OTA Aggregator,Akasa Air,DEL,BOM,DEL-BOM,0.182,2026-09-06,T+7,Economy,7710.0,1470.0,730.0,300.0,10210.0,INR,Available,False
2026-08-30T10:30:00,2026-08-30,OTA Aggregator,Akasa Air,DEL,BOM,DEL-BOM,0.182,2026-09-14,T+15,Economy,6400.0,1150.0,660.0,300.0,8510.0,INR,Available,False
2026-08-30T10:30:00,2026-08-30,OTA Aggregator,Akasa Air,DEL,BOM,DEL-BOM,0.182,2026-09-29,T+30,Economy,5650.0,1090.0,580.0,300.0,7620.0,INR,Available,False
2026-08-30T10:30:00,2026-08-30,OTA Aggregator,Akasa Air,DEL,BOM,DEL-BOM,0.182,2026-10-14,T+45,Economy,5240.0,1050.0,570.0,300.0,7160.0,INR,Available,False
2026-08-30T10:30:00,2026-08-30,OTA Aggregator,SpiceJet,DEL,BOM,DEL-BOM,0.182,2026-08-31,T+1,Economy,10180.0,1860.0,950.0,250.0,13240.0,INR,Available,False
2026-08-30T10:30:00,2026-08-30,OTA Aggregator,SpiceJet,DEL,BOM,DEL-BOM,0.182,2026-09-06,T+7,Economy,7540.0,1450.0,700.0,250.0,9940.0,INR,Available,False
2026-08-30T10:30:00,2026-08-30,OTA Aggregator,SpiceJet,DEL,BOM,DEL-BOM,0.182,2026-09-14,T+15,Economy,6580.0,1220.0,600.0,250.0,8650.0,INR,Available,False
2026-08-30T10:30:00,2026-08-30,OTA Aggregator,SpiceJet,DEL,BOM,DEL-BOM,0.182,2026-09-29,T+30,Economy,6020.0,1190.0,630.0,250.0,8090.0,INR,Available,False
2026-08-30T10:30:00,2026-08-30,OTA Aggregator,SpiceJet,DEL,BOM,DEL-BOM,0.182,2026-10-14,T+45,Economy,5400.0,1110.0,510.0,250.0,7270.0,INR,Available,False
2026-08-30T10:30:00,2026-08-30,Airline Direct,IndiGo,DEL,BLR,DEL-BLR,0.154,2026-08-31,T+1,Economy,10350.0,1830.0,890.0,250.0,13320.0,INR,Available,False
2026-08-30T10:30:00,2026-08-30,Airline Direct,IndiGo,DEL,BLR,DEL-BLR,0.154,2026-09-06,T+7,Economy,7510.0,1340.0,660.0,250.0,9760.0,INR,Available,False
2026-08-30T10:30:00,2026-08-30,Airline Direct,IndiGo,DEL,BLR,DEL-BLR,0.154,2026-09-14,T+15,Economy,6450.0,1280.0,590.0,250.0,8570.0,INR,Available,False
2026-08-30T10:30:00,2026-08-30,Airline Direct,IndiGo,DEL,BLR,DEL-BLR,0.154,2026-09-29,T+30,Economy,5860.0,1140.0,580.0,250.0,7830.0,INR,Available,False
2026-08-30T10:30:00,2026-08-30,Airline Direct,IndiGo,DEL,BLR,DEL-BLR,0.154,2026-10-14,T+45,Economy,5200.0,1040.0,550.0,250.0,7040.0,INR,Available,False
2026-08-30T10:30:00,2026-08-30,Airline Direct,Air India,DEL,BLR,DEL-BLR,0.154,2026-08-31,T+1,Economy,10860.0,1920.0,950.0,300.0,14030.0,INR,Available,False
2026-08-30T10:30:00,2026-08-30,Airline Direct,Air India,DEL,BLR,DEL-BLR,0.154,2026-09-06,T+7,Economy,8530.0,1600.0,790.0,300.0,11220.0,INR,Available,False
2026-08-30T10:30:00,2026-08-30,Airline Direct,Air India,DEL,BLR,DEL-BLR,0.154,2026-09-14,T+15,Economy,7190.0,1290.0,720.0,300.0,9500.0,INR,Available,False
2026-08-30T10:30:00,2026-08-30,Airline Direct,Air India,DEL,BLR,DEL-BLR,0.154,2026-09-29,T+30,Economy,6110.0,1220.0,630.0,300.0,8260.0,INR,Available,False
2026-08-30T10:30:00,2026-08-30,Airline Direct,Air India,DEL,BLR,DEL-BLR,0.154,2026-10-14,T+45,Economy,6030.0,1200.0,610.0,300.0,8140.0,INR,Available,False
2026-08-30T10:30:00,2026-08-30,OTA Aggregator,Air India Express,DEL,BLR,DEL-BLR,0.154,2026-08-31,T+1,Economy,9420.0,1750.0,870.0,300.0,12340.0,INR,Available,False
2026-08-30T10:30:00,2026-08-30,OTA Aggregator,Air India Express,DEL,BLR,DEL-BLR,0.154,2026-09-06,T+7,Economy,7020.0,1280.0,690.0,300.0,9290.0,INR,Available,False
2026-08-30T10:30:00,2026-08-30,OTA Aggregator,Air India Express,DEL,BLR,DEL-BLR,0.154,2026-09-14,T+15,Economy,5770.0,1050.0,610.0,300.0,7730.0,INR,Available,False
2026-08-30T10:30:00,2026-08-30,OTA Aggregator,Air India Express,DEL,BLR,DEL-BLR,0.154,2026-09-29,T+30,Economy,5100.0,960.0,520.0,300.0,6880.0,INR,Available,False
2026-08-30T10:30:00,2026-08-30,OTA Aggregator,Air India Express,DEL,BLR,DEL-BLR,0.154,2026-10-14,T+45,Economy,4510.0,830.0,430.0,300.0,6070.0,INR,Available,False
2026-08-30T10:30:00,2026-08-30,OTA Aggregator,Akasa Air,DEL,BLR,DEL-BLR,0.154,2026-08-31,T+1,Economy,9100.0,1670.0,790.0,300.0,11860.0,INR,Available,False
2026-08-30T10:30:00,2026-08-30,OTA Aggregator,Akasa Air,DEL,BLR,DEL-BLR,0.154,2026-09-06,T+7,Economy,7360.0,1340.0,640.0,300.0,9640.0,INR,Available,False
2026-08-30T10:30:00,2026-08-30,OTA Aggregator,Akasa Air,DEL,BLR,DEL-BLR,0.154,2026-09-14,T+15,Economy,6420.0,1140.0,650.0,300.0,8510.0,INR,Available,False
2026-08-30T10:30:00,2026-08-30,OTA Aggregator,Akasa Air,DEL,BLR,DEL-BLR,0.154,2026-09-29,T+30,Economy,5150.0,1060.0,470.0,300.0,6980.0,INR,Available,False
2026-08-30T10:30:00,2026-08-30,OTA Aggregator,Akasa Air,DEL,BLR,DEL-BLR,0.154,2026-10-14,T+45,Economy,5210.0,980.0,550.0,300.0,7040.0,INR,Available,False
2026-08-30T10:30:00,2026-08-30,OTA Aggregator,SpiceJet,DEL,BLR,DEL-BLR,0.154,2026-08-31,T+1,Economy,9130.0,1610.0,850.0,250.0,11840.0,INR,Available,False
2026-08-30T10:30:00,2026-08-30,OTA Aggregator,SpiceJet,DEL,BLR,DEL-BLR,0.154,2026-09-06,T+7,Economy,7270.0,1340.0,690.0,250.0,9550.0,INR,Available,False
2026-08-30T10:30:00,2026-08-30,OTA Aggregator,SpiceJet,DEL,BLR,DEL-BLR,0.154,2026-09-14,T+15,Economy,5850.0,1080.0,580.0,250.0,7760.0,INR,Available,False
2026-08-30T10:30:00,2026-08-30,OTA Aggregator,SpiceJet,DEL,BLR,DEL-BLR,0.154,2026-09-29,T+30,Economy,5640.0,1020.0,550.0,250.0,7460.0,INR,Available,False
2026-08-30T10:30:00,2026-08-30,OTA Aggregator,SpiceJet,DEL,BLR,DEL-BLR,0.154,2026-10-14,T+45,Economy,5340.0,1010.0,530.0,250.0,7130.0,INR,Available,False
2026-08-30T10:30:00,2026-08-30,Airline Direct,IndiGo,BOM,BLR,BOM-BLR,0.127,2026-08-31,T+1,Economy,10520.0,1850.0,970.0,250.0,13590.0,INR,Available,True
2026-08-30T10:30:00,2026-08-30,Airline Direct,IndiGo,BOM,BLR,BOM-BLR,0.127,2026-09-06,T+7,Economy,6680.0,1290.0,640.0,250.0,8860.0,INR,Available,False
2026-08-30T10:30:00,2026-08-30,Airline Direct,IndiGo,BOM,BLR,BOM-BLR,0.127,2026-09-14,T+15,Economy,5490.0,1060.0,590.0,250.0,7390.0,INR,Available,False
2026-08-30T10:30:00,2026-08-30,Airline Direct,IndiGo,BOM,BLR,BOM-BLR,0.127,2026-09-29,T+30,Economy,4540.0,920.0,480.0,250.0,6190.0,INR,Available,False
2026-08-30T10:30:00,2026-08-30,Airline Direct,IndiGo,BOM,BLR,BOM-BLR,0.127,2026-10-14,T+45,Economy,4080.0,870.0,430.0,250.0,5630.0,INR,Available,False
2026-08-30T10:30:00,2026-08-30,Airline Direct,Air India,BOM,BLR,BOM-BLR,0.127,2026-08-31,T+1,Economy,9060.0,1620.0,780.0,300.0,11760.0,INR,Available,False
2026-08-30T10:30:00,2026-08-30,Airline Direct,Air India,BOM,BLR,BOM-BLR,0.127,2026-09-06,T+7,Economy,6950.0,1250.0,640.0,300.0,9140.0,INR,Available,False
2026-08-30T10:30:00,2026-08-30,Airline Direct,Air India,BOM,BLR,BOM-BLR,0.127,2026-09-14,T+15,Economy,6000.0,1170.0,580.0,300.0,8050.0,INR,Available,False
2026-08-30T10:30:00,2026-08-30,Airline Direct,Air India,BOM,BLR,BOM-BLR,0.127,2026-09-29,T+30,Economy,5210.0,1000.0,560.0,300.0,7070.0,INR,Available,False
2026-08-30T10:30:00,2026-08-30,Airline Direct,Air India,BOM,BLR,BOM-BLR,0.127,2026-10-14,T+45,Economy,4730.0,930.0,500.0,300.0,6460.0,INR,Available,False
2026-08-30T10:30:00,2026-08-30,OTA Aggregator,Air India Express,BOM,BLR,BOM-BLR,0.127,2026-08-31,T+1,Economy,7940.0,1510.0,690.0,300.0,10440.0,INR,Available,False
2026-08-30T10:30:00,2026-08-30,OTA Aggregator,Air India Express,BOM,BLR,BOM-BLR,0.127,2026-09-06,T+7,Economy,5820.0,1100.0,580.0,300.0,7800.0,INR,Available,False
2026-08-30T10:30:00,2026-08-30,OTA Aggregator,Air India Express,BOM,BLR,BOM-BLR,0.127,2026-09-14,T+15,Economy,5060.0,1050.0,500.0,300.0,6910.0,INR,Available,False
2026-08-30T10:30:00,2026-08-30,OTA Aggregator,Air India Express,BOM,BLR,BOM-BLR,0.127,2026-09-29,T+30,Economy,4300.0,940.0,400.0,300.0,5940.0,INR,Available,False
2026-08-30T10:30:00,2026-08-30,OTA Aggregator,Air India Express,BOM,BLR,BOM-BLR,0.127,2026-10-14,T+45,Economy,4160.0,840.0,480.0,300.0,5780.0,INR,Available,False
2026-08-30T10:30:00,2026-08-30,OTA Aggregator,Akasa Air,BOM,BLR,BOM-BLR,0.127,2026-08-31,T+1,Economy,8370.0,1570.0,790.0,300.0,11030.0,INR,Available,False
2026-08-30T10:30:00,2026-08-30,OTA Aggregator,Akasa Air,BOM,BLR,BOM-BLR,0.127,2026-09-06,T+7,Economy,6200.0,1160.0,630.0,300.0,8290.0,INR,Available,False
2026-08-30T10:30:00,2026-08-30,OTA Aggregator,Akasa Air,BOM,BLR,BOM-BLR,0.127,2026-09-14,T+15,Economy,5160.0,980.0,550.0,300.0,6990.0,INR,Available,False
2026-08-30T10:30:00,2026-08-30,OTA Aggregator,Akasa Air,BOM,BLR,BOM-BLR,0.127,2026-09-29,T+30,Economy,4370.0,900.0,420.0,300.0,5990.0,INR,Available,False
2026-08-30T10:30:00,2026-08-30,OTA Aggregator,Akasa Air,BOM,BLR,BOM-BLR,0.127,2026-10-14,T+45,Economy,4220.0,840.0,400.0,300.0,5760.0,INR,Available,False
2026-08-30T10:30:00,2026-08-30,OTA Aggregator,SpiceJet,BOM,BLR,BOM-BLR,0.127,2026-08-31,T+1,Economy,7680.0,1370.0,730.0,250.0,10030.0,INR,Available,False
2026-08-30T10:30:00,2026-08-30,OTA Aggregator,SpiceJet,BOM,BLR,BOM-BLR,0.127,2026-09-06,T+7,Economy,6850.0,1300.0,630.0,250.0,9030.0,INR,Available,False
2026-08-30T10:30:00,2026-08-30,OTA Aggregator,SpiceJet,BOM,BLR,BOM-BLR,0.127,2026-09-14,T+15,Economy,5370.0,1070.0,510.0,250.0,7200.0,INR,Available,False
2026-08-30T10:30:00,2026-08-30,OTA Aggregator,SpiceJet,BOM,BLR,BOM-BLR,0.127,2026-09-29,T+30,Economy,4760.0,860.0,520.0,250.0,6390.0,INR,Available,False
2026-08-30T10:30:00,2026-08-30,OTA Aggregator,SpiceJet,BOM,BLR,BOM-BLR,0.127,2026-10-14,T+45,Economy,4230.0,830.0,450.0,250.0,5760.0,INR,Available,False
2026-08-30T10:30:00,2026-08-30,Airline Direct,IndiGo,DEL,CCU,DEL-CCU,0.113,2026-08-31,T+1,Economy,8040.0,1520.0,710.0,250.0,10520.0,INR,Available,False
2026-08-30T10:30:00,2026-08-30,Airline Direct,IndiGo,DEL,CCU,DEL-CCU,0.113,2026-09-06,T+7,Economy,5980.0,1120.0,530.0,250.0,7880.0,INR,Available,False
2026-08-30T10:30:00,2026-08-30,Airline Direct,IndiGo,DEL,CCU,DEL-CCU,0.113,2026-09-14,T+15,Economy,5230.0,1070.0,520.0,250.0,7070.0,INR,Available,False
2026-08-30T10:30:00,2026-08-30,Airline Direct,IndiGo,DEL,CCU,DEL-CCU,0.113,2026-09-29,T+30,Economy,4450.0,870.0,490.0,250.0,6060.0,INR,Available,False
2026-08-30T10:30:00,2026-08-30,Airline Direct,IndiGo,DEL,CCU,DEL-CCU,0.113,2026-10-14,T+45,Economy,4080.0,810.0,400.0,250.0,5540.0,INR,Available,False
2026-08-30T10:30:00,2026-08-30,Airline Direct,Air India,DEL,CCU,DEL-CCU,0.113,2026-08-31,T+1,Economy,8540.0,1570.0,750.0,300.0,11160.0,INR,Available,False
2026-08-30T10:30:00,2026-08-30,Airline Direct,Air India,DEL,CCU,DEL-CCU,0.113,2026-09-06,T+7,Economy,7030.0,1250.0,690.0,300.0,9270.0,INR,Available,False
2026-08-30T10:30:00,2026-08-30,Airline Direct,Air India,DEL,CCU,DEL-CCU,0.113,2026-09-14,T+15,Economy,5520.0,990.0,490.0,300.0,7300.0,INR,Available,False
2026-08-30T10:30:00,2026-08-30,Airline Direct,Air India,DEL,CCU,DEL-CCU,0.113,2026-09-29,T+30,Economy,5190.0,970.0,470.0,300.0,6930.0,INR,Available,False
2026-08-30T10:30:00,2026-08-30,Airline Direct,Air India,DEL,CCU,DEL-CCU,0.113,2026-10-14,T+45,Economy,4470.0,830.0,420.0,300.0,6020.0,INR,Available,False
2026-08-30T10:30:00,2026-08-30,OTA Aggregator,Air India Express,DEL,CCU,DEL-CCU,0.113,2026-08-31,T+1,Economy,6990.0,1310.0,700.0,300.0,9300.0,INR,Available,False
2026-08-30T10:30:00,2026-08-30,OTA Aggregator,Air India Express,DEL,CCU,DEL-CCU,0.113,2026-09-06,T+7,Economy,5940.0,1080.0,590.0,300.0,7910.0,INR,Available,False
2026-08-30T10:30:00,2026-08-30,OTA Aggregator,Air India Express,DEL,CCU,DEL-CCU,0.113,2026-09-14,T+15,Economy,4640.0,860.0,420.0,300.0,6220.0,INR,Available,False
2026-08-30T10:30:00,2026-08-30,OTA Aggregator,Air India Express,DEL,CCU,DEL-CCU,0.113,2026-09-29,T+30,Economy,4220.0,910.0,420.0,300.0,5850.0,INR,Available,False
2026-08-30T10:30:00,2026-08-30,OTA Aggregator,Air India Express,DEL,CCU,DEL-CCU,0.113,2026-10-14,T+45,Economy,3970.0,780.0,410.0,300.0,5460.0,INR,Available,False
2026-08-30T10:30:00,2026-08-30,OTA Aggregator,Akasa Air,DEL,CCU,DEL-CCU,0.113,2026-08-31,T+1,Economy,7670.0,1330.0,730.0,300.0,10030.0,INR,Available,False
2026-08-30T10:30:00,2026-08-30,OTA Aggregator,Akasa Air,DEL,CCU,DEL-CCU,0.113,2026-09-06,T+7,Economy,6160.0,1140.0,560.0,300.0,8160.0,INR,Available,False
2026-08-30T10:30:00,2026-08-30,OTA Aggregator,Akasa Air,DEL,CCU,DEL-CCU,0.113,2026-09-14,T+15,Economy,5240.0,960.0,490.0,300.0,6990.0,INR,Available,False
2026-08-30T10:30:00,2026-08-30,OTA Aggregator,Akasa Air,DEL,CCU,DEL-CCU,0.113,2026-09-29,T+30,Economy,4820.0,930.0,480.0,300.0,6530.0,INR,Available,False
2026-08-30T10:30:00,2026-08-30,OTA Aggregator,Akasa Air,DEL,CCU,DEL-CCU,0.113,2026-10-14,T+45,Economy,3840.0,720.0,450.0,300.0,5310.0,INR,Available,False
2026-08-30T10:30:00,2026-08-30,OTA Aggregator,SpiceJet,DEL,CCU,DEL-CCU,0.113,2026-08-31,T+1,Economy,7560.0,1380.0,750.0,250.0,9940.0,INR,Available,False
2026-08-30T10:30:00,2026-08-30,OTA Aggregator,SpiceJet,DEL,CCU,DEL-CCU,0.113,2026-09-06,T+7,Economy,5820.0,1050.0,610.0,250.0,7730.0,INR,Available,False
2026-08-30T10:30:00,2026-08-30,OTA Aggregator,SpiceJet,DEL,CCU,DEL-CCU,0.113,2026-09-14,T+15,Economy,5080.0,1010.0,540.0,250.0,6880.0,INR,Available,False
2026-08-30T10:30:00,2026-08-30,OTA Aggregator,SpiceJet,DEL,CCU,DEL-CCU,0.113,2026-09-29,T+30,Economy,4370.0,810.0,420.0,250.0,5850.0,INR,Available,False
2026-08-30T10:30:00,2026-08-30,OTA Aggregator,SpiceJet,DEL,CCU,DEL-CCU,0.113,2026-10-14,T+45,Economy,4170.0,780.0,400.0,250.0,5600.0,INR,Available,False
2026-08-30T10:30:00,2026-08-30,Airline Direct,IndiGo,BLR,HYD,BLR-HYD,0.098,2026-08-31,T+1,Economy,5860.0,1100.0,550.0,250.0,7760.0,INR,Available,False
2026-08-30T10:30:00,2026-08-30,Airline Direct,IndiGo,BLR,HYD,BLR-HYD,0.098,2026-09-06,T+7,Economy,4640.0,910.0,460.0,250.0,6260.0,INR,Available,False
2026-08-30T10:30:00,2026-08-30,Airline Direct,IndiGo,BLR,HYD,BLR-HYD,0.098,2026-09-14,T+15,Economy,4060.0,770.0,380.0,250.0,5460.0,INR,Available,False
2026-08-30T10:30:00,2026-08-30,Airline Direct,IndiGo,BLR,HYD,BLR-HYD,0.098,2026-09-29,T+30,Economy,3490.0,790.0,380.0,250.0,4910.0,INR,Available,False
2026-08-30T10:30:00,2026-08-30,Airline Direct,IndiGo,BLR,HYD,BLR-HYD,0.098,2026-10-14,T+45,Economy,3110.0,720.0,390.0,250.0,4470.0,INR,Available,False
2026-08-30T10:30:00,2026-08-30,Airline Direct,Air India,BLR,HYD,BLR-HYD,0.098,2026-08-31,T+1,Economy,6710.0,1190.0,680.0,300.0,8880.0,INR,Available,False
2026-08-30T10:30:00,2026-08-30,Airline Direct,Air India,BLR,HYD,BLR-HYD,0.098,2026-09-06,T+7,Economy,5170.0,930.0,540.0,300.0,6940.0,INR,Available,False
2026-08-30T10:30:00,2026-08-30,Airline Direct,Air India,BLR,HYD,BLR-HYD,0.098,2026-09-14,T+15,Economy,4420.0,830.0,430.0,300.0,5980.0,INR,Available,False
2026-08-30T10:30:00,2026-08-30,Airline Direct,Air India,BLR,HYD,BLR-HYD,0.098,2026-09-29,T+30,Economy,3530.0,760.0,390.0,300.0,4980.0,INR,Available,False
2026-08-30T10:30:00,2026-08-30,Airline Direct,Air India,BLR,HYD,BLR-HYD,0.098,2026-10-14,T+45,Economy,3510.0,680.0,400.0,300.0,4890.0,INR,Available,False
2026-08-30T10:30:00,2026-08-30,OTA Aggregator,Air India Express,BLR,HYD,BLR-HYD,0.098,2026-08-31,T+1,Economy,5250.0,980.0,510.0,300.0,7040.0,INR,Available,False
2026-08-30T10:30:00,2026-08-30,OTA Aggregator,Air India Express,BLR,HYD,BLR-HYD,0.098,2026-09-06,T+7,Economy,4460.0,820.0,500.0,300.0,6080.0,INR,Available,False
2026-08-30T10:30:00,2026-08-30,OTA Aggregator,Air India Express,BLR,HYD,BLR-HYD,0.098,2026-09-14,T+15,Economy,3670.0,740.0,400.0,300.0,5110.0,INR,Available,False
2026-08-30T10:30:00,2026-08-30,OTA Aggregator,Air India Express,BLR,HYD,BLR-HYD,0.098,2026-09-29,T+30,Economy,3450.0,710.0,360.0,300.0,4820.0,INR,Available,False
2026-08-30T10:30:00,2026-08-30,OTA Aggregator,Air India Express,BLR,HYD,BLR-HYD,0.098,2026-10-14,T+45,Economy,2750.0,570.0,330.0,300.0,3950.0,INR,Available,False
2026-08-30T10:30:00,2026-08-30,OTA Aggregator,Akasa Air,BLR,HYD,BLR-HYD,0.098,2026-08-31,T+1,Economy,5640.0,1030.0,500.0,300.0,7470.0,INR,Available,False
2026-08-30T10:30:00,2026-08-30,OTA Aggregator,Akasa Air,BLR,HYD,BLR-HYD,0.098,2026-09-06,T+7,Economy,4450.0,950.0,450.0,300.0,6150.0,INR,Available,False
2026-08-30T10:30:00,2026-08-30,OTA Aggregator,Akasa Air,BLR,HYD,BLR-HYD,0.098,2026-09-14,T+15,Economy,3900.0,870.0,390.0,300.0,5460.0,INR,Available,False
2026-08-30T10:30:00,2026-08-30,OTA Aggregator,Akasa Air,BLR,HYD,BLR-HYD,0.098,2026-09-29,T+30,Economy,3340.0,690.0,380.0,300.0,4710.0,INR,Available,False
2026-08-30T10:30:00,2026-08-30,OTA Aggregator,Akasa Air,BLR,HYD,BLR-HYD,0.098,2026-10-14,T+45,Economy,2860.0,600.0,340.0,300.0,4100.0,INR,Available,False
2026-08-30T10:30:00,2026-08-30,OTA Aggregator,SpiceJet,BLR,HYD,BLR-HYD,0.098,2026-08-31,T+1,Economy,5940.0,1080.0,550.0,250.0,7820.0,INR,Available,False
2026-08-30T10:30:00,2026-08-30,OTA Aggregator,SpiceJet,BLR,HYD,BLR-HYD,0.098,2026-09-06,T+7,Economy,4780.0,1000.0,450.0,250.0,6480.0,INR,Available,False
2026-08-30T10:30:00,2026-08-30,OTA Aggregator,SpiceJet,BLR,HYD,BLR-HYD,0.098,2026-09-14,T+15,Economy,3830.0,820.0,370.0,250.0,5270.0,INR,Available,False
2026-08-30T10:30:00,2026-08-30,OTA Aggregator,SpiceJet,BLR,HYD,BLR-HYD,0.098,2026-09-29,T+30,Economy,3420.0,690.0,420.0,250.0,4780.0,INR,Available,False
2026-08-30T10:30:00,2026-08-30,OTA Aggregator,SpiceJet,BLR,HYD,BLR-HYD,0.098,2026-10-14,T+45,Economy,2960.0,600.0,300.0,250.0,4110.0,INR,Available,False
2026-08-30T10:30:00,2026-08-30,Airline Direct,IndiGo,MAA,DEL,MAA-DEL,0.086,2026-08-31,T+1,Economy,8770.0,1600.0,800.0,250.0,11420.0,INR,Available,False
2026-08-30T10:30:00,2026-08-30,Airline Direct,IndiGo,MAA,DEL,MAA-DEL,0.086,2026-09-06,T+7,Economy,6760.0,1300.0,670.0,250.0,8980.0,INR,Available,False
2026-08-30T10:30:00,2026-08-30,Airline Direct,IndiGo,MAA,DEL,MAA-DEL,0.086,2026-09-14,T+15,Economy,6010.0,1060.0,570.0,250.0,7890.0,INR,Available,False
2026-08-30T10:30:00,2026-08-30,Airline Direct,IndiGo,MAA,DEL,MAA-DEL,0.086,2026-09-29,T+30,Economy,5280.0,980.0,520.0,250.0,7030.0,INR,Available,False
2026-08-30T10:30:00,2026-08-30,Airline Direct,IndiGo,MAA,DEL,MAA-DEL,0.086,2026-10-14,T+45,Economy,4830.0,900.0,470.0,250.0,6450.0,INR,Available,False
2026-08-30T10:30:00,2026-08-30,Airline Direct,Air India,MAA,DEL,MAA-DEL,0.086,2026-08-31,T+1,Economy,9600.0,1720.0,900.0,300.0,12520.0,INR,Available,False
2026-08-30T10:30:00,2026-08-30,Airline Direct,Air India,MAA,DEL,MAA-DEL,0.086,2026-09-06,T+7,Economy,7590.0,1360.0,750.0,300.0,10000.0,INR,Available,False
2026-08-30T10:30:00,2026-08-30,Airline Direct,Air India,MAA,DEL,MAA-DEL,0.086,2026-09-14,T+15,Economy,6600.0,1240.0,600.0,300.0,8740.0,INR,Available,False
2026-08-30T10:30:00,2026-08-30,Airline Direct,Air India,MAA,DEL,MAA-DEL,0.086,2026-09-29,T+30,Economy,5720.0,1120.0,580.0,300.0,7720.0,INR,Available,False
2026-08-30T10:30:00,2026-08-30,Airline Direct,Air India,MAA,DEL,MAA-DEL,0.086,2026-10-14,T+45,Economy,5170.0,970.0,530.0,300.0,6970.0,INR,Available,False
2026-08-30T10:30:00,2026-08-30,OTA Aggregator,Air India Express,MAA,DEL,MAA-DEL,0.086,2026-08-31,T+1,Economy,8460.0,1480.0,760.0,300.0,11000.0,INR,Available,False
2026-08-30T10:30:00,2026-08-30,OTA Aggregator,Air India Express,MAA,DEL,MAA-DEL,0.086,2026-09-06,T+7,Economy,6170.0,1090.0,580.0,300.0,8140.0,INR,Available,False
2026-08-30T10:30:00,2026-08-30,OTA Aggregator,Air India Express,MAA,DEL,MAA-DEL,0.086,2026-09-14,T+15,Economy,5530.0,1110.0,500.0,300.0,7440.0,INR,Available,False
2026-08-30T10:30:00,2026-08-30,OTA Aggregator,Air India Express,MAA,DEL,MAA-DEL,0.086,2026-09-29,T+30,Economy,5040.0,1050.0,550.0,300.0,6940.0,INR,Available,False
2026-08-30T10:30:00,2026-08-30,OTA Aggregator,Air India Express,MAA,DEL,MAA-DEL,0.086,2026-10-14,T+45,Economy,4340.0,860.0,490.0,300.0,5990.0,INR,Available,False
2026-08-30T10:30:00,2026-08-30,OTA Aggregator,Akasa Air,MAA,DEL,MAA-DEL,0.086,2026-08-31,T+1,Economy,8170.0,1430.0,790.0,300.0,10690.0,INR,Available,False
2026-08-30T10:30:00,2026-08-30,OTA Aggregator,Akasa Air,MAA,DEL,MAA-DEL,0.086,2026-09-06,T+7,Economy,6770.0,1240.0,650.0,300.0,8960.0,INR,Available,False
2026-08-30T10:30:00,2026-08-30,OTA Aggregator,Akasa Air,MAA,DEL,MAA-DEL,0.086,2026-09-14,T+15,Economy,5540.0,1140.0,570.0,300.0,7550.0,INR,Available,False
2026-08-30T10:30:00,2026-08-30,OTA Aggregator,Akasa Air,MAA,DEL,MAA-DEL,0.086,2026-09-29,T+30,Economy,4800.0,1010.0,460.0,300.0,6570.0,INR,Available,False
2026-08-30T10:30:00,2026-08-30,OTA Aggregator,Akasa Air,MAA,DEL,MAA-DEL,0.086,2026-10-14,T+45,Economy,4500.0,890.0,430.0,300.0,6120.0,INR,Available,False
2026-08-30T10:30:00,2026-08-30,OTA Aggregator,SpiceJet,MAA,DEL,MAA-DEL,0.086,2026-08-31,T+1,Economy,8350.0,1490.0,740.0,250.0,10830.0,INR,Available,False
2026-08-30T10:30:00,2026-08-30,OTA Aggregator,SpiceJet,MAA,DEL,MAA-DEL,0.086,2026-09-06,T+7,Economy,6910.0,1310.0,650.0,250.0,9120.0,INR,Available,False
2026-08-30T10:30:00,2026-08-30,OTA Aggregator,SpiceJet,MAA,DEL,MAA-DEL,0.086,2026-09-14,T+15,Economy,5360.0,1040.0,490.0,250.0,7140.0,INR,Available,False
2026-08-30T10:30:00,2026-08-30,OTA Aggregator,SpiceJet,MAA,DEL,MAA-DEL,0.086,2026-09-29,T+30,Economy,5380.0,1110.0,580.0,250.0,7320.0,INR,Available,False
2026-08-30T10:30:00,2026-08-30,OTA Aggregator,SpiceJet,MAA,DEL,MAA-DEL,0.086,2026-10-14,T+45,Economy,4690.0,980.0,430.0,250.0,6350.0,INR,Available,False
2026-08-30T10:30:00,2026-08-30,Airline Direct,IndiGo,BOM,DEL,BOM-DEL,0.135,2026-08-31,T+1,Economy,10150.0,1790.0,890.0,250.0,13080.0,INR,Available,False
2026-08-30T10:30:00,2026-08-30,Airline Direct,IndiGo,BOM,DEL,BOM-DEL,0.135,2026-09-06,T+7,Economy,7940.0,1440.0,700.0,250.0,10330.0,INR,Available,False
2026-08-30T10:30:00,2026-08-30,Airline Direct,IndiGo,BOM,DEL,BOM-DEL,0.135,2026-09-14,T+15,Economy,6860.0,1200.0,610.0,250.0,8920.0,INR,Available,False
2026-08-30T10:30:00,2026-08-30,Airline Direct,IndiGo,BOM,DEL,BOM-DEL,0.135,2026-09-29,T+30,Economy,5700.0,1030.0,550.0,250.0,7530.0,INR,Available,False
2026-08-30T10:30:00,2026-08-30,Airline Direct,IndiGo,BOM,DEL,BOM-DEL,0.135,2026-10-14,T+45,Economy,5460.0,1090.0,540.0,250.0,7340.0,INR,Available,False
2026-08-30T10:30:00,2026-08-30,Airline Direct,Air India,BOM,DEL,BOM-DEL,0.135,2026-08-31,T+1,Economy,11390.0,1930.0,980.0,300.0,14600.0,INR,Available,False
2026-08-30T10:30:00,2026-08-30,Airline Direct,Air India,BOM,DEL,BOM-DEL,0.135,2026-09-06,T+7,Economy,8110.0,1540.0,750.0,300.0,10700.0,INR,Available,False
2026-08-30T10:30:00,2026-08-30,Airline Direct,Air India,BOM,DEL,BOM-DEL,0.135,2026-09-14,T+15,Economy,6630.0,1170.0,620.0,300.0,8720.0,INR,Available,False
2026-08-30T10:30:00,2026-08-30,Airline Direct,Air India,BOM,DEL,BOM-DEL,0.135,2026-09-29,T+30,Economy,6340.0,1200.0,620.0,300.0,8460.0,INR,Available,False
2026-08-30T10:30:00,2026-08-30,Airline Direct,Air India,BOM,DEL,BOM-DEL,0.135,2026-10-14,T+45,Economy,5720.0,1120.0,580.0,300.0,7720.0,INR,Available,False
2026-08-30T10:30:00,2026-08-30,OTA Aggregator,Air India Express,BOM,DEL,BOM-DEL,0.135,2026-08-31,T+1,Economy,8880.0,1630.0,830.0,300.0,11640.0,INR,Available,False
2026-08-30T10:30:00,2026-08-30,OTA Aggregator,Air India Express,BOM,DEL,BOM-DEL,0.135,2026-09-06,T+7,Economy,7340.0,1420.0,720.0,300.0,9780.0,INR,Available,False
2026-08-30T10:30:00,2026-08-30,OTA Aggregator,Air India Express,BOM,DEL,BOM-DEL,0.135,2026-09-14,T+15,Economy,6110.0,1160.0,570.0,300.0,8140.0,INR,Available,False
2026-08-30T10:30:00,2026-08-30,OTA Aggregator,Air India Express,BOM,DEL,BOM-DEL,0.135,2026-09-29,T+30,Economy,5090.0,1040.0,530.0,300.0,6960.0,INR,Available,False
2026-08-30T10:30:00,2026-08-30,OTA Aggregator,Air India Express,BOM,DEL,BOM-DEL,0.135,2026-10-14,T+45,Economy,5040.0,990.0,480.0,300.0,6810.0,INR,Available,False
2026-08-30T10:30:00,2026-08-30,OTA Aggregator,Akasa Air,BOM,DEL,BOM-DEL,0.135,2026-08-31,T+1,Economy,9200.0,1710.0,850.0,300.0,12060.0,INR,Available,False
2026-08-30T10:30:00,2026-08-30,OTA Aggregator,Akasa Air,BOM,DEL,BOM-DEL,0.135,2026-09-06,T+7,Economy,7380.0,1310.0,670.0,300.0,9660.0,INR,Available,False
2026-08-30T10:30:00,2026-08-30,OTA Aggregator,Akasa Air,BOM,DEL,BOM-DEL,0.135,2026-09-14,T+15,Economy,6520.0,1200.0,670.0,300.0,8690.0,INR,Available,False
2026-08-30T10:30:00,2026-08-30,OTA Aggregator,Akasa Air,BOM,DEL,BOM-DEL,0.135,2026-09-29,T+30,Economy,5530.0,1040.0,500.0,300.0,7370.0,INR,Available,False
2026-08-30T10:30:00,2026-08-30,OTA Aggregator,Akasa Air,BOM,DEL,BOM-DEL,0.135,2026-10-14,T+45,Economy,4990.0,930.0,540.0,300.0,6760.0,INR,Available,False
2026-08-30T10:30:00,2026-08-30,OTA Aggregator,SpiceJet,BOM,DEL,BOM-DEL,0.135,2026-08-31,T+1,Economy,9710.0,1700.0,840.0,250.0,12500.0,INR,Available,False
2026-08-30T10:30:00,2026-08-30,OTA Aggregator,SpiceJet,BOM,DEL,BOM-DEL,0.135,2026-09-06,T+7,Economy,7410.0,1410.0,700.0,250.0,9770.0,INR,Available,False
2026-08-30T10:30:00,2026-08-30,OTA Aggregator,SpiceJet,BOM,DEL,BOM-DEL,0.135,2026-09-14,T+15,Economy,6440.0,1280.0,620.0,250.0,8590.0,INR,Available,False
2026-08-30T10:30:00,2026-08-30,OTA Aggregator,SpiceJet,BOM,DEL,BOM-DEL,0.135,2026-09-29,T+30,Economy,5670.0,1100.0,560.0,250.0,7580.0,INR,Available,False
2026-08-30T10:30:00,2026-08-30,OTA Aggregator,SpiceJet,BOM,DEL,BOM-DEL,0.135,2026-10-14,T+45,Economy,5320.0,1050.0,560.0,250.0,7180.0,INR,Available,False
2026-08-30T10:30:00,2026-08-30,Airline Direct,IndiGo,HYD,DEL,HYD-DEL,0.105,2026-08-31,T+1,Economy,7570.0,1340.0,720.0,250.0,9880.0,INR,Available,False
2026-08-30T10:30:00,2026-08-30,Airline Direct,IndiGo,HYD,DEL,HYD-DEL,0.105,2026-09-06,T+7,Economy,5920.0,1150.0,620.0,250.0,7940.0,INR,Available,False
2026-08-30T10:30:00,2026-08-30,Airline Direct,IndiGo,HYD,DEL,HYD-DEL,0.105,2026-09-14,T+15,Economy,4750.0,860.0,440.0,250.0,6300.0,INR,Available,False
2026-08-30T10:30:00,2026-08-30,Airline Direct,IndiGo,HYD,DEL,HYD-DEL,0.105,2026-09-29,T+30,Economy,4310.0,910.0,480.0,250.0,5950.0,INR,Available,False
2026-08-30T10:30:00,2026-08-30,Airline Direct,IndiGo,HYD,DEL,HYD-DEL,0.105,2026-10-14,T+45,Economy,3880.0,830.0,450.0,250.0,5410.0,INR,Available,False
2026-08-30T10:30:00,2026-08-30,Airline Direct,Air India,HYD,DEL,HYD-DEL,0.105,2026-08-31,T+1,Economy,10020.0,1830.0,920.0,300.0,13070.0,INR,Available,True
2026-08-30T10:30:00,2026-08-30,Airline Direct,Air India,HYD,DEL,HYD-DEL,0.105,2026-09-06,T+7,Economy,6260.0,1210.0,580.0,300.0,8350.0,INR,Available,False
2026-08-30T10:30:00,2026-08-30,Airline Direct,Air India,HYD,DEL,HYD-DEL,0.105,2026-09-14,T+15,Economy,5470.0,980.0,560.0,300.0,7310.0,INR,Available,False
2026-08-30T10:30:00,2026-08-30,Airline Direct,Air India,HYD,DEL,HYD-DEL,0.105,2026-09-29,T+30,Economy,4660.0,890.0,430.0,300.0,6280.0,INR,Available,False
2026-08-30T10:30:00,2026-08-30,Airline Direct,Air India,HYD,DEL,HYD-DEL,0.105,2026-10-14,T+45,Economy,4180.0,880.0,460.0,300.0,5820.0,INR,Available,False
2026-08-30T10:30:00,2026-08-30,OTA Aggregator,Air India Express,HYD,DEL,HYD-DEL,0.105,2026-08-31,T+1,Economy,7260.0,1380.0,690.0,300.0,9630.0,INR,Available,False
2026-08-30T10:30:00,2026-08-30,OTA Aggregator,Air India Express,HYD,DEL,HYD-DEL,0.105,2026-09-06,T+7,Economy,5570.0,1080.0,500.0,300.0,7450.0,INR,Available,False
2026-08-30T10:30:00,2026-08-30,OTA Aggregator,Air India Express,HYD,DEL,HYD-DEL,0.105,2026-09-14,T+15,Economy,4440.0,950.0,460.0,300.0,6150.0,INR,Available,False
2026-08-30T10:30:00,2026-08-30,OTA Aggregator,Air India Express,HYD,DEL,HYD-DEL,0.105,2026-09-29,T+30,Economy,4040.0,810.0,420.0,300.0,5570.0,INR,Available,False
2026-08-30T10:30:00,2026-08-30,OTA Aggregator,Air India Express,HYD,DEL,HYD-DEL,0.105,2026-10-14,T+45,Economy,3290.0,760.0,390.0,300.0,4740.0,INR,Available,False
2026-08-30T10:30:00,2026-08-30,OTA Aggregator,Akasa Air,HYD,DEL,HYD-DEL,0.105,2026-08-31,T+1,Economy,7200.0,1340.0,700.0,300.0,9540.0,INR,Available,False
2026-08-30T10:30:00,2026-08-30,OTA Aggregator,Akasa Air,HYD,DEL,HYD-DEL,0.105,2026-09-06,T+7,Economy,5310.0,1060.0,510.0,300.0,7180.0,INR,Available,False
2026-08-30T10:30:00,2026-08-30,OTA Aggregator,Akasa Air,HYD,DEL,HYD-DEL,0.105,2026-09-14,T+15,Economy,4910.0,960.0,500.0,300.0,6670.0,INR,Available,False
2026-08-30T10:30:00,2026-08-30,OTA Aggregator,Akasa Air,HYD,DEL,HYD-DEL,0.105,2026-09-29,T+30,Economy,3960.0,840.0,440.0,300.0,5540.0,INR,Available,False
2026-08-30T10:30:00,2026-08-30,OTA Aggregator,Akasa Air,HYD,DEL,HYD-DEL,0.105,2026-10-14,T+45,Economy,3650.0,730.0,390.0,300.0,5070.0,INR,Available,False
2026-08-30T10:30:00,2026-08-30,OTA Aggregator,SpiceJet,HYD,DEL,HYD-DEL,0.105,2026-08-31,T+1,Economy,7160.0,1330.0,630.0,250.0,9370.0,INR,Available,False
2026-08-30T10:30:00,2026-08-30,OTA Aggregator,SpiceJet,HYD,DEL,HYD-DEL,0.105,2026-09-06,T+7,Economy,5160.0,1010.0,510.0,250.0,6930.0,INR,Available,False
2026-08-30T10:30:00,2026-08-30,OTA Aggregator,SpiceJet,HYD,DEL,HYD-DEL,0.105,2026-09-14,T+15,Economy,4810.0,910.0,530.0,250.0,6500.0,INR,Available,False
2026-08-30T10:30:00,2026-08-30,OTA Aggregator,SpiceJet,HYD,DEL,HYD-DEL,0.105,2026-09-29,T+30,Economy,4240.0,920.0,440.0,250.0,5850.0,INR,Available,False
2026-08-30T10:30:00,2026-08-30,OTA Aggregator,SpiceJet,HYD,DEL,HYD-DEL,0.105,2026-10-14,T+45,Economy,3700.0,820.0,360.0,250.0,5130.0,INR,Available,False
2026-08-31T10:30:00,2026-08-31,Airline Direct,IndiGo,DEL,BOM,DEL-BOM,0.182,2026-09-01,T+1,Economy,11100.0,1940.0,970.0,300.0,14310.0,INR,Available,True
2026-08-31T10:30:00,2026-08-31,Airline Direct,IndiGo,DEL,BOM,DEL-BOM,0.182,2026-09-07,T+7,Economy,7560.0,1410.0,750.0,300.0,10020.0,INR,Available,False
2026-08-31T10:30:00,2026-08-31,Airline Direct,IndiGo,DEL,BOM,DEL-BOM,0.182,2026-09-15,T+15,Economy,6490.0,1210.0,610.0,300.0,8610.0,INR,Available,False
2026-08-31T10:30:00,2026-08-31,Airline Direct,IndiGo,DEL,BOM,DEL-BOM,0.182,2026-09-30,T+30,Economy,5570.0,1110.0,540.0,300.0,7520.0,INR,Available,False
2026-08-31T10:30:00,2026-08-31,Airline Direct,IndiGo,DEL,BOM,DEL-BOM,0.182,2026-10-15,T+45,Economy,5240.0,1030.0,490.0,300.0,7060.0,INR,Available,False
2026-08-31T10:30:00,2026-08-31,Airline Direct,Air India,DEL,BOM,DEL-BOM,0.182,2026-09-01,T+1,Economy,11140.0,1920.0,980.0,250.0,14290.0,INR,Available,False
2026-08-31T10:30:00,2026-08-31,Airline Direct,Air India,DEL,BOM,DEL-BOM,0.182,2026-09-07,T+7,Economy,8310.0,1460.0,740.0,250.0,10760.0,INR,Available,False
2026-08-31T10:30:00,2026-08-31,Airline Direct,Air India,DEL,BOM,DEL-BOM,0.182,2026-09-15,T+15,Economy,7260.0,1320.0,690.0,250.0,9520.0,INR,Available,False
2026-08-31T10:30:00,2026-08-31,Airline Direct,Air India,DEL,BOM,DEL-BOM,0.182,2026-09-30,T+30,Economy,5700.0,1100.0,530.0,250.0,7580.0,INR,Available,False
2026-08-31T10:30:00,2026-08-31,Airline Direct,Air India,DEL,BOM,DEL-BOM,0.182,2026-10-15,T+45,Economy,5430.0,980.0,490.0,250.0,7150.0,INR,Available,False
2026-08-31T10:30:00,2026-08-31,OTA Aggregator,Air India Express,DEL,BOM,DEL-BOM,0.182,2026-09-01,T+1,Economy,9050.0,1660.0,850.0,250.0,11810.0,INR,Available,False
2026-08-31T10:30:00,2026-08-31,OTA Aggregator,Air India Express,DEL,BOM,DEL-BOM,0.182,2026-09-07,T+7,Economy,7020.0,1310.0,700.0,250.0,9280.0,INR,Available,False
2026-08-31T10:30:00,2026-08-31,OTA Aggregator,Air India Express,DEL,BOM,DEL-BOM,0.182,2026-09-15,T+15,Economy,6150.0,1140.0,580.0,250.0,8120.0,INR,Available,False
2026-08-31T10:30:00,2026-08-31,OTA Aggregator,Air India Express,DEL,BOM,DEL-BOM,0.182,2026-09-30,T+30,Economy,5170.0,990.0,470.0,250.0,6880.0,INR,Available,False
2026-08-31T10:30:00,2026-08-31,OTA Aggregator,Air India Express,DEL,BOM,DEL-BOM,0.182,2026-10-15,T+45,Economy,4600.0,850.0,430.0,250.0,6130.0,INR,Available,False
2026-08-31T10:30:00,2026-08-31,OTA Aggregator,Akasa Air,DEL,BOM,DEL-BOM,0.182,2026-09-01,T+1,Economy,11240.0,1940.0,1040.0,250.0,14470.0,INR,Available,True
2026-08-31T10:30:00,2026-08-31,OTA Aggregator,Akasa Air,DEL,BOM,DEL-BOM,0.182,2026-09-07,T+7,Economy,7010.0,1320.0,710.0,250.0,9290.0,INR,Available,False
2026-08-31T10:30:00,2026-08-31,OTA Aggregator,Akasa Air,DEL,BOM,DEL-BOM,0.182,2026-09-15,T+15,Economy,6080.0,1110.0,560.0,250.0,8000.0,INR,Available,False
2026-08-31T10:30:00,2026-08-31,OTA Aggregator,Akasa Air,DEL,BOM,DEL-BOM,0.182,2026-09-30,T+30,Economy,5050.0,1050.0,550.0,250.0,6900.0,INR,Available,False
2026-08-31T10:30:00,2026-08-31,OTA Aggregator,Akasa Air,DEL,BOM,DEL-BOM,0.182,2026-10-15,T+45,Economy,4930.0,1010.0,480.0,250.0,6670.0,INR,Available,False
2026-08-31T10:30:00,2026-08-31,OTA Aggregator,SpiceJet,DEL,BOM,DEL-BOM,0.182,2026-09-01,T+1,Economy,9080.0,1690.0,820.0,300.0,11890.0,INR,Available,False
2026-08-31T10:30:00,2026-08-31,OTA Aggregator,SpiceJet,DEL,BOM,DEL-BOM,0.182,2026-09-07,T+7,Economy,7240.0,1360.0,650.0,300.0,9550.0,INR,Available,False
2026-08-31T10:30:00,2026-08-31,OTA Aggregator,SpiceJet,DEL,BOM,DEL-BOM,0.182,2026-09-15,T+15,Economy,6720.0,1230.0,620.0,300.0,8870.0,INR,Available,False
2026-08-31T10:30:00,2026-08-31,OTA Aggregator,SpiceJet,DEL,BOM,DEL-BOM,0.182,2026-09-30,T+30,Economy,5280.0,940.0,550.0,300.0,7070.0,INR,Available,False
2026-08-31T10:30:00,2026-08-31,OTA Aggregator,SpiceJet,DEL,BOM,DEL-BOM,0.182,2026-10-15,T+45,Economy,5100.0,960.0,560.0,300.0,6920.0,INR,Available,False
2026-08-31T10:30:00,2026-08-31,Airline Direct,IndiGo,DEL,BLR,DEL-BLR,0.154,2026-09-01,T+1,Economy,9980.0,1800.0,920.0,300.0,13000.0,INR,Available,False
2026-08-31T10:30:00,2026-08-31,Airline Direct,IndiGo,DEL,BLR,DEL-BLR,0.154,2026-09-07,T+7,Economy,7420.0,1420.0,710.0,300.0,9850.0,INR,Available,False
2026-08-31T10:30:00,2026-08-31,Airline Direct,IndiGo,DEL,BLR,DEL-BLR,0.154,2026-09-15,T+15,Economy,5930.0,1110.0,560.0,300.0,7900.0,INR,Available,False
2026-08-31T10:30:00,2026-08-31,Airline Direct,IndiGo,DEL,BLR,DEL-BLR,0.154,2026-09-30,T+30,Economy,5540.0,1080.0,520.0,300.0,7440.0,INR,Available,False
2026-08-31T10:30:00,2026-08-31,Airline Direct,IndiGo,DEL,BLR,DEL-BLR,0.154,2026-10-15,T+45,Economy,5090.0,1050.0,510.0,300.0,6950.0,INR,Available,False
2026-08-31T10:30:00,2026-08-31,Airline Direct,Air India,DEL,BLR,DEL-BLR,0.154,2026-09-01,T+1,Economy,9930.0,1820.0,850.0,250.0,12850.0,INR,Available,False
2026-08-31T10:30:00,2026-08-31,Airline Direct,Air India,DEL,BLR,DEL-BLR,0.154,2026-09-07,T+7,Economy,8010.0,1460.0,740.0,250.0,10460.0,INR,Available,False
2026-08-31T10:30:00,2026-08-31,Airline Direct,Air India,DEL,BLR,DEL-BLR,0.154,2026-09-15,T+15,Economy,6480.0,1170.0,660.0,250.0,8560.0,INR,Available,False
2026-08-31T10:30:00,2026-08-31,Airline Direct,Air India,DEL,BLR,DEL-BLR,0.154,2026-09-30,T+30,Economy,6000.0,1150.0,540.0,250.0,7940.0,INR,Available,False
2026-08-31T10:30:00,2026-08-31,Airline Direct,Air India,DEL,BLR,DEL-BLR,0.154,2026-10-15,T+45,Economy,5420.0,1030.0,570.0,250.0,7270.0,INR,Available,False
2026-08-31T10:30:00,2026-08-31,OTA Aggregator,Air India Express,DEL,BLR,DEL-BLR,0.154,2026-09-01,T+1,Economy,8280.0,1510.0,710.0,250.0,10750.0,INR,Available,False
2026-08-31T10:30:00,2026-08-31,OTA Aggregator,Air India Express,DEL,BLR,DEL-BLR,0.154,2026-09-07,T+7,Economy,6640.0,1300.0,630.0,250.0,8820.0,INR,Available,False
2026-08-31T10:30:00,2026-08-31,OTA Aggregator,Air India Express,DEL,BLR,DEL-BLR,0.154,2026-09-15,T+15,Economy,5890.0,1150.0,530.0,250.0,7820.0,INR,Available,False
2026-08-31T10:30:00,2026-08-31,OTA Aggregator,Air India Express,DEL,BLR,DEL-BLR,0.154,2026-09-30,T+30,Economy,4800.0,920.0,450.0,250.0,6420.0,INR,Available,False
2026-08-31T10:30:00,2026-08-31,OTA Aggregator,Air India Express,DEL,BLR,DEL-BLR,0.154,2026-10-15,T+45,Economy,4740.0,880.0,450.0,250.0,6320.0,INR,Available,False
2026-08-31T10:30:00,2026-08-31,OTA Aggregator,Akasa Air,DEL,BLR,DEL-BLR,0.154,2026-09-01,T+1,Economy,9060.0,1660.0,780.0,250.0,11750.0,INR,Available,False
2026-08-31T10:30:00,2026-08-31,OTA Aggregator,Akasa Air,DEL,BLR,DEL-BLR,0.154,2026-09-07,T+7,Economy,6740.0,1270.0,640.0,250.0,8900.0,INR,Available,False
2026-08-31T10:30:00,2026-08-31,OTA Aggregator,Akasa Air,DEL,BLR,DEL-BLR,0.154,2026-09-15,T+15,Economy,6120.0,1110.0,600.0,250.0,8080.0,INR,Available,False
2026-08-31T10:30:00,2026-08-31,OTA Aggregator,Akasa Air,DEL,BLR,DEL-BLR,0.154,2026-09-30,T+30,Economy,5010.0,910.0,490.0,250.0,6660.0,INR,Available,False
2026-08-31T10:30:00,2026-08-31,OTA Aggregator,Akasa Air,DEL,BLR,DEL-BLR,0.154,2026-10-15,T+45,Economy,4770.0,940.0,510.0,250.0,6470.0,INR,Available,False
2026-08-31T10:30:00,2026-08-31,OTA Aggregator,SpiceJet,DEL,BLR,DEL-BLR,0.154,2026-09-01,T+1,Economy,8730.0,1510.0,820.0,300.0,11360.0,INR,Available,False
2026-08-31T10:30:00,2026-08-31,OTA Aggregator,SpiceJet,DEL,BLR,DEL-BLR,0.154,2026-09-07,T+7,Economy,7340.0,1390.0,650.0,300.0,9680.0,INR,Available,False
2026-08-31T10:30:00,2026-08-31,OTA Aggregator,SpiceJet,DEL,BLR,DEL-BLR,0.154,2026-09-15,T+15,Economy,6020.0,1090.0,540.0,300.0,7950.0,INR,Available,False
2026-08-31T10:30:00,2026-08-31,OTA Aggregator,SpiceJet,DEL,BLR,DEL-BLR,0.154,2026-09-30,T+30,Economy,5110.0,1070.0,500.0,300.0,6980.0,INR,Available,False
2026-08-31T10:30:00,2026-08-31,OTA Aggregator,SpiceJet,DEL,BLR,DEL-BLR,0.154,2026-10-15,T+45,Economy,4420.0,920.0,470.0,300.0,6110.0,INR,Available,False
2026-08-31T10:30:00,2026-08-31,Airline Direct,IndiGo,BOM,BLR,BOM-BLR,0.127,2026-09-01,T+1,Economy,8480.0,1510.0,820.0,300.0,11110.0,INR,Available,False
2026-08-31T10:30:00,2026-08-31,Airline Direct,IndiGo,BOM,BLR,BOM-BLR,0.127,2026-09-07,T+7,Economy,6240.0,1160.0,620.0,300.0,8320.0,INR,Available,False
2026-08-31T10:30:00,2026-08-31,Airline Direct,IndiGo,BOM,BLR,BOM-BLR,0.127,2026-09-15,T+15,Economy,5130.0,930.0,460.0,300.0,6820.0,INR,Available,False
2026-08-31T10:30:00,2026-08-31,Airline Direct,IndiGo,BOM,BLR,BOM-BLR,0.127,2026-09-30,T+30,Economy,4570.0,890.0,490.0,300.0,6250.0,INR,Available,False
2026-08-31T10:30:00,2026-08-31,Airline Direct,IndiGo,BOM,BLR,BOM-BLR,0.127,2026-10-15,T+45,Economy,4240.0,820.0,470.0,300.0,5830.0,INR,Available,False
2026-08-31T10:30:00,2026-08-31,Airline Direct,Air India,BOM,BLR,BOM-BLR,0.127,2026-09-01,T+1,Economy,8260.0,1540.0,760.0,250.0,10810.0,INR,Available,False
2026-08-31T10:30:00,2026-08-31,Airline Direct,Air India,BOM,BLR,BOM-BLR,0.127,2026-09-07,T+7,Economy,6840.0,1220.0,630.0,250.0,8940.0,INR,Available,False
2026-08-31T10:30:00,2026-08-31,Airline Direct,Air India,BOM,BLR,BOM-BLR,0.127,2026-09-15,T+15,Economy,5540.0,1010.0,560.0,250.0,7360.0,INR,Available,False
2026-08-31T10:30:00,2026-08-31,Airline Direct,Air India,BOM,BLR,BOM-BLR,0.127,2026-09-30,T+30,Economy,5100.0,980.0,470.0,250.0,6800.0,INR,Available,False
2026-08-31T10:30:00,2026-08-31,Airline Direct,Air India,BOM,BLR,BOM-BLR,0.127,2026-10-15,T+45,Economy,4730.0,990.0,480.0,250.0,6450.0,INR,Available,False
2026-08-31T10:30:00,2026-08-31,OTA Aggregator,Air India Express,BOM,BLR,BOM-BLR,0.127,2026-09-01,T+1,Economy,7740.0,1360.0,710.0,250.0,10060.0,INR,Available,False
2026-08-31T10:30:00,2026-08-31,OTA Aggregator,Air India Express,BOM,BLR,BOM-BLR,0.127,2026-09-07,T+7,Economy,5320.0,990.0,500.0,250.0,7060.0,INR,Available,False
2026-08-31T10:30:00,2026-08-31,OTA Aggregator,Air India Express,BOM,BLR,BOM-BLR,0.127,2026-09-15,T+15,Economy,4830.0,950.0,510.0,250.0,6540.0,INR,Available,False
2026-08-31T10:30:00,2026-08-31,OTA Aggregator,Air India Express,BOM,BLR,BOM-BLR,0.127,2026-09-30,T+30,Economy,4330.0,940.0,410.0,250.0,5930.0,INR,Available,False
2026-08-31T10:30:00,2026-08-31,OTA Aggregator,Air India Express,BOM,BLR,BOM-BLR,0.127,2026-10-15,T+45,Economy,3890.0,740.0,390.0,250.0,5270.0,INR,Available,False
2026-08-31T10:30:00,2026-08-31,OTA Aggregator,Akasa Air,BOM,BLR,BOM-BLR,0.127,2026-09-01,T+1,Economy,7800.0,1450.0,700.0,250.0,10200.0,INR,Available,False
2026-08-31T10:30:00,2026-08-31,OTA Aggregator,Akasa Air,BOM,BLR,BOM-BLR,0.127,2026-09-07,T+7,Economy,6170.0,1150.0,630.0,250.0,8200.0,INR,Available,False
2026-08-31T10:30:00,2026-08-31,OTA Aggregator,Akasa Air,BOM,BLR,BOM-BLR,0.127,2026-09-15,T+15,Economy,4990.0,1030.0,500.0,250.0,6770.0,INR,Available,False
2026-08-31T10:30:00,2026-08-31,OTA Aggregator,Akasa Air,BOM,BLR,BOM-BLR,0.127,2026-09-30,T+30,Economy,4530.0,900.0,420.0,250.0,6100.0,INR,Available,False
2026-08-31T10:30:00,2026-08-31,OTA Aggregator,Akasa Air,BOM,BLR,BOM-BLR,0.127,2026-10-15,T+45,Economy,4120.0,780.0,460.0,250.0,5610.0,INR,Available,False
2026-08-31T10:30:00,2026-08-31,OTA Aggregator,SpiceJet,BOM,BLR,BOM-BLR,0.127,2026-09-01,T+1,Economy,7750.0,1430.0,690.0,300.0,10170.0,INR,Available,False
2026-08-31T10:30:00,2026-08-31,OTA Aggregator,SpiceJet,BOM,BLR,BOM-BLR,0.127,2026-09-07,T+7,Economy,6070.0,1140.0,610.0,300.0,8120.0,INR,Available,False
2026-08-31T10:30:00,2026-08-31,OTA Aggregator,SpiceJet,BOM,BLR,BOM-BLR,0.127,2026-09-15,T+15,Economy,4960.0,1040.0,530.0,300.0,6830.0,INR,Available,False
2026-08-31T10:30:00,2026-08-31,OTA Aggregator,SpiceJet,BOM,BLR,BOM-BLR,0.127,2026-09-30,T+30,Economy,4380.0,840.0,460.0,300.0,5980.0,INR,Available,False
2026-08-31T10:30:00,2026-08-31,OTA Aggregator,SpiceJet,BOM,BLR,BOM-BLR,0.127,2026-10-15,T+45,Economy,3580.0,730.0,420.0,300.0,5030.0,INR,Available,False
2026-08-31T10:30:00,2026-08-31,Airline Direct,IndiGo,DEL,CCU,DEL-CCU,0.113,2026-09-01,T+1,Economy,7630.0,1330.0,670.0,300.0,9930.0,INR,Available,False
2026-08-31T10:30:00,2026-08-31,Airline Direct,IndiGo,DEL,CCU,DEL-CCU,0.113,2026-09-07,T+7,Economy,5820.0,1140.0,540.0,300.0,7800.0,INR,Available,False
2026-08-31T10:30:00,2026-08-31,Airline Direct,IndiGo,DEL,CCU,DEL-CCU,0.113,2026-09-15,T+15,Economy,4880.0,980.0,510.0,300.0,6670.0,INR,Available,False
2026-08-31T10:30:00,2026-08-31,Airline Direct,IndiGo,DEL,CCU,DEL-CCU,0.113,2026-09-30,T+30,Economy,4420.0,910.0,450.0,300.0,6080.0,INR,Available,False
2026-08-31T10:30:00,2026-08-31,Airline Direct,IndiGo,DEL,CCU,DEL-CCU,0.113,2026-10-15,T+45,Economy,3770.0,750.0,410.0,300.0,5230.0,INR,Available,False
2026-08-31T10:30:00,2026-08-31,Airline Direct,Air India,DEL,CCU,DEL-CCU,0.113,2026-09-01,T+1,Economy,8160.0,1480.0,710.0,250.0,10600.0,INR,Available,False
2026-08-31T10:30:00,2026-08-31,Airline Direct,Air India,DEL,CCU,DEL-CCU,0.113,2026-09-07,T+7,Economy,6390.0,1210.0,590.0,250.0,8440.0,INR,Available,False
2026-08-31T10:30:00,2026-08-31,Airline Direct,Air India,DEL,CCU,DEL-CCU,0.113,2026-09-15,T+15,Economy,5360.0,960.0,520.0,250.0,7090.0,INR,Available,False
2026-08-31T10:30:00,2026-08-31,Airline Direct,Air India,DEL,CCU,DEL-CCU,0.113,2026-09-30,T+30,Economy,4500.0,840.0,410.0,250.0,6000.0,INR,Available,False
2026-08-31T10:30:00,2026-08-31,Airline Direct,Air India,DEL,CCU,DEL-CCU,0.113,2026-10-15,T+45,Economy,4330.0,830.0,450.0,250.0,5860.0,INR,Available,False
2026-08-31T10:30:00,2026-08-31,OTA Aggregator,Air India Express,DEL,CCU,DEL-CCU,0.113,2026-09-01,T+1,Economy,6610.0,1200.0,650.0,250.0,8710.0,INR,Available,False
2026-08-31T10:30:00,2026-08-31,OTA Aggregator,Air India Express,DEL,CCU,DEL-CCU,0.113,2026-09-07,T+7,Economy,5510.0,1060.0,540.0,250.0,7360.0,INR,Available,False
2026-08-31T10:30:00,2026-08-31,OTA Aggregator,Air India Express,DEL,CCU,DEL-CCU,0.113,2026-09-15,T+15,Economy,4760.0,940.0,470.0,250.0,6420.0,INR,Available,False
2026-08-31T10:30:00,2026-08-31,OTA Aggregator,Air India Express,DEL,CCU,DEL-CCU,0.113,2026-09-30,T+30,Economy,3980.0,820.0,440.0,250.0,5490.0,INR,Available,False
2026-08-31T10:30:00,2026-08-31,OTA Aggregator,Air India Express,DEL,CCU,DEL-CCU,0.113,2026-10-15,T+45,Economy,3340.0,740.0,350.0,250.0,4680.0,INR,Available,False
2026-08-31T10:30:00,2026-08-31,OTA Aggregator,Akasa Air,DEL,CCU,DEL-CCU,0.113,2026-09-01,T+1,Economy,6670.0,1240.0,670.0,250.0,8830.0,INR,Available,False
2026-08-31T10:30:00,2026-08-31,OTA Aggregator,Akasa Air,DEL,CCU,DEL-CCU,0.113,2026-09-07,T+7,Economy,5250.0,1040.0,560.0,250.0,7100.0,INR,Available,False
2026-08-31T10:30:00,2026-08-31,OTA Aggregator,Akasa Air,DEL,CCU,DEL-CCU,0.113,2026-09-15,T+15,Economy,4730.0,880.0,430.0,250.0,6290.0,INR,Available,False
2026-08-31T10:30:00,2026-08-31,OTA Aggregator,Akasa Air,DEL,CCU,DEL-CCU,0.113,2026-09-30,T+30,Economy,4080.0,840.0,470.0,250.0,5640.0,INR,Available,False
2026-08-31T10:30:00,2026-08-31,OTA Aggregator,Akasa Air,DEL,CCU,DEL-CCU,0.113,2026-10-15,T+45,Economy,3560.0,750.0,400.0,250.0,4960.0,INR,Available,False
2026-08-31T10:30:00,2026-08-31,OTA Aggregator,SpiceJet,DEL,CCU,DEL-CCU,0.113,2026-09-01,T+1,Economy,7170.0,1350.0,720.0,300.0,9540.0,INR,Available,False
2026-08-31T10:30:00,2026-08-31,OTA Aggregator,SpiceJet,DEL,CCU,DEL-CCU,0.113,2026-09-07,T+7,Economy,5550.0,1040.0,530.0,300.0,7420.0,INR,Available,False
2026-08-31T10:30:00,2026-08-31,OTA Aggregator,SpiceJet,DEL,CCU,DEL-CCU,0.113,2026-09-15,T+15,Economy,4870.0,940.0,450.0,300.0,6560.0,INR,Available,False
2026-08-31T10:30:00,2026-08-31,OTA Aggregator,SpiceJet,DEL,CCU,DEL-CCU,0.113,2026-09-30,T+30,Economy,4060.0,880.0,470.0,300.0,5710.0,INR,Available,False
2026-08-31T10:30:00,2026-08-31,OTA Aggregator,SpiceJet,DEL,CCU,DEL-CCU,0.113,2026-10-15,T+45,Economy,3990.0,740.0,470.0,300.0,5500.0,INR,Available,False
2026-08-31T10:30:00,2026-08-31,Airline Direct,IndiGo,BLR,HYD,BLR-HYD,0.098,2026-09-01,T+1,Economy,5770.0,1100.0,540.0,300.0,7710.0,INR,Available,False
2026-08-31T10:30:00,2026-08-31,Airline Direct,IndiGo,BLR,HYD,BLR-HYD,0.098,2026-09-07,T+7,Economy,4710.0,950.0,440.0,300.0,6400.0,INR,Available,False
2026-08-31T10:30:00,2026-08-31,Airline Direct,IndiGo,BLR,HYD,BLR-HYD,0.098,2026-09-15,T+15,Economy,3580.0,680.0,390.0,300.0,4950.0,INR,Available,False
2026-08-31T10:30:00,2026-08-31,Airline Direct,IndiGo,BLR,HYD,BLR-HYD,0.098,2026-09-30,T+30,Economy,3370.0,730.0,360.0,300.0,4760.0,INR,Available,False
2026-08-31T10:30:00,2026-08-31,Airline Direct,IndiGo,BLR,HYD,BLR-HYD,0.098,2026-10-15,T+45,Economy,2920.0,640.0,330.0,300.0,4190.0,INR,Available,False
2026-08-31T10:30:00,2026-08-31,Airline Direct,Air India,BLR,HYD,BLR-HYD,0.098,2026-09-01,T+1,Economy,6250.0,1190.0,630.0,250.0,8320.0,INR,Available,False
2026-08-31T10:30:00,2026-08-31,Airline Direct,Air India,BLR,HYD,BLR-HYD,0.098,2026-09-07,T+7,Economy,4650.0,970.0,460.0,250.0,6330.0,INR,Available,False
2026-08-31T10:30:00,2026-08-31,Airline Direct,Air India,BLR,HYD,BLR-HYD,0.098,2026-09-15,T+15,Economy,4160.0,910.0,390.0,250.0,5710.0,INR,Available,False
2026-08-31T10:30:00,2026-08-31,Airline Direct,Air India,BLR,HYD,BLR-HYD,0.098,2026-09-30,T+30,Economy,3850.0,750.0,440.0,250.0,5290.0,INR,Available,False
2026-08-31T10:30:00,2026-08-31,Airline Direct,Air India,BLR,HYD,BLR-HYD,0.098,2026-10-15,T+45,Economy,3220.0,710.0,310.0,250.0,4490.0,INR,Available,False
2026-08-31T10:30:00,2026-08-31,OTA Aggregator,Air India Express,BLR,HYD,BLR-HYD,0.098,2026-09-01,T+1,Economy,5240.0,1090.0,560.0,250.0,7140.0,INR,Available,False
2026-08-31T10:30:00,2026-08-31,OTA Aggregator,Air India Express,BLR,HYD,BLR-HYD,0.098,2026-09-07,T+7,Economy,4420.0,850.0,460.0,250.0,5980.0,INR,Available,False
2026-08-31T10:30:00,2026-08-31,OTA Aggregator,Air India Express,BLR,HYD,BLR-HYD,0.098,2026-09-15,T+15,Economy,3600.0,820.0,370.0,250.0,5040.0,INR,Available,False
2026-08-31T10:30:00,2026-08-31,OTA Aggregator,Air India Express,BLR,HYD,BLR-HYD,0.098,2026-09-30,T+30,Economy,2940.0,690.0,340.0,250.0,4220.0,INR,Available,False
2026-08-31T10:30:00,2026-08-31,OTA Aggregator,Air India Express,BLR,HYD,BLR-HYD,0.098,2026-10-15,T+45,Economy,2840.0,630.0,320.0,250.0,4040.0,INR,Available,False
2026-08-31T10:30:00,2026-08-31,OTA Aggregator,Akasa Air,BLR,HYD,BLR-HYD,0.098,2026-09-01,T+1,Economy,5370.0,1000.0,510.0,250.0,7130.0,INR,Available,False
2026-08-31T10:30:00,2026-08-31,OTA Aggregator,Akasa Air,BLR,HYD,BLR-HYD,0.098,2026-09-07,T+7,Economy,4190.0,890.0,410.0,250.0,5740.0,INR,Available,False
2026-08-31T10:30:00,2026-08-31,OTA Aggregator,Akasa Air,BLR,HYD,BLR-HYD,0.098,2026-09-15,T+15,Economy,3600.0,760.0,440.0,250.0,5050.0,INR,Available,False
2026-08-31T10:30:00,2026-08-31,OTA Aggregator,Akasa Air,BLR,HYD,BLR-HYD,0.098,2026-09-30,T+30,Economy,2980.0,650.0,330.0,250.0,4210.0,INR,Available,False
2026-08-31T10:30:00,2026-08-31,OTA Aggregator,Akasa Air,BLR,HYD,BLR-HYD,0.098,2026-10-15,T+45,Economy,2790.0,570.0,360.0,250.0,3970.0,INR,Available,False
2026-08-31T10:30:00,2026-08-31,OTA Aggregator,SpiceJet,BLR,HYD,BLR-HYD,0.098,2026-09-01,T+1,Economy,5510.0,1110.0,560.0,300.0,7480.0,INR,Available,False
2026-08-31T10:30:00,2026-08-31,OTA Aggregator,SpiceJet,BLR,HYD,BLR-HYD,0.098,2026-09-07,T+7,Economy,4280.0,790.0,410.0,300.0,5780.0,INR,Available,False
2026-08-31T10:30:00,2026-08-31,OTA Aggregator,SpiceJet,BLR,HYD,BLR-HYD,0.098,2026-09-15,T+15,Economy,3510.0,700.0,340.0,300.0,4850.0,INR,Available,False
2026-08-31T10:30:00,2026-08-31,OTA Aggregator,SpiceJet,BLR,HYD,BLR-HYD,0.098,2026-09-30,T+30,Economy,2970.0,650.0,310.0,300.0,4230.0,INR,Available,False
2026-08-31T10:30:00,2026-08-31,OTA Aggregator,SpiceJet,BLR,HYD,BLR-HYD,0.098,2026-10-15,T+45,Economy,3000.0,720.0,310.0,300.0,4330.0,INR,Available,False
2026-08-31T10:30:00,2026-08-31,Airline Direct,IndiGo,MAA,DEL,MAA-DEL,0.086,2026-09-01,T+1,Economy,8880.0,1640.0,830.0,300.0,11650.0,INR,Available,False
2026-08-31T10:30:00,2026-08-31,Airline Direct,IndiGo,MAA,DEL,MAA-DEL,0.086,2026-09-07,T+7,Economy,6800.0,1290.0,660.0,300.0,9050.0,INR,Available,False
2026-08-31T10:30:00,2026-08-31,Airline Direct,IndiGo,MAA,DEL,MAA-DEL,0.086,2026-09-15,T+15,Economy,5240.0,1040.0,480.0,300.0,7060.0,INR,Available,False
2026-08-31T10:30:00,2026-08-31,Airline Direct,IndiGo,MAA,DEL,MAA-DEL,0.086,2026-09-30,T+30,Economy,4760.0,900.0,450.0,300.0,6410.0,INR,Available,False
2026-08-31T10:30:00,2026-08-31,Airline Direct,IndiGo,MAA,DEL,MAA-DEL,0.086,2026-10-15,T+45,Economy,4220.0,800.0,420.0,300.0,5740.0,INR,Available,False
2026-08-31T10:30:00,2026-08-31,Airline Direct,Air India,MAA,DEL,MAA-DEL,0.086,2026-09-01,T+1,Economy,9060.0,1660.0,850.0,250.0,11820.0,INR,Available,False
2026-08-31T10:30:00,2026-08-31,Airline Direct,Air India,MAA,DEL,MAA-DEL,0.086,2026-09-07,T+7,Economy,7170.0,1270.0,680.0,250.0,9370.0,INR,Available,False
2026-08-31T10:30:00,2026-08-31,Airline Direct,Air India,MAA,DEL,MAA-DEL,0.086,2026-09-15,T+15,Economy,6190.0,1200.0,600.0,250.0,8240.0,INR,Available,False
2026-08-31T10:30:00,2026-08-31,Airline Direct,Air India,MAA,DEL,MAA-DEL,0.086,2026-09-30,T+30,Economy,5320.0,1080.0,490.0,250.0,7140.0,INR,Available,False
2026-08-31T10:30:00,2026-08-31,Airline Direct,Air India,MAA,DEL,MAA-DEL,0.086,2026-10-15,T+45,Economy,4740.0,950.0,520.0,250.0,6460.0,INR,Available,False
2026-08-31T10:30:00,2026-08-31,OTA Aggregator,Air India Express,MAA,DEL,MAA-DEL,0.086,2026-09-01,T+1,Economy,8170.0,1440.0,710.0,250.0,10570.0,INR,Available,False
2026-08-31T10:30:00,2026-08-31,OTA Aggregator,Air India Express,MAA,DEL,MAA-DEL,0.086,2026-09-07,T+7,Economy,6080.0,1120.0,610.0,250.0,8060.0,INR,Available,False
2026-08-31T10:30:00,2026-08-31,OTA Aggregator,Air India Express,MAA,DEL,MAA-DEL,0.086,2026-09-15,T+15,Economy,5050.0,1040.0,530.0,250.0,6870.0,INR,Available,False
2026-08-31T10:30:00,2026-08-31,OTA Aggregator,Air India Express,MAA,DEL,MAA-DEL,0.086,2026-09-30,T+30,Economy,4370.0,910.0,440.0,250.0,5970.0,INR,Available,False
2026-08-31T10:30:00,2026-08-31,OTA Aggregator,Air India Express,MAA,DEL,MAA-DEL,0.086,2026-10-15,T+45,Economy,4170.0,780.0,470.0,250.0,5670.0,INR,Available,False
2026-08-31T10:30:00,2026-08-31,OTA Aggregator,Akasa Air,MAA,DEL,MAA-DEL,0.086,2026-09-01,T+1,Economy,7770.0,1480.0,710.0,250.0,10210.0,INR,Available,False
2026-08-31T10:30:00,2026-08-31,OTA Aggregator,Akasa Air,MAA,DEL,MAA-DEL,0.086,2026-09-07,T+7,Economy,6100.0,1130.0,600.0,250.0,8080.0,INR,Available,False
2026-08-31T10:30:00,2026-08-31,OTA Aggregator,Akasa Air,MAA,DEL,MAA-DEL,0.086,2026-09-15,T+15,Economy,5280.0,1030.0,570.0,250.0,7130.0,INR,Available,False
2026-08-31T10:30:00,2026-08-31,OTA Aggregator,Akasa Air,MAA,DEL,MAA-DEL,0.086,2026-09-30,T+30,Economy,4640.0,880.0,510.0,250.0,6280.0,INR,Available,False
2026-08-31T10:30:00,2026-08-31,OTA Aggregator,Akasa Air,MAA,DEL,MAA-DEL,0.086,2026-10-15,T+45,Economy,4130.0,870.0,460.0,250.0,5710.0,INR,Available,False
2026-08-31T10:30:00,2026-08-31,OTA Aggregator,SpiceJet,MAA,DEL,MAA-DEL,0.086,2026-09-01,T+1,Economy,8490.0,1570.0,810.0,300.0,11170.0,INR,Available,False
2026-08-31T10:30:00,2026-08-31,OTA Aggregator,SpiceJet,MAA,DEL,MAA-DEL,0.086,2026-09-07,T+7,Economy,6140.0,1100.0,600.0,300.0,8140.0,INR,Available,False
2026-08-31T10:30:00,2026-08-31,OTA Aggregator,SpiceJet,MAA,DEL,MAA-DEL,0.086,2026-09-15,T+15,Economy,5340.0,1100.0,560.0,300.0,7300.0,INR,Available,False
2026-08-31T10:30:00,2026-08-31,OTA Aggregator,SpiceJet,MAA,DEL,MAA-DEL,0.086,2026-09-30,T+30,Economy,4950.0,930.0,460.0,300.0,6640.0,INR,Available,False
2026-08-31T10:30:00,2026-08-31,OTA Aggregator,SpiceJet,MAA,DEL,MAA-DEL,0.086,2026-10-15,T+45,Economy,3980.0,810.0,410.0,300.0,5500.0,INR,Available,False
2026-08-31T10:30:00,2026-08-31,Airline Direct,IndiGo,BOM,DEL,BOM-DEL,0.135,2026-09-01,T+1,Economy,9770.0,1750.0,840.0,300.0,12660.0,INR,Available,False
2026-08-31T10:30:00,2026-08-31,Airline Direct,IndiGo,BOM,DEL,BOM-DEL,0.135,2026-09-07,T+7,Economy,7380.0,1430.0,720.0,300.0,9830.0,INR,Available,False
2026-08-31T10:30:00,2026-08-31,Airline Direct,IndiGo,BOM,DEL,BOM-DEL,0.135,2026-09-15,T+15,Economy,6230.0,1170.0,600.0,300.0,8300.0,INR,Available,False
2026-08-31T10:30:00,2026-08-31,Airline Direct,IndiGo,BOM,DEL,BOM-DEL,0.135,2026-09-30,T+30,Economy,5650.0,1030.0,570.0,300.0,7550.0,INR,Available,False
2026-08-31T10:30:00,2026-08-31,Airline Direct,IndiGo,BOM,DEL,BOM-DEL,0.135,2026-10-15,T+45,Economy,5060.0,950.0,520.0,300.0,6830.0,INR,Available,False
2026-08-31T10:30:00,2026-08-31,Airline Direct,Air India,BOM,DEL,BOM-DEL,0.135,2026-09-01,T+1,Economy,10190.0,1780.0,950.0,250.0,13170.0,INR,Available,False
2026-08-31T10:30:00,2026-08-31,Airline Direct,Air India,BOM,DEL,BOM-DEL,0.135,2026-09-07,T+7,Economy,8270.0,1540.0,800.0,250.0,10860.0,INR,Available,False
2026-08-31T10:30:00,2026-08-31,Airline Direct,Air India,BOM,DEL,BOM-DEL,0.135,2026-09-15,T+15,Economy,6820.0,1190.0,620.0,250.0,8880.0,INR,Available,False
2026-08-31T10:30:00,2026-08-31,Airline Direct,Air India,BOM,DEL,BOM-DEL,0.135,2026-09-30,T+30,Economy,5880.0,1170.0,570.0,250.0,7870.0,INR,Available,False
2026-08-31T10:30:00,2026-08-31,Airline Direct,Air India,BOM,DEL,BOM-DEL,0.135,2026-10-15,T+45,Economy,5270.0,1070.0,500.0,250.0,7090.0,INR,Available,False
2026-08-31T10:30:00,2026-08-31,OTA Aggregator,Air India Express,BOM,DEL,BOM-DEL,0.135,2026-09-01,T+1,Economy,9020.0,1660.0,800.0,250.0,11730.0,INR,Available,False
2026-08-31T10:30:00,2026-08-31,OTA Aggregator,Air India Express,BOM,DEL,BOM-DEL,0.135,2026-09-07,T+7,Economy,6720.0,1320.0,650.0,250.0,8940.0,INR,Available,False
2026-08-31T10:30:00,2026-08-31,OTA Aggregator,Air India Express,BOM,DEL,BOM-DEL,0.135,2026-09-15,T+15,Economy,5720.0,1090.0,600.0,250.0,7660.0,INR,Available,False
2026-08-31T10:30:00,2026-08-31,OTA Aggregator,Air India Express,BOM,DEL,BOM-DEL,0.135,2026-09-30,T+30,Economy,5060.0,1040.0,460.0,250.0,6810.0,INR,Available,False
2026-08-31T10:30:00,2026-08-31,OTA Aggregator,Air India Express,BOM,DEL,BOM-DEL,0.135,2026-10-15,T+45,Economy,4540.0,850.0,490.0,250.0,6130.0,INR,Available,False
2026-08-31T10:30:00,2026-08-31,OTA Aggregator,Akasa Air,BOM,DEL,BOM-DEL,0.135,2026-09-01,T+1,Economy,8420.0,1500.0,790.0,250.0,10960.0,INR,Available,False
2026-08-31T10:30:00,2026-08-31,OTA Aggregator,Akasa Air,BOM,DEL,BOM-DEL,0.135,2026-09-07,T+7,Economy,7350.0,1420.0,650.0,250.0,9670.0,INR,Available,False
2026-08-31T10:30:00,2026-08-31,OTA Aggregator,Akasa Air,BOM,DEL,BOM-DEL,0.135,2026-09-15,T+15,Economy,5880.0,1150.0,540.0,250.0,7820.0,INR,Available,False
2026-08-31T10:30:00,2026-08-31,OTA Aggregator,Akasa Air,BOM,DEL,BOM-DEL,0.135,2026-09-30,T+30,Economy,5060.0,930.0,490.0,250.0,6730.0,INR,Available,False
2026-08-31T10:30:00,2026-08-31,OTA Aggregator,Akasa Air,BOM,DEL,BOM-DEL,0.135,2026-10-15,T+45,Economy,4710.0,900.0,520.0,250.0,6380.0,INR,Available,False
2026-08-31T10:30:00,2026-08-31,OTA Aggregator,SpiceJet,BOM,DEL,BOM-DEL,0.135,2026-09-01,T+1,Economy,8720.0,1540.0,780.0,300.0,11340.0,INR,Available,False
2026-08-31T10:30:00,2026-08-31,OTA Aggregator,SpiceJet,BOM,DEL,BOM-DEL,0.135,2026-09-07,T+7,Economy,7220.0,1360.0,680.0,300.0,9560.0,INR,Available,False
2026-08-31T10:30:00,2026-08-31,OTA Aggregator,SpiceJet,BOM,DEL,BOM-DEL,0.135,2026-09-15,T+15,Economy,5810.0,1030.0,540.0,300.0,7680.0,INR,Available,False
2026-08-31T10:30:00,2026-08-31,OTA Aggregator,SpiceJet,BOM,DEL,BOM-DEL,0.135,2026-09-30,T+30,Economy,5180.0,940.0,540.0,300.0,6960.0,INR,Available,False
2026-08-31T10:30:00,2026-08-31,OTA Aggregator,SpiceJet,BOM,DEL,BOM-DEL,0.135,2026-10-15,T+45,Economy,4880.0,940.0,450.0,300.0,6570.0,INR,Available,False
2026-08-31T10:30:00,2026-08-31,Airline Direct,IndiGo,HYD,DEL,HYD-DEL,0.105,2026-09-01,T+1,Economy,7030.0,1310.0,640.0,300.0,9280.0,INR,Available,False
2026-08-31T10:30:00,2026-08-31,Airline Direct,IndiGo,HYD,DEL,HYD-DEL,0.105,2026-09-07,T+7,Economy,5660.0,1110.0,530.0,300.0,7600.0,INR,Available,False
2026-08-31T10:30:00,2026-08-31,Airline Direct,IndiGo,HYD,DEL,HYD-DEL,0.105,2026-09-15,T+15,Economy,4590.0,840.0,500.0,300.0,6230.0,INR,Available,False
2026-08-31T10:30:00,2026-08-31,Airline Direct,IndiGo,HYD,DEL,HYD-DEL,0.105,2026-09-30,T+30,Economy,3960.0,810.0,460.0,300.0,5530.0,INR,Available,False
2026-08-31T10:30:00,2026-08-31,Airline Direct,IndiGo,HYD,DEL,HYD-DEL,0.105,2026-10-15,T+45,Economy,3690.0,700.0,420.0,300.0,5110.0,INR,Available,False
2026-08-31T10:30:00,2026-08-31,Airline Direct,Air India,HYD,DEL,HYD-DEL,0.105,2026-09-01,T+1,Economy,7260.0,1410.0,650.0,250.0,9570.0,INR,Available,False
2026-08-31T10:30:00,2026-08-31,Airline Direct,Air India,HYD,DEL,HYD-DEL,0.105,2026-09-07,T+7,Economy,6340.0,1140.0,650.0,250.0,8380.0,INR,Available,False
2026-08-31T10:30:00,2026-08-31,Airline Direct,Air India,HYD,DEL,HYD-DEL,0.105,2026-09-15,T+15,Economy,4970.0,980.0,520.0,250.0,6720.0,INR,Available,False
2026-08-31T10:30:00,2026-08-31,Airline Direct,Air India,HYD,DEL,HYD-DEL,0.105,2026-09-30,T+30,Economy,4720.0,970.0,520.0,250.0,6460.0,INR,Available,False
2026-08-31T10:30:00,2026-08-31,Airline Direct,Air India,HYD,DEL,HYD-DEL,0.105,2026-10-15,T+45,Economy,3830.0,810.0,400.0,250.0,5290.0,INR,Available,False
2026-08-31T10:30:00,2026-08-31,OTA Aggregator,Air India Express,HYD,DEL,HYD-DEL,0.105,2026-09-01,T+1,Economy,6460.0,1200.0,580.0,250.0,8490.0,INR,Available,False
2026-08-31T10:30:00,2026-08-31,OTA Aggregator,Air India Express,HYD,DEL,HYD-DEL,0.105,2026-09-07,T+7,Economy,5430.0,1090.0,530.0,250.0,7300.0,INR,Available,False
2026-08-31T10:30:00,2026-08-31,OTA Aggregator,Air India Express,HYD,DEL,HYD-DEL,0.105,2026-09-15,T+15,Economy,4290.0,810.0,430.0,250.0,5780.0,INR,Available,False
2026-08-31T10:30:00,2026-08-31,OTA Aggregator,Air India Express,HYD,DEL,HYD-DEL,0.105,2026-09-30,T+30,Economy,3720.0,800.0,400.0,250.0,5170.0,INR,Available,False
2026-08-31T10:30:00,2026-08-31,OTA Aggregator,Air India Express,HYD,DEL,HYD-DEL,0.105,2026-10-15,T+45,Economy,3640.0,720.0,420.0,250.0,5030.0,INR,Available,False
2026-08-31T10:30:00,2026-08-31,OTA Aggregator,Akasa Air,HYD,DEL,HYD-DEL,0.105,2026-09-01,T+1,Economy,6750.0,1190.0,640.0,250.0,8830.0,INR,Available,False
2026-08-31T10:30:00,2026-08-31,OTA Aggregator,Akasa Air,HYD,DEL,HYD-DEL,0.105,2026-09-07,T+7,Economy,5050.0,980.0,520.0,250.0,6800.0,INR,Available,False
2026-08-31T10:30:00,2026-08-31,OTA Aggregator,Akasa Air,HYD,DEL,HYD-DEL,0.105,2026-09-15,T+15,Economy,4560.0,890.0,480.0,250.0,6180.0,INR,Available,False
2026-08-31T10:30:00,2026-08-31,OTA Aggregator,Akasa Air,HYD,DEL,HYD-DEL,0.105,2026-09-30,T+30,Economy,3980.0,820.0,410.0,250.0,5460.0,INR,Available,False
2026-08-31T10:30:00,2026-08-31,OTA Aggregator,Akasa Air,HYD,DEL,HYD-DEL,0.105,2026-10-15,T+45,Economy,3620.0,710.0,430.0,250.0,5010.0,INR,Available,False
2026-08-31T10:30:00,2026-08-31,OTA Aggregator,SpiceJet,HYD,DEL,HYD-DEL,0.105,2026-09-01,T+1,Economy,8640.0,1530.0,770.0,300.0,11240.0,INR,Available,True
2026-08-31T10:30:00,2026-08-31,OTA Aggregator,SpiceJet,HYD,DEL,HYD-DEL,0.105,2026-09-07,T+7,Economy,5140.0,1050.0,540.0,300.0,7030.0,INR,Available,False
2026-08-31T10:30:00,2026-08-31,OTA Aggregator,SpiceJet,HYD,DEL,HYD-DEL,0.105,2026-09-15,T+15,Economy,4580.0,930.0,460.0,300.0,6270.0,INR,Available,False
2026-08-31T10:30:00,2026-08-31,OTA Aggregator,SpiceJet,HYD,DEL,HYD-DEL,0.105,2026-09-30,T+30,Economy,4200.0,860.0,440.0,300.0,5800.0,INR,Available,False
2026-08-31T10:30:00,2026-08-31,OTA Aggregator,SpiceJet,HYD,DEL,HYD-DEL,0.105,2026-10-15,T+45,Economy,3620.0,730.0,390.0,300.0,5040.0,INR,Available,False
2026-09-01T10:30:00,2026-09-01,Airline Direct,IndiGo,DEL,BOM,DEL-BOM,0.182,2026-09-02,T+1,Economy,9910.0,1830.0,940.0,250.0,12930.0,INR,Available,False
2026-09-01T10:30:00,2026-09-01,Airline Direct,IndiGo,DEL,BOM,DEL-BOM,0.182,2026-09-08,T+7,Economy,7530.0,1390.0,710.0,250.0,9880.0,INR,Available,False
2026-09-01T10:30:00,2026-09-01,Airline Direct,IndiGo,DEL,BOM,DEL-BOM,0.182,2026-09-16,T+15,Economy,6700.0,1180.0,610.0,250.0,8740.0,INR,Available,False
2026-09-01T10:30:00,2026-09-01,Airline Direct,IndiGo,DEL,BOM,DEL-BOM,0.182,2026-10-01,T+30,Economy,5520.0,1080.0,520.0,250.0,7370.0,INR,Available,False
2026-09-01T10:30:00,2026-09-01,Airline Direct,IndiGo,DEL,BOM,DEL-BOM,0.182,2026-10-16,T+45,Economy,5180.0,940.0,490.0,250.0,6860.0,INR,Available,False
2026-09-01T10:30:00,2026-09-01,Airline Direct,Air India,DEL,BOM,DEL-BOM,0.182,2026-09-02,T+1,Economy,10720.0,1930.0,940.0,300.0,13890.0,INR,Available,False
2026-09-01T10:30:00,2026-09-01,Airline Direct,Air India,DEL,BOM,DEL-BOM,0.182,2026-09-08,T+7,Economy,8180.0,1480.0,770.0,300.0,10730.0,INR,Available,False
2026-09-01T10:30:00,2026-09-01,Airline Direct,Air India,DEL,BOM,DEL-BOM,0.182,2026-09-16,T+15,Economy,7200.0,1350.0,690.0,300.0,9540.0,INR,Available,False
2026-09-01T10:30:00,2026-09-01,Airline Direct,Air India,DEL,BOM,DEL-BOM,0.182,2026-10-01,T+30,Economy,6390.0,1130.0,570.0,300.0,8390.0,INR,Available,False
2026-09-01T10:30:00,2026-09-01,Airline Direct,Air India,DEL,BOM,DEL-BOM,0.182,2026-10-16,T+45,Economy,5670.0,1040.0,570.0,300.0,7580.0,INR,Available,False
2026-09-01T10:30:00,2026-09-01,OTA Aggregator,Air India Express,DEL,BOM,DEL-BOM,0.182,2026-09-02,T+1,Economy,8940.0,1620.0,790.0,300.0,11650.0,INR,Available,False
2026-09-01T10:30:00,2026-09-01,OTA Aggregator,Air India Express,DEL,BOM,DEL-BOM,0.182,2026-09-08,T+7,Economy,6940.0,1260.0,670.0,300.0,9170.0,INR,Available,False
2026-09-01T10:30:00,2026-09-01,OTA Aggregator,Air India Express,DEL,BOM,DEL-BOM,0.182,2026-09-16,T+15,Economy,6070.0,1190.0,570.0,300.0,8130.0,INR,Available,False
2026-09-01T10:30:00,2026-09-01,OTA Aggregator,Air India Express,DEL,BOM,DEL-BOM,0.182,2026-10-01,T+30,Economy,5320.0,990.0,520.0,300.0,7130.0,INR,Available,False
2026-09-01T10:30:00,2026-09-01,OTA Aggregator,Air India Express,DEL,BOM,DEL-BOM,0.182,2026-10-16,T+45,Economy,4800.0,1000.0,530.0,300.0,6630.0,INR,Available,False
2026-09-01T10:30:00,2026-09-01,OTA Aggregator,Akasa Air,DEL,BOM,DEL-BOM,0.182,2026-09-02,T+1,Economy,9840.0,1680.0,850.0,300.0,12670.0,INR,Available,False
2026-09-01T10:30:00,2026-09-01,OTA Aggregator,Akasa Air,DEL,BOM,DEL-BOM,0.182,2026-09-08,T+7,Economy,7000.0,1350.0,610.0,300.0,9260.0,INR,Available,False
2026-09-01T10:30:00,2026-09-01,OTA Aggregator,Akasa Air,DEL,BOM,DEL-BOM,0.182,2026-09-16,T+15,Economy,6100.0,1120.0,560.0,300.0,8080.0,INR,Available,False
2026-09-01T10:30:00,2026-09-01,OTA Aggregator,Akasa Air,DEL,BOM,DEL-BOM,0.182,2026-10-01,T+30,Economy,5400.0,1100.0,580.0,300.0,7380.0,INR,Available,False
2026-09-01T10:30:00,2026-09-01,OTA Aggregator,Akasa Air,DEL,BOM,DEL-BOM,0.182,2026-10-16,T+45,Economy,5020.0,980.0,480.0,300.0,6780.0,INR,Available,False
2026-09-01T10:30:00,2026-09-01,OTA Aggregator,SpiceJet,DEL,BOM,DEL-BOM,0.182,2026-09-02,T+1,Economy,9390.0,1610.0,810.0,250.0,12060.0,INR,Available,False
2026-09-01T10:30:00,2026-09-01,OTA Aggregator,SpiceJet,DEL,BOM,DEL-BOM,0.182,2026-09-08,T+7,Economy,7230.0,1350.0,690.0,250.0,9520.0,INR,Available,False
2026-09-01T10:30:00,2026-09-01,OTA Aggregator,SpiceJet,DEL,BOM,DEL-BOM,0.182,2026-09-16,T+15,Economy,6050.0,1190.0,590.0,250.0,8080.0,INR,Available,False
2026-09-01T10:30:00,2026-09-01,OTA Aggregator,SpiceJet,DEL,BOM,DEL-BOM,0.182,2026-10-01,T+30,Economy,5760.0,1040.0,590.0,250.0,7640.0,INR,Available,False
2026-09-01T10:30:00,2026-09-01,OTA Aggregator,SpiceJet,DEL,BOM,DEL-BOM,0.182,2026-10-16,T+45,Economy,4990.0,920.0,540.0,250.0,6700.0,INR,Available,False
2026-09-01T10:30:00,2026-09-01,Airline Direct,IndiGo,DEL,BLR,DEL-BLR,0.154,2026-09-02,T+1,Economy,8620.0,1600.0,810.0,250.0,11280.0,INR,Available,False
2026-09-01T10:30:00,2026-09-01,Airline Direct,IndiGo,DEL,BLR,DEL-BLR,0.154,2026-09-08,T+7,Economy,6950.0,1250.0,610.0,250.0,9060.0,INR,Available,False
2026-09-01T10:30:00,2026-09-01,Airline Direct,IndiGo,DEL,BLR,DEL-BLR,0.154,2026-09-16,T+15,Economy,6280.0,1140.0,590.0,250.0,8260.0,INR,Available,False
2026-09-01T10:30:00,2026-09-01,Airline Direct,IndiGo,DEL,BLR,DEL-BLR,0.154,2026-10-01,T+30,Economy,5310.0,1060.0,520.0,250.0,7140.0,INR,Available,False
2026-09-01T10:30:00,2026-09-01,Airline Direct,IndiGo,DEL,BLR,DEL-BLR,0.154,2026-10-16,T+45,Economy,5140.0,1040.0,560.0,250.0,6990.0,INR,Available,False
2026-09-01T10:30:00,2026-09-01,Airline Direct,Air India,DEL,BLR,DEL-BLR,0.154,2026-09-02,T+1,Economy,10380.0,1880.0,950.0,300.0,13510.0,INR,Available,False
2026-09-01T10:30:00,2026-09-01,Airline Direct,Air India,DEL,BLR,DEL-BLR,0.154,2026-09-08,T+7,Economy,7750.0,1400.0,690.0,300.0,10140.0,INR,Available,False
2026-09-01T10:30:00,2026-09-01,Airline Direct,Air India,DEL,BLR,DEL-BLR,0.154,2026-09-16,T+15,Economy,6710.0,1320.0,660.0,300.0,8990.0,INR,Available,False
2026-09-01T10:30:00,2026-09-01,Airline Direct,Air India,DEL,BLR,DEL-BLR,0.154,2026-10-01,T+30,Economy,5660.0,1050.0,590.0,300.0,7600.0,INR,Available,False
2026-09-01T10:30:00,2026-09-01,Airline Direct,Air India,DEL,BLR,DEL-BLR,0.154,2026-10-16,T+45,Economy,5210.0,940.0,480.0,300.0,6930.0,INR,Available,False
2026-09-01T10:30:00,2026-09-01,OTA Aggregator,Air India Express,DEL,BLR,DEL-BLR,0.154,2026-09-02,T+1,Economy,8960.0,1660.0,800.0,300.0,11720.0,INR,Available,False
2026-09-01T10:30:00,2026-09-01,OTA Aggregator,Air India Express,DEL,BLR,DEL-BLR,0.154,2026-09-08,T+7,Economy,6910.0,1350.0,680.0,300.0,9240.0,INR,Available,False
2026-09-01T10:30:00,2026-09-01,OTA Aggregator,Air India Express,DEL,BLR,DEL-BLR,0.154,2026-09-16,T+15,Economy,5570.0,1080.0,520.0,300.0,7470.0,INR,Available,False
2026-09-01T10:30:00,2026-09-01,OTA Aggregator,Air India Express,DEL,BLR,DEL-BLR,0.154,2026-10-01,T+30,Economy,4680.0,970.0,460.0,300.0,6410.0,INR,Available,False
2026-09-01T10:30:00,2026-09-01,OTA Aggregator,Air India Express,DEL,BLR,DEL-BLR,0.154,2026-10-16,T+45,Economy,4580.0,960.0,450.0,300.0,6290.0,INR,Available,False
2026-09-01T10:30:00,2026-09-01,OTA Aggregator,Akasa Air,DEL,BLR,DEL-BLR,0.154,2026-09-02,T+1,Economy,8700.0,1580.0,750.0,300.0,11330.0,INR,Available,False
2026-09-01T10:30:00,2026-09-01,OTA Aggregator,Akasa Air,DEL,BLR,DEL-BLR,0.154,2026-09-08,T+7,Economy,7080.0,1380.0,670.0,300.0,9430.0,INR,Available,False
2026-09-01T10:30:00,2026-09-01,OTA Aggregator,Akasa Air,DEL,BLR,DEL-BLR,0.154,2026-09-16,T+15,Economy,6080.0,1200.0,590.0,300.0,8170.0,INR,Available,False
2026-09-01T10:30:00,2026-09-01,OTA Aggregator,Akasa Air,DEL,BLR,DEL-BLR,0.154,2026-10-01,T+30,Economy,5070.0,1050.0,460.0,300.0,6880.0,INR,Available,False
2026-09-01T10:30:00,2026-09-01,OTA Aggregator,Akasa Air,DEL,BLR,DEL-BLR,0.154,2026-10-16,T+45,Economy,4700.0,910.0,470.0,300.0,6380.0,INR,Available,False
2026-09-01T10:30:00,2026-09-01,OTA Aggregator,SpiceJet,DEL,BLR,DEL-BLR,0.154,2026-09-02,T+1,Economy,8760.0,1560.0,830.0,250.0,11400.0,INR,Available,False
2026-09-01T10:30:00,2026-09-01,OTA Aggregator,SpiceJet,DEL,BLR,DEL-BLR,0.154,2026-09-08,T+7,Economy,6810.0,1230.0,630.0,250.0,8920.0,INR,Available,False
2026-09-01T10:30:00,2026-09-01,OTA Aggregator,SpiceJet,DEL,BLR,DEL-BLR,0.154,2026-09-16,T+15,Economy,6130.0,1210.0,540.0,250.0,8130.0,INR,Available,False
2026-09-01T10:30:00,2026-09-01,OTA Aggregator,SpiceJet,DEL,BLR,DEL-BLR,0.154,2026-10-01,T+30,Economy,5220.0,1030.0,490.0,250.0,6990.0,INR,Available,False
2026-09-01T10:30:00,2026-09-01,OTA Aggregator,SpiceJet,DEL,BLR,DEL-BLR,0.154,2026-10-16,T+45,Economy,4730.0,890.0,510.0,250.0,6380.0,INR,Available,False
2026-09-01T10:30:00,2026-09-01,Airline Direct,IndiGo,BOM,BLR,BOM-BLR,0.127,2026-09-02,T+1,Economy,7910.0,1490.0,760.0,250.0,10410.0,INR,Available,False
2026-09-01T10:30:00,2026-09-01,Airline Direct,IndiGo,BOM,BLR,BOM-BLR,0.127,2026-09-08,T+7,Economy,6270.0,1230.0,600.0,250.0,8350.0,INR,Available,False
2026-09-01T10:30:00,2026-09-01,Airline Direct,IndiGo,BOM,BLR,BOM-BLR,0.127,2026-09-16,T+15,Economy,5200.0,960.0,540.0,250.0,6950.0,INR,Available,False
2026-09-01T10:30:00,2026-09-01,Airline Direct,IndiGo,BOM,BLR,BOM-BLR,0.127,2026-10-01,T+30,Economy,4660.0,930.0,510.0,250.0,6350.0,INR,Available,False
2026-09-01T10:30:00,2026-09-01,Airline Direct,IndiGo,BOM,BLR,BOM-BLR,0.127,2026-10-16,T+45,Economy,4340.0,800.0,460.0,250.0,5850.0,INR,Available,False
2026-09-01T10:30:00,2026-09-01,Airline Direct,Air India,BOM,BLR,BOM-BLR,0.127,2026-09-02,T+1,Economy,8240.0,1470.0,730.0,300.0,10740.0,INR,Available,False
2026-09-01T10:30:00,2026-09-01,Airline Direct,Air India,BOM,BLR,BOM-BLR,0.127,2026-09-08,T+7,Economy,6950.0,1260.0,630.0,300.0,9140.0,INR,Available,False
2026-09-01T10:30:00,2026-09-01,Airline Direct,Air India,BOM,BLR,BOM-BLR,0.127,2026-09-16,T+15,Economy,5700.0,1050.0,600.0,300.0,7650.0,INR,Available,False
2026-09-01T10:30:00,2026-09-01,Airline Direct,Air India,BOM,BLR,BOM-BLR,0.127,2026-10-01,T+30,Economy,5050.0,930.0,550.0,300.0,6830.0,INR,Available,False
2026-09-01T10:30:00,2026-09-01,Airline Direct,Air India,BOM,BLR,BOM-BLR,0.127,2026-10-16,T+45,Economy,4690.0,940.0,480.0,300.0,6410.0,INR,Available,False
2026-09-01T10:30:00,2026-09-01,OTA Aggregator,Air India Express,BOM,BLR,BOM-BLR,0.127,2026-09-02,T+1,Economy,7560.0,1350.0,670.0,300.0,9880.0,INR,Available,False
2026-09-01T10:30:00,2026-09-01,OTA Aggregator,Air India Express,BOM,BLR,BOM-BLR,0.127,2026-09-08,T+7,Economy,5620.0,1110.0,560.0,300.0,7590.0,INR,Available,False
2026-09-01T10:30:00,2026-09-01,OTA Aggregator,Air India Express,BOM,BLR,BOM-BLR,0.127,2026-09-16,T+15,Economy,4610.0,940.0,500.0,300.0,6350.0,INR,Available,False
2026-09-01T10:30:00,2026-09-01,OTA Aggregator,Air India Express,BOM,BLR,BOM-BLR,0.127,2026-10-01,T+30,Economy,4280.0,840.0,470.0,300.0,5890.0,INR,Available,False
2026-09-01T10:30:00,2026-09-01,OTA Aggregator,Air India Express,BOM,BLR,BOM-BLR,0.127,2026-10-16,T+45,Economy,4030.0,750.0,430.0,300.0,5510.0,INR,Available,False
2026-09-01T10:30:00,2026-09-01,OTA Aggregator,Akasa Air,BOM,BLR,BOM-BLR,0.127,2026-09-02,T+1,Economy,7320.0,1420.0,660.0,300.0,9700.0,INR,Available,False
2026-09-01T10:30:00,2026-09-01,OTA Aggregator,Akasa Air,BOM,BLR,BOM-BLR,0.127,2026-09-08,T+7,Economy,5650.0,1140.0,560.0,300.0,7650.0,INR,Available,False
2026-09-01T10:30:00,2026-09-01,OTA Aggregator,Akasa Air,BOM,BLR,BOM-BLR,0.127,2026-09-16,T+15,Economy,4920.0,940.0,450.0,300.0,6610.0,INR,Available,False
2026-09-01T10:30:00,2026-09-01,OTA Aggregator,Akasa Air,BOM,BLR,BOM-BLR,0.127,2026-10-01,T+30,Economy,4300.0,830.0,430.0,300.0,5860.0,INR,Available,False
2026-09-01T10:30:00,2026-09-01,OTA Aggregator,Akasa Air,BOM,BLR,BOM-BLR,0.127,2026-10-16,T+45,Economy,4040.0,790.0,430.0,300.0,5560.0,INR,Available,False
2026-09-01T10:30:00,2026-09-01,OTA Aggregator,SpiceJet,BOM,BLR,BOM-BLR,0.127,2026-09-02,T+1,Economy,8020.0,1420.0,790.0,250.0,10480.0,INR,Available,False
2026-09-01T10:30:00,2026-09-01,OTA Aggregator,SpiceJet,BOM,BLR,BOM-BLR,0.127,2026-09-08,T+7,Economy,5890.0,1090.0,550.0,250.0,7780.0,INR,Available,False
2026-09-01T10:30:00,2026-09-01,OTA Aggregator,SpiceJet,BOM,BLR,BOM-BLR,0.127,2026-09-16,T+15,Economy,5020.0,960.0,460.0,250.0,6690.0,INR,Available,False
2026-09-01T10:30:00,2026-09-01,OTA Aggregator,SpiceJet,BOM,BLR,BOM-BLR,0.127,2026-10-01,T+30,Economy,4380.0,860.0,480.0,250.0,5970.0,INR,Available,False
2026-09-01T10:30:00,2026-09-01,OTA Aggregator,SpiceJet,BOM,BLR,BOM-BLR,0.127,2026-10-16,T+45,Economy,3760.0,790.0,410.0,250.0,5210.0,INR,Available,False
2026-09-01T10:30:00,2026-09-01,Airline Direct,IndiGo,DEL,CCU,DEL-CCU,0.113,2026-09-02,T+1,Economy,7130.0,1290.0,700.0,250.0,9370.0,INR,Available,False
2026-09-01T10:30:00,2026-09-01,Airline Direct,IndiGo,DEL,CCU,DEL-CCU,0.113,2026-09-08,T+7,Economy,5490.0,1020.0,530.0,250.0,7290.0,INR,Available,False
2026-09-01T10:30:00,2026-09-01,Airline Direct,IndiGo,DEL,CCU,DEL-CCU,0.113,2026-09-16,T+15,Economy,5090.0,1010.0,480.0,250.0,6830.0,INR,Available,False
2026-09-01T10:30:00,2026-09-01,Airline Direct,IndiGo,DEL,CCU,DEL-CCU,0.113,2026-10-01,T+30,Economy,4360.0,940.0,400.0,250.0,5950.0,INR,Available,False
2026-09-01T10:30:00,2026-09-01,Airline Direct,IndiGo,DEL,CCU,DEL-CCU,0.113,2026-10-16,T+45,Economy,4100.0,810.0,380.0,250.0,5540.0,INR,Available,False
2026-09-01T10:30:00,2026-09-01,Airline Direct,Air India,DEL,CCU,DEL-CCU,0.113,2026-09-02,T+1,Economy,10490.0,1840.0,900.0,300.0,13530.0,INR,Available,True
2026-09-01T10:30:00,2026-09-01,Airline Direct,Air India,DEL,CCU,DEL-CCU,0.113,2026-09-08,T+7,Economy,6230.0,1160.0,630.0,300.0,8320.0,INR,Available,False
2026-09-01T10:30:00,2026-09-01,Airline Direct,Air India,DEL,CCU,DEL-CCU,0.113,2026-09-16,T+15,Economy,5650.0,1060.0,600.0,300.0,7610.0,INR,Available,False
2026-09-01T10:30:00,2026-09-01,Airline Direct,Air India,DEL,CCU,DEL-CCU,0.113,2026-10-01,T+30,Economy,4800.0,970.0,480.0,300.0,6550.0,INR,Available,False
2026-09-01T10:30:00,2026-09-01,Airline Direct,Air India,DEL,CCU,DEL-CCU,0.113,2026-10-16,T+45,Economy,4430.0,900.0,480.0,300.0,6110.0,INR,Available,False
2026-09-01T10:30:00,2026-09-01,OTA Aggregator,Air India Express,DEL,CCU,DEL-CCU,0.113,2026-09-02,T+1,Economy,6950.0,1250.0,680.0,300.0,9180.0,INR,Available,False
2026-09-01T10:30:00,2026-09-01,OTA Aggregator,Air India Express,DEL,CCU,DEL-CCU,0.113,2026-09-08,T+7,Economy,5390.0,1060.0,500.0,300.0,7250.0,INR,Available,False
2026-09-01T10:30:00,2026-09-01,OTA Aggregator,Air India Express,DEL,CCU,DEL-CCU,0.113,2026-09-16,T+15,Economy,4990.0,1020.0,540.0,300.0,6850.0,INR,Available,False
2026-09-01T10:30:00,2026-09-01,OTA Aggregator,Air India Express,DEL,CCU,DEL-CCU,0.113,2026-10-01,T+30,Economy,3950.0,790.0,450.0,300.0,5490.0,INR,Available,False
2026-09-01T10:30:00,2026-09-01,OTA Aggregator,Air India Express,DEL,CCU,DEL-CCU,0.113,2026-10-16,T+45,Economy,3760.0,790.0,410.0,300.0,5260.0,INR,Available,False
2026-09-01T10:30:00,2026-09-01,OTA Aggregator,Akasa Air,DEL,CCU,DEL-CCU,0.113,2026-09-02,T+1,Economy,7150.0,1250.0,630.0,300.0,9330.0,INR,Available,False
2026-09-01T10:30:00,2026-09-01,OTA Aggregator,Akasa Air,DEL,CCU,DEL-CCU,0.113,2026-09-08,T+7,Economy,5660.0,1010.0,590.0,300.0,7560.0,INR,Available,False
2026-09-01T10:30:00,2026-09-01,OTA Aggregator,Akasa Air,DEL,CCU,DEL-CCU,0.113,2026-09-16,T+15,Economy,4550.0,950.0,470.0,300.0,6270.0,INR,Available,False
2026-09-01T10:30:00,2026-09-01,OTA Aggregator,Akasa Air,DEL,CCU,DEL-CCU,0.113,2026-10-01,T+30,Economy,3730.0,790.0,380.0,300.0,5200.0,INR,Available,False
2026-09-01T10:30:00,2026-09-01,OTA Aggregator,Akasa Air,DEL,CCU,DEL-CCU,0.113,2026-10-16,T+45,Economy,3710.0,700.0,370.0,300.0,5080.0,INR,Available,False
2026-09-01T10:30:00,2026-09-01,OTA Aggregator,SpiceJet,DEL,CCU,DEL-CCU,0.113,2026-09-02,T+1,Economy,7370.0,1320.0,710.0,250.0,9650.0,INR,Available,False
2026-09-01T10:30:00,2026-09-01,OTA Aggregator,SpiceJet,DEL,CCU,DEL-CCU,0.113,2026-09-08,T+7,Economy,5760.0,1040.0,530.0,250.0,7580.0,INR,Available,False
2026-09-01T10:30:00,2026-09-01,OTA Aggregator,SpiceJet,DEL,CCU,DEL-CCU,0.113,2026-09-16,T+15,Economy,4610.0,910.0,510.0,250.0,6280.0,INR,Available,False
2026-09-01T10:30:00,2026-09-01,OTA Aggregator,SpiceJet,DEL,CCU,DEL-CCU,0.113,2026-10-01,T+30,Economy,4360.0,890.0,460.0,250.0,5960.0,INR,Available,False
2026-09-01T10:30:00,2026-09-01,OTA Aggregator,SpiceJet,DEL,CCU,DEL-CCU,0.113,2026-10-16,T+45,Economy,3980.0,760.0,420.0,250.0,5410.0,INR,Available,False
2026-09-01T10:30:00,2026-09-01,Airline Direct,IndiGo,BLR,HYD,BLR-HYD,0.098,2026-09-02,T+1,Economy,5540.0,1010.0,530.0,250.0,7330.0,INR,Available,False
2026-09-01T10:30:00,2026-09-01,Airline Direct,IndiGo,BLR,HYD,BLR-HYD,0.098,2026-09-08,T+7,Economy,4110.0,770.0,480.0,250.0,5610.0,INR,Available,False
2026-09-01T10:30:00,2026-09-01,Airline Direct,IndiGo,BLR,HYD,BLR-HYD,0.098,2026-09-16,T+15,Economy,3740.0,830.0,400.0,250.0,5220.0,INR,Available,False
2026-09-01T10:30:00,2026-09-01,Airline Direct,IndiGo,BLR,HYD,BLR-HYD,0.098,2026-10-01,T+30,Economy,3230.0,640.0,350.0,250.0,4470.0,INR,Available,False
2026-09-01T10:30:00,2026-09-01,Airline Direct,IndiGo,BLR,HYD,BLR-HYD,0.098,2026-10-16,T+45,Economy,3000.0,590.0,330.0,250.0,4170.0,INR,Available,False
2026-09-01T10:30:00,2026-09-01,Airline Direct,Air India,BLR,HYD,BLR-HYD,0.098,2026-09-02,T+1,Economy,6160.0,1170.0,600.0,300.0,8230.0,INR,Available,False
2026-09-01T10:30:00,2026-09-01,Airline Direct,Air India,BLR,HYD,BLR-HYD,0.098,2026-09-08,T+7,Economy,4700.0,980.0,430.0,300.0,6410.0,INR,Available,False
2026-09-01T10:30:00,2026-09-01,Airline Direct,Air India,BLR,HYD,BLR-HYD,0.098,2026-09-16,T+15,Economy,3920.0,860.0,410.0,300.0,5490.0,INR,Available,False
2026-09-01T10:30:00,2026-09-01,Airline Direct,Air India,BLR,HYD,BLR-HYD,0.098,2026-10-01,T+30,Economy,3490.0,710.0,400.0,300.0,4900.0,INR,Available,False
2026-09-01T10:30:00,2026-09-01,Airline Direct,Air India,BLR,HYD,BLR-HYD,0.098,2026-10-16,T+45,Economy,3370.0,760.0,340.0,300.0,4770.0,INR,Available,False
2026-09-01T10:30:00,2026-09-01,OTA Aggregator,Air India Express,BLR,HYD,BLR-HYD,0.098,2026-09-02,T+1,Economy,5320.0,1100.0,520.0,300.0,7240.0,INR,Available,False
2026-09-01T10:30:00,2026-09-01,OTA Aggregator,Air India Express,BLR,HYD,BLR-HYD,0.098,2026-09-08,T+7,Economy,3990.0,740.0,430.0,300.0,5460.0,INR,Available,False
2026-09-01T10:30:00,2026-09-01,OTA Aggregator,Air India Express,BLR,HYD,BLR-HYD,0.098,2026-09-16,T+15,Economy,3410.0,720.0,330.0,300.0,4760.0,INR,Available,False
2026-09-01T10:30:00,2026-09-01,OTA Aggregator,Air India Express,BLR,HYD,BLR-HYD,0.098,2026-10-01,T+30,Economy,2840.0,630.0,320.0,300.0,4090.0,INR,Available,False
2026-09-01T10:30:00,2026-09-01,OTA Aggregator,Air India Express,BLR,HYD,BLR-HYD,0.098,2026-10-16,T+45,Economy,2870.0,590.0,300.0,300.0,4060.0,INR,Available,False
2026-09-01T10:30:00,2026-09-01,OTA Aggregator,Akasa Air,BLR,HYD,BLR-HYD,0.098,2026-09-02,T+1,Economy,5660.0,1030.0,570.0,300.0,7560.0,INR,Available,False
2026-09-01T10:30:00,2026-09-01,OTA Aggregator,Akasa Air,BLR,HYD,BLR-HYD,0.098,2026-09-08,T+7,Economy,3960.0,780.0,460.0,300.0,5500.0,INR,Available,False
2026-09-01T10:30:00,2026-09-01,OTA Aggregator,Akasa Air,BLR,HYD,BLR-HYD,0.098,2026-09-16,T+15,Economy,3770.0,850.0,400.0,300.0,5320.0,INR,Available,False
2026-09-01T10:30:00,2026-09-01,OTA Aggregator,Akasa Air,BLR,HYD,BLR-HYD,0.098,2026-10-01,T+30,Economy,3200.0,630.0,380.0,300.0,4510.0,INR,Available,False
2026-09-01T10:30:00,2026-09-01,OTA Aggregator,Akasa Air,BLR,HYD,BLR-HYD,0.098,2026-10-16,T+45,Economy,2770.0,670.0,280.0,300.0,4020.0,INR,Available,False
2026-09-01T10:30:00,2026-09-01,OTA Aggregator,SpiceJet,BLR,HYD,BLR-HYD,0.098,2026-09-02,T+1,Economy,5520.0,1070.0,530.0,250.0,7370.0,INR,Available,False
2026-09-01T10:30:00,2026-09-01,OTA Aggregator,SpiceJet,BLR,HYD,BLR-HYD,0.098,2026-09-08,T+7,Economy,4370.0,830.0,440.0,250.0,5890.0,INR,Available,False
2026-09-01T10:30:00,2026-09-01,OTA Aggregator,SpiceJet,BLR,HYD,BLR-HYD,0.098,2026-09-16,T+15,Economy,3560.0,720.0,340.0,250.0,4870.0,INR,Available,False
2026-09-01T10:30:00,2026-09-01,OTA Aggregator,SpiceJet,BLR,HYD,BLR-HYD,0.098,2026-10-01,T+30,Economy,3180.0,720.0,370.0,250.0,4520.0,INR,Available,False
2026-09-01T10:30:00,2026-09-01,OTA Aggregator,SpiceJet,BLR,HYD,BLR-HYD,0.098,2026-10-16,T+45,Economy,2910.0,680.0,360.0,250.0,4200.0,INR,Available,False
2026-09-01T10:30:00,2026-09-01,Airline Direct,IndiGo,MAA,DEL,MAA-DEL,0.086,2026-09-02,T+1,Economy,10660.0,1940.0,990.0,250.0,13840.0,INR,Available,True
2026-09-01T10:30:00,2026-09-01,Airline Direct,IndiGo,MAA,DEL,MAA-DEL,0.086,2026-09-08,T+7,Economy,6470.0,1140.0,620.0,250.0,8480.0,INR,Available,False
2026-09-01T10:30:00,2026-09-01,Airline Direct,IndiGo,MAA,DEL,MAA-DEL,0.086,2026-09-16,T+15,Economy,6220.0,1160.0,620.0,250.0,8250.0,INR,Available,False
2026-09-01T10:30:00,2026-09-01,Airline Direct,IndiGo,MAA,DEL,MAA-DEL,0.086,2026-10-01,T+30,Economy,5220.0,950.0,480.0,250.0,6900.0,INR,Available,False
2026-09-01T10:30:00,2026-09-01,Airline Direct,IndiGo,MAA,DEL,MAA-DEL,0.086,2026-10-16,T+45,Economy,4400.0,820.0,410.0,250.0,5880.0,INR,Available,False
2026-09-01T10:30:00,2026-09-01,Airline Direct,Air India,MAA,DEL,MAA-DEL,0.086,2026-09-02,T+1,Economy,9790.0,1750.0,900.0,300.0,12740.0,INR,Available,False
2026-09-01T10:30:00,2026-09-01,Airline Direct,Air India,MAA,DEL,MAA-DEL,0.086,2026-09-08,T+7,Economy,7240.0,1310.0,670.0,300.0,9520.0,INR,Available,False
2026-09-01T10:30:00,2026-09-01,Airline Direct,Air India,MAA,DEL,MAA-DEL,0.086,2026-09-16,T+15,Economy,6370.0,1140.0,560.0,300.0,8370.0,INR,Available,False
2026-09-01T10:30:00,2026-09-01,Airline Direct,Air India,MAA,DEL,MAA-DEL,0.086,2026-10-01,T+30,Economy,5140.0,1010.0,560.0,300.0,7010.0,INR,Available,False
2026-09-01T10:30:00,2026-09-01,Airline Direct,Air India,MAA,DEL,MAA-DEL,0.086,2026-10-16,T+45,Economy,5130.0,1020.0,510.0,300.0,6960.0,INR,Available,False
2026-09-01T10:30:00,2026-09-01,OTA Aggregator,Air India Express,MAA,DEL,MAA-DEL,0.086,2026-09-02,T+1,Economy,8080.0,1520.0,720.0,300.0,10620.0,INR,Available,False
2026-09-01T10:30:00,2026-09-01,OTA Aggregator,Air India Express,MAA,DEL,MAA-DEL,0.086,2026-09-08,T+7,Economy,5880.0,1110.0,610.0,300.0,7900.0,INR,Available,False
2026-09-01T10:30:00,2026-09-01,OTA Aggregator,Air India Express,MAA,DEL,MAA-DEL,0.086,2026-09-16,T+15,Economy,5090.0,970.0,490.0,300.0,6850.0,INR,Available,False
2026-09-01T10:30:00,2026-09-01,OTA Aggregator,Air India Express,MAA,DEL,MAA-DEL,0.086,2026-10-01,T+30,Economy,4540.0,910.0,500.0,300.0,6250.0,INR,Available,False
2026-09-01T10:30:00,2026-09-01,OTA Aggregator,Air India Express,MAA,DEL,MAA-DEL,0.086,2026-10-16,T+45,Economy,4340.0,870.0,470.0,300.0,5980.0,INR,Available,False
2026-09-01T10:30:00,2026-09-01,OTA Aggregator,Akasa Air,MAA,DEL,MAA-DEL,0.086,2026-09-02,T+1,Economy,8070.0,1540.0,780.0,300.0,10690.0,INR,Available,False
2026-09-01T10:30:00,2026-09-01,OTA Aggregator,Akasa Air,MAA,DEL,MAA-DEL,0.086,2026-09-08,T+7,Economy,5700.0,1060.0,600.0,300.0,7660.0,INR,Available,False
2026-09-01T10:30:00,2026-09-01,OTA Aggregator,Akasa Air,MAA,DEL,MAA-DEL,0.086,2026-09-16,T+15,Economy,5160.0,1030.0,460.0,300.0,6950.0,INR,Available,False
2026-09-01T10:30:00,2026-09-01,OTA Aggregator,Akasa Air,MAA,DEL,MAA-DEL,0.086,2026-10-01,T+30,Economy,4890.0,900.0,520.0,300.0,6610.0,INR,Available,False
2026-09-01T10:30:00,2026-09-01,OTA Aggregator,Akasa Air,MAA,DEL,MAA-DEL,0.086,2026-10-16,T+45,Economy,4070.0,830.0,470.0,300.0,5670.0,INR,Available,False
2026-09-01T10:30:00,2026-09-01,OTA Aggregator,SpiceJet,MAA,DEL,MAA-DEL,0.086,2026-09-02,T+1,Economy,8690.0,1550.0,760.0,250.0,11250.0,INR,Available,False
2026-09-01T10:30:00,2026-09-01,OTA Aggregator,SpiceJet,MAA,DEL,MAA-DEL,0.086,2026-09-08,T+7,Economy,6130.0,1160.0,630.0,250.0,8170.0,INR,Available,False
2026-09-01T10:30:00,2026-09-01,OTA Aggregator,SpiceJet,MAA,DEL,MAA-DEL,0.086,2026-09-16,T+15,Economy,4950.0,980.0,520.0,250.0,6700.0,INR,Available,False
2026-09-01T10:30:00,2026-09-01,OTA Aggregator,SpiceJet,MAA,DEL,MAA-DEL,0.086,2026-10-01,T+30,Economy,4680.0,990.0,520.0,250.0,6440.0,INR,Available,False
2026-09-01T10:30:00,2026-09-01,OTA Aggregator,SpiceJet,MAA,DEL,MAA-DEL,0.086,2026-10-16,T+45,Economy,4340.0,940.0,490.0,250.0,6020.0,INR,Available,False
2026-09-01T10:30:00,2026-09-01,Airline Direct,IndiGo,BOM,DEL,BOM-DEL,0.135,2026-09-02,T+1,Economy,9780.0,1750.0,850.0,250.0,12630.0,INR,Available,False
2026-09-01T10:30:00,2026-09-01,Airline Direct,IndiGo,BOM,DEL,BOM-DEL,0.135,2026-09-08,T+7,Economy,7650.0,1380.0,760.0,250.0,10040.0,INR,Available,False
2026-09-01T10:30:00,2026-09-01,Airline Direct,IndiGo,BOM,DEL,BOM-DEL,0.135,2026-09-16,T+15,Economy,6500.0,1150.0,600.0,250.0,8500.0,INR,Available,False
2026-09-01T10:30:00,2026-09-01,Airline Direct,IndiGo,BOM,DEL,BOM-DEL,0.135,2026-10-01,T+30,Economy,5410.0,1020.0,490.0,250.0,7170.0,INR,Available,False
2026-09-01T10:30:00,2026-09-01,Airline Direct,IndiGo,BOM,DEL,BOM-DEL,0.135,2026-10-16,T+45,Economy,5010.0,1030.0,460.0,250.0,6750.0,INR,Available,False
2026-09-01T10:30:00,2026-09-01,Airline Direct,Air India,BOM,DEL,BOM-DEL,0.135,2026-09-02,T+1,Economy,10270.0,1740.0,940.0,300.0,13250.0,INR,Available,False
2026-09-01T10:30:00,2026-09-01,Airline Direct,Air India,BOM,DEL,BOM-DEL,0.135,2026-09-08,T+7,Economy,8410.0,1500.0,740.0,300.0,10950.0,INR,Available,False
2026-09-01T10:30:00,2026-09-01,Airline Direct,Air India,BOM,DEL,BOM-DEL,0.135,2026-09-16,T+15,Economy,7110.0,1350.0,700.0,300.0,9460.0,INR,Available,False
2026-09-01T10:30:00,2026-09-01,Airline Direct,Air India,BOM,DEL,BOM-DEL,0.135,2026-10-01,T+30,Economy,5910.0,1080.0,540.0,300.0,7830.0,INR,Available,False
2026-09-01T10:30:00,2026-09-01,Airline Direct,Air India,BOM,DEL,BOM-DEL,0.135,2026-10-16,T+45,Economy,5230.0,1050.0,520.0,300.0,7100.0,INR,Available,False
2026-09-01T10:30:00,2026-09-01,OTA Aggregator,Air India Express,BOM,DEL,BOM-DEL,0.135,2026-09-02,T+1,Economy,8610.0,1600.0,830.0,300.0,11340.0,INR,Available,False
2026-09-01T10:30:00,2026-09-01,OTA Aggregator,Air India Express,BOM,DEL,BOM-DEL,0.135,2026-09-08,T+7,Economy,6560.0,1220.0,640.0,300.0,8720.0,INR,Available,False
2026-09-01T10:30:00,2026-09-01,OTA Aggregator,Air India Express,BOM,DEL,BOM-DEL,0.135,2026-09-16,T+15,Economy,5660.0,1070.0,560.0,300.0,7590.0,INR,Available,False
2026-09-01T10:30:00,2026-09-01,OTA Aggregator,Air India Express,BOM,DEL,BOM-DEL,0.135,2026-10-01,T+30,Economy,5010.0,940.0,540.0,300.0,6790.0,INR,Available,False
2026-09-01T10:30:00,2026-09-01,OTA Aggregator,Air India Express,BOM,DEL,BOM-DEL,0.135,2026-10-16,T+45,Economy,4580.0,850.0,460.0,300.0,6190.0,INR,Available,False
2026-09-01T10:30:00,2026-09-01,OTA Aggregator,Akasa Air,BOM,DEL,BOM-DEL,0.135,2026-09-02,T+1,Economy,10870.0,1880.0,960.0,300.0,14010.0,INR,Available,True
2026-09-01T10:30:00,2026-09-01,OTA Aggregator,Akasa Air,BOM,DEL,BOM-DEL,0.135,2026-09-08,T+7,Economy,7620.0,1360.0,710.0,300.0,9990.0,INR,Available,False
2026-09-01T10:30:00,2026-09-01,OTA Aggregator,Akasa Air,BOM,DEL,BOM-DEL,0.135,2026-09-16,T+15,Economy,5640.0,1080.0,530.0,300.0,7550.0,INR,Available,False
2026-09-01T10:30:00,2026-09-01,OTA Aggregator,Akasa Air,BOM,DEL,BOM-DEL,0.135,2026-10-01,T+30,Economy,5180.0,980.0,560.0,300.0,7020.0,INR,Available,False
2026-09-01T10:30:00,2026-09-01,OTA Aggregator,Akasa Air,BOM,DEL,BOM-DEL,0.135,2026-10-16,T+45,Economy,4950.0,1020.0,540.0,300.0,6810.0,INR,Available,False
2026-09-01T10:30:00,2026-09-01,OTA Aggregator,SpiceJet,BOM,DEL,BOM-DEL,0.135,2026-09-02,T+1,Economy,8900.0,1620.0,860.0,250.0,11630.0,INR,Available,False
2026-09-01T10:30:00,2026-09-01,OTA Aggregator,SpiceJet,BOM,DEL,BOM-DEL,0.135,2026-09-08,T+7,Economy,7470.0,1390.0,740.0,250.0,9850.0,INR,Available,False
2026-09-01T10:30:00,2026-09-01,OTA Aggregator,SpiceJet,BOM,DEL,BOM-DEL,0.135,2026-09-16,T+15,Economy,5850.0,1170.0,590.0,250.0,7860.0,INR,Available,False
2026-09-01T10:30:00,2026-09-01,OTA Aggregator,SpiceJet,BOM,DEL,BOM-DEL,0.135,2026-10-01,T+30,Economy,4950.0,1040.0,520.0,250.0,6760.0,INR,Available,False
2026-09-01T10:30:00,2026-09-01,OTA Aggregator,SpiceJet,BOM,DEL,BOM-DEL,0.135,2026-10-16,T+45,Economy,5090.0,1050.0,510.0,250.0,6900.0,INR,Available,False
2026-09-01T10:30:00,2026-09-01,Airline Direct,IndiGo,HYD,DEL,HYD-DEL,0.105,2026-09-02,T+1,Economy,6560.0,1210.0,630.0,250.0,8650.0,INR,Available,False
2026-09-01T10:30:00,2026-09-01,Airline Direct,IndiGo,HYD,DEL,HYD-DEL,0.105,2026-09-08,T+7,Economy,5600.0,1010.0,540.0,250.0,7400.0,INR,Available,False
2026-09-01T10:30:00,2026-09-01,Airline Direct,IndiGo,HYD,DEL,HYD-DEL,0.105,2026-09-16,T+15,Economy,4660.0,970.0,470.0,250.0,6350.0,INR,Available,False
2026-09-01T10:30:00,2026-09-01,Airline Direct,IndiGo,HYD,DEL,HYD-DEL,0.105,2026-10-01,T+30,Economy,4050.0,890.0,390.0,250.0,5580.0,INR,Available,False
2026-09-01T10:30:00,2026-09-01,Airline Direct,IndiGo,HYD,DEL,HYD-DEL,0.105,2026-10-16,T+45,Economy,3910.0,730.0,450.0,250.0,5340.0,INR,Available,False
2026-09-01T10:30:00,2026-09-01,Airline Direct,Air India,HYD,DEL,HYD-DEL,0.105,2026-09-02,T+1,Economy,7550.0,1380.0,750.0,300.0,9980.0,INR,Available,False
2026-09-01T10:30:00,2026-09-01,Airline Direct,Air India,HYD,DEL,HYD-DEL,0.105,2026-09-08,T+7,Economy,6150.0,1160.0,590.0,300.0,8200.0,INR,Available,False
2026-09-01T10:30:00,2026-09-01,Airline Direct,Air India,HYD,DEL,HYD-DEL,0.105,2026-09-16,T+15,Economy,4750.0,940.0,480.0,300.0,6470.0,INR,Available,False
2026-09-01T10:30:00,2026-09-01,Airline Direct,Air India,HYD,DEL,HYD-DEL,0.105,2026-10-01,T+30,Economy,4340.0,800.0,420.0,300.0,5860.0,INR,Available,False
2026-09-01T10:30:00,2026-09-01,Airline Direct,Air India,HYD,DEL,HYD-DEL,0.105,2026-10-16,T+45,Economy,4140.0,850.0,460.0,300.0,5750.0,INR,Available,False
2026-09-01T10:30:00,2026-09-01,OTA Aggregator,Air India Express,HYD,DEL,HYD-DEL,0.105,2026-09-02,T+1,Economy,6540.0,1240.0,670.0,300.0,8750.0,INR,Available,False
2026-09-01T10:30:00,2026-09-01,OTA Aggregator,Air India Express,HYD,DEL,HYD-DEL,0.105,2026-09-08,T+7,Economy,4930.0,950.0,490.0,300.0,6670.0,INR,Available,False
2026-09-01T10:30:00,2026-09-01,OTA Aggregator,Air India Express,HYD,DEL,HYD-DEL,0.105,2026-09-16,T+15,Economy,4260.0,920.0,450.0,300.0,5930.0,INR,Available,False
2026-09-01T10:30:00,2026-09-01,OTA Aggregator,Air India Express,HYD,DEL,HYD-DEL,0.105,2026-10-01,T+30,Economy,3920.0,800.0,380.0,300.0,5400.0,INR,Available,False
2026-09-01T10:30:00,2026-09-01,OTA Aggregator,Air India Express,HYD,DEL,HYD-DEL,0.105,2026-10-16,T+45,Economy,3370.0,730.0,410.0,300.0,4810.0,INR,Available,False
2026-09-01T10:30:00,2026-09-01,OTA Aggregator,Akasa Air,HYD,DEL,HYD-DEL,0.105,2026-09-02,T+1,Economy,6830.0,1210.0,640.0,300.0,8980.0,INR,Available,False
2026-09-01T10:30:00,2026-09-01,OTA Aggregator,Akasa Air,HYD,DEL,HYD-DEL,0.105,2026-09-08,T+7,Economy,5420.0,1080.0,520.0,300.0,7320.0,INR,Available,False
2026-09-01T10:30:00,2026-09-01,OTA Aggregator,Akasa Air,HYD,DEL,HYD-DEL,0.105,2026-09-16,T+15,Economy,4520.0,840.0,430.0,300.0,6090.0,INR,Available,False
2026-09-01T10:30:00,2026-09-01,OTA Aggregator,Akasa Air,HYD,DEL,HYD-DEL,0.105,2026-10-01,T+30,Economy,4010.0,760.0,430.0,300.0,5500.0,INR,Available,False
2026-09-01T10:30:00,2026-09-01,OTA Aggregator,Akasa Air,HYD,DEL,HYD-DEL,0.105,2026-10-16,T+45,Economy,3780.0,850.0,440.0,300.0,5370.0,INR,Available,False
2026-09-01T10:30:00,2026-09-01,OTA Aggregator,SpiceJet,HYD,DEL,HYD-DEL,0.105,2026-09-02,T+1,Economy,8510.0,1490.0,810.0,250.0,11060.0,INR,Available,True
2026-09-01T10:30:00,2026-09-01,OTA Aggregator,SpiceJet,HYD,DEL,HYD-DEL,0.105,2026-09-08,T+7,Economy,5180.0,1000.0,540.0,250.0,6970.0,INR,Available,False
2026-09-01T10:30:00,2026-09-01,OTA Aggregator,SpiceJet,HYD,DEL,HYD-DEL,0.105,2026-09-16,T+15,Economy,4600.0,870.0,510.0,250.0,6230.0,INR,Available,False
2026-09-01T10:30:00,2026-09-01,OTA Aggregator,SpiceJet,HYD,DEL,HYD-DEL,0.105,2026-10-01,T+30,Economy,3730.0,800.0,430.0,250.0,5210.0,INR,Available,False
2026-09-01T10:30:00,2026-09-01,OTA Aggregator,SpiceJet,HYD,DEL,HYD-DEL,0.105,2026-10-16,T+45,Economy,3750.0,840.0,390.0,250.0,5230.0,INR,Available,False
